work_year,experience_level_encoded,is_US_company,salary_in_usd
2024,2,0,130000
2025,0,0,38724
2025,1,1,138810
2025,1,1,85300
2024,2,1,149469
2024,1,1,296300
2025,1,1,170000
2025,1,1,80000
2024,1,1,122000
2024,1,1,220000
2024,1,1,107765
2025,1,1,236500
2025,3,1,156160
2024,2,1,92592
2024,2,1,253300
2025,1,1,100000
2024,2,0,220000
2024,1,1,116000
2023,1,1,102000
2025,2,1,155000
2024,2,1,197000
2024,0,0,68000
2024,2,1,303000
2022,2,1,191200
2024,1,1,83600
2025,2,1,107700
2025,0,1,170000
2023,2,0,190000
2025,2,1,117800
2023,1,1,125000
2025,2,1,124200
2025,2,0,102631
2025,1,1,139710
2024,0,1,139650
2023,2,1,178500
2024,1,1,259000
2024,2,0,268750
2024,2,0,100000
2024,3,1,160000
2025,0,0,68700
2024,1,1,144000
2025,2,1,295000
2025,1,1,201200
2025,2,1,85300
2024,1,1,108497
2025,2,1,160000
2024,0,1,60300
2023,2,1,148700
2025,2,1,136400
2024,1,1,21099
2025,1,1,299300
2025,2,1,107800
2024,1,1,161900
2024,2,1,118500
2024,2,0,268750
2025,2,1,100000
2023,2,0,102492
2025,1,1,150000
2024,1,1,67600
2025,2,1,267500
2025,1,1,67670
2024,1,1,189000
2025,1,0,82278
2024,1,1,118000
2025,1,1,385000
2025,0,1,95000
2025,2,1,79000
2024,2,1,200618
2024,1,1,173400
2022,2,1,200100
2024,1,1,214500
2024,2,1,173400
2024,2,1,175000
2025,0,1,166000
2025,2,1,112257
2024,2,1,150000
2024,2,1,103400
2025,0,1,56000
2024,0,1,156750
2024,1,1,150000
2025,1,1,200000
2025,2,1,174000
2023,3,1,314100
2024,2,0,259900
2023,2,1,79000
2024,1,0,87500
2025,2,1,74000
2025,2,1,125100
2024,1,1,177300
2023,0,0,130000
2024,2,1,142000
2024,2,1,100000
2024,2,1,158000
2024,2,1,277000
2024,2,1,295000
2024,1,1,139319
2025,2,1,171500
2024,1,1,93400
2024,2,1,166000
2025,2,1,84000
2024,1,1,140000
2025,2,1,95264
2025,0,1,62222
2025,2,0,60714
2024,2,0,120000
2025,0,1,71000
2024,1,0,43500
2025,2,0,88900
2025,2,1,110000
2024,2,1,238400
2025,0,0,16000
2025,2,0,126406
2024,2,0,150000
2025,1,1,106000
2024,2,1,250944
2025,1,1,165983
2025,2,1,98000
2023,1,1,48000
2025,1,1,130000
2024,1,1,172400
2024,1,1,137000
2025,0,0,82278
2025,1,1,154000
2025,1,0,180000
2024,2,0,45000
2024,1,1,93000
2025,2,1,242974
2024,2,1,120750
2024,3,1,292200
2025,3,1,294000
2025,2,1,306600
2024,2,1,109100
2025,1,1,130000
2024,2,1,247250
2024,2,1,211200
2023,2,1,74400
2024,2,1,202300
2023,2,1,97300
2024,0,1,149800
2025,1,0,88800
2023,1,1,143000
2024,2,1,134550
2025,2,1,137500
2024,2,1,276000
2024,0,1,70000
2025,2,1,150100
2024,0,0,46666
2024,2,1,78000
2023,2,1,102000
2023,2,1,200000
2025,1,1,136800
2025,2,1,137259
2025,1,1,52400
2024,1,1,110000
2024,1,1,185500
2024,1,1,125500
2024,2,1,322300
2024,1,1,117200
2025,2,1,115000
2022,2,1,80000
2024,1,1,96000
2025,1,1,189000
2025,1,1,189500
2024,1,0,100000
2025,2,1,352000
2025,3,1,130000
2024,0,0,40000
2024,1,0,115000
2024,1,1,140000
2025,1,0,90000
2025,1,1,147000
2025,2,1,206645
2024,1,1,213000
2023,1,1,97750
2025,1,1,117000
2024,1,1,108500
2024,0,1,102795
2025,3,1,250000
2025,1,1,98000
2024,1,1,103500
2023,2,1,137500
2025,2,1,122304
2025,2,1,96600
2024,1,1,149463
2025,1,1,197760
2023,2,1,208500
2024,1,1,140000
2025,0,0,36842
2025,2,1,245500
2023,2,1,96800
2025,3,1,139200
2024,1,0,56250
2025,0,1,86520
2024,2,1,137510
2023,1,1,220000
2025,2,1,146000
2025,1,1,119500
2023,2,1,124100
2024,2,1,85000
2024,1,1,150000
2023,1,1,110000
2024,1,1,168000
2025,2,0,94736
2024,2,1,122800
2024,3,0,160000
2024,2,1,125500
2024,3,1,97254
2024,3,1,170000
2025,1,0,45846
2024,2,1,136700
2025,3,1,175000
2025,1,1,52800
2024,1,0,117000
2025,2,1,120000
2024,2,0,56250
2025,2,1,195500
2024,2,1,196900
2024,2,1,165100
2023,1,1,125000
2024,2,1,128300
2025,2,1,267153
2025,1,1,167400
2024,0,0,144000
2024,2,1,152320
2024,2,1,127300
2024,2,1,284400
2024,1,1,101000
2025,2,1,157000
2024,1,1,66300
2025,2,1,56000
2023,0,1,76000
2024,3,1,229986
2025,0,1,70000
2024,2,1,159550
2024,0,1,47717
2025,1,1,136800
2025,0,1,41440
2024,2,1,125611
2024,2,1,163000
2025,1,1,63300
2025,2,1,216000
2025,1,1,83600
2024,2,1,264200
2024,2,1,98500
2024,0,1,65007
2024,2,1,142000
2024,1,1,106000
2024,1,0,159600
2025,0,1,91000
2025,1,1,150000
2025,2,1,355000
2024,2,0,155000
2025,2,1,128500
2024,2,1,123000
2025,1,1,120600
2024,0,1,65000
2025,2,1,170000
2023,2,1,165000
2024,2,1,167900
2025,2,0,92857
2022,1,0,35610
2025,1,1,75600
2025,2,1,160000
2024,2,1,144500
2024,2,0,60000
2024,2,0,592500
2025,1,1,85600
2024,1,1,60000
2024,2,1,78000
2024,1,0,209000
2024,1,1,95000
2025,1,0,64158
2024,2,0,30204
2024,1,1,180583
2024,3,1,267500
2025,2,1,280500
2024,2,1,154560
2024,1,1,127400
2025,0,0,56708
2023,2,0,120000
2024,2,1,148100
2022,2,1,102100
2024,2,1,224000
2024,0,0,102927
2022,2,1,144000
2024,2,0,62222
2024,1,1,140000
2025,0,1,60000
2025,2,1,130000
2024,1,1,90480
2024,2,1,160000
2024,0,1,60000
2025,2,0,73684
2023,2,1,290000
2025,2,1,223560
2023,1,1,150450
2025,2,1,110720
2024,2,1,117300
2024,2,1,152000
2024,2,1,160000
2024,2,1,250000
2024,2,0,122305
2025,1,1,91000
2024,0,0,68618
2024,1,1,150000
2025,1,0,56248
2024,3,1,90000
2024,2,1,158500
2024,1,1,138900
2025,2,1,158746
2025,1,1,130000
2024,2,1,86000
2024,2,1,157850
2024,2,1,136125
2025,0,1,32000
2024,0,0,270000
2024,1,1,245000
2025,2,1,174600
2024,1,1,116640
2025,2,1,230600
2024,2,1,98940
2023,0,1,60000
2025,2,1,215800
2025,1,0,120000
2025,0,1,84600
2022,2,1,139000
2024,1,1,260571
2024,2,1,116800
2023,1,1,102000
2025,0,1,109400
2024,0,1,203280
2025,1,1,154500
2024,2,1,149500
2024,1,1,140663
2024,2,1,114750
2024,1,1,170000
2024,2,1,152300
2023,2,0,226700
2025,3,1,198990
2024,2,1,247600
2024,0,1,170000
2023,2,1,232760
2024,1,1,67000
2024,1,1,60300
2020,1,1,118000
2024,2,1,145000
2024,1,1,223600
2024,1,1,338500
2024,1,1,399600
2024,1,1,175420
2025,0,0,21473
2023,2,1,81900
2024,1,1,312200
2023,2,1,132320
2023,2,0,140000
2024,2,1,239000
2024,1,1,185630
2024,2,1,190000
2025,1,1,42905
2025,2,1,139200
2023,2,1,143000
2024,2,1,55200
2025,2,0,65178
2024,2,1,142000
2024,2,1,157800
2025,0,0,19284
2024,1,1,529000
2024,2,1,106875
2024,1,1,178400
2025,2,1,149400
2024,2,1,155000
2024,2,0,92307
2025,2,1,166600
2025,1,1,157975
2024,2,1,80000
2024,2,0,80290
2024,0,1,96600
2025,2,1,156000
2025,1,1,108300
2025,2,1,229100
2022,1,0,61566
2025,2,1,112320
2023,2,1,190000
2024,2,1,72000
2024,2,1,129200
2024,0,1,137750
2025,2,1,134010
2025,1,0,82142
2025,1,1,211111
2024,2,1,111400
2023,2,1,132300
2023,2,1,136000
2025,2,1,180000
2025,2,1,245000
2025,2,1,123700
2024,1,1,146000
2025,2,1,217000
2024,1,1,75600
2025,1,1,151300
2024,1,0,105000
2024,1,1,175000
2025,2,1,251600
2024,2,0,240000
2024,2,1,112200
2023,1,0,95012
2024,1,1,198072
2025,2,1,126900
2024,2,1,170000
2022,2,1,166700
2023,2,1,168800
2025,1,0,67857
2025,0,1,75300
2024,2,0,119444
2023,2,1,190000
2024,1,0,75600
2025,2,1,223600
2024,2,1,247000
2024,2,1,370000
2024,2,1,124700
2025,0,1,51000
2025,2,1,120000
2024,2,1,210450
2024,1,1,130000
2025,1,1,161000
2024,1,1,389500
2024,1,1,69300
2024,2,1,105301
2025,1,1,161000
2025,3,1,167400
2025,0,0,80748
2023,2,1,110000
2025,2,1,143000
2025,1,1,130600
2023,2,1,199000
2025,1,1,260000
2024,2,1,122000
2023,2,1,145000
2024,1,1,198600
2025,1,1,131000
2024,2,1,119200
2024,2,1,250000
2024,2,1,200000
2025,0,1,85000
2024,1,1,137000
2024,0,1,87552
2025,1,1,65900
2024,1,1,165000
2024,1,1,425000
2024,0,1,174600
2025,0,1,89600
2024,2,1,178262
2024,2,1,127274
2025,1,1,92920
2023,2,1,167200
2024,1,1,220000
2024,3,1,161450
2025,0,0,73684
2024,2,1,213480
2025,1,1,61000
2025,2,1,129000
2025,1,1,91800
2025,2,1,156000
2023,1,1,115000
2023,3,1,220000
2025,2,1,216000
2024,1,1,96600
2024,1,1,137972
2025,1,1,67600
2024,1,0,56250
2025,0,0,18277
2025,2,1,120000
2025,1,0,30315
2024,2,1,218540
2023,2,1,149500
2025,1,1,61625
2024,0,1,60000
2025,2,1,135000
2025,2,1,105000
2025,1,1,106331
2024,1,1,186000
2025,2,1,96900
2025,1,1,54000
2025,1,0,54430
2024,2,0,108000
2024,2,0,142444
2025,2,1,150000
2025,2,1,163000
2024,2,1,74800
2024,2,0,51111
2024,1,0,57333
2024,2,0,246000
2024,0,1,135400
2025,0,1,79700
2023,2,1,187000
2024,1,1,95000
2024,2,1,147000
2024,1,1,105800
2025,2,1,227950
2025,2,1,185000
2025,1,0,90000
2023,2,0,417937
2025,2,1,161600
2023,2,1,215050
2024,2,0,111111
2024,2,1,178250
2024,2,1,158600
2024,1,0,117000
2025,1,1,264200
2025,2,1,175900
2025,2,1,172800
2024,2,1,175000
2025,2,1,115000
2025,1,0,60000
2024,2,0,75600
2025,2,0,260100
2024,2,0,235000
2024,1,1,120060
2024,2,0,184000
2023,1,1,125000
2024,1,1,89900
2024,2,1,282000
2025,2,1,141440
2025,2,1,147000
2024,1,0,117718
2024,2,1,157000
2024,2,1,130000
2025,2,1,278000
2025,2,1,273930
2024,2,1,268900
2024,1,0,75000
2025,2,1,53000
2022,0,0,36940
2025,2,1,174158
2024,2,1,285600
2025,0,0,22736
2023,2,1,195000
2025,2,1,206100
2024,2,1,131000
2025,1,1,45000
2025,2,1,136700
2024,2,1,162563
2024,1,1,259000
2024,1,1,80000
2025,1,1,142000
2025,2,1,129300
2025,2,0,107594
2025,2,1,338270
2025,2,1,175100
2024,1,1,138000
2024,1,1,223900
2025,1,1,175000
2023,1,1,106500
2024,1,1,72000
2024,2,1,177750
2024,2,0,106250
2025,2,1,143750
2024,2,1,174175
2024,2,1,169000
2023,0,0,77791
2025,1,1,123500
2025,2,1,84000
2024,2,1,95500
2025,1,1,184000
2024,2,0,106250
2025,0,1,73722
2024,1,1,245000
2025,2,0,265000
2023,1,1,80000
2025,2,1,265080
2024,0,0,67500
2025,2,1,200000
2024,2,1,127500
2024,2,1,165648
2023,1,1,70000
2024,2,1,215136
2023,2,1,224000
2024,1,1,60400
2023,2,1,280100
2024,1,1,77500
2024,1,1,110000
2025,1,0,140000
2024,1,1,67600
2025,2,1,143100
2023,0,0,43064
2023,2,1,220000
2024,1,1,106000
2025,2,1,274400
2024,1,1,85000
2025,2,1,162178
2024,1,1,117120
2024,1,1,225000
2024,2,1,200000
2023,2,1,170000
2023,1,1,92000
2024,0,1,116000
2024,1,1,296000
2022,2,1,100000
2025,2,0,187000
2024,1,1,80000
2025,1,1,262000
2025,1,1,227000
2024,2,1,282000
2023,0,1,47840
2025,2,1,82256
2025,2,1,264000
2023,1,1,50000
2024,1,1,139100
2024,2,1,122200
2025,2,1,161000
2024,2,1,166860
2025,2,1,142320
2025,1,0,80000
2024,0,1,89600
2025,2,1,334800
2025,2,0,80791
2025,2,1,349885
2022,1,0,92350
2024,0,1,115000
2025,2,1,116000
2024,2,1,145000
2024,2,1,185094
2024,2,0,90535
2024,1,1,325000
2023,2,1,224800
2024,1,1,208800
2021,1,1,26005
2025,1,1,123930
2024,1,1,114100
2025,2,1,139800
2025,3,1,230000
2024,1,1,113368
2025,2,1,91200
2024,1,1,83300
2024,2,1,161500
2025,1,1,212160
2024,1,1,94900
2025,1,1,67300
2024,1,0,100000
2025,2,1,165500
2025,2,1,410000
2025,0,1,120000
2022,2,1,95550
2024,2,1,152000
2025,2,1,165400
2024,2,1,111000
2025,1,1,160000
2025,2,1,239000
2024,1,1,114000
2024,0,1,72000
2025,2,1,263900
2025,0,1,101000
2024,0,0,96000
2025,0,0,53684
2024,2,1,174915
2023,1,1,86600
2025,0,1,61000
2025,0,0,90000
2024,2,1,193300
2025,2,1,175000
2025,2,1,189600
2024,2,0,100000
2024,1,1,145000
2024,2,1,100200
2024,2,1,140713
2021,1,0,22611
2022,2,1,116250
2024,0,1,140000
2025,2,0,78571
2025,1,1,129300
2024,1,1,78000
2024,2,1,166400
2024,2,1,206000
2025,0,0,158800
2025,2,1,183700
2025,1,0,60000
2025,2,1,159800
2024,2,1,139050
2024,1,1,107957
2024,2,1,85000
2023,2,1,92000
2024,1,1,112200
2024,1,1,200000
2024,2,1,260000
2025,1,1,110000
2024,1,1,146875
2025,1,1,92000
2025,2,1,123900
2025,2,1,140000
2025,1,1,136380
2024,2,0,87444
2025,0,1,110240
2024,0,1,157800
2023,1,1,95000
2024,1,0,33333
2024,2,1,215000
2025,2,1,114000
2024,0,1,56200
2024,2,1,239880
2025,1,0,182467
2023,0,1,73900
2024,0,1,59000
2024,1,1,171000
2023,2,1,104650
2025,1,0,110600
2024,2,1,153900
2024,1,1,160000
2024,2,1,204000
2020,0,0,44753
2024,1,1,59300
2024,2,0,91538
2025,2,1,321500
2023,2,1,205000
2024,1,1,80845
2024,2,0,72000
2023,2,1,120000
2025,2,1,252000
2025,2,0,110000
2025,2,1,183000
2023,2,1,370000
2024,2,0,50000
2025,1,1,100000
2025,2,1,175000
2024,1,1,243000
2025,2,1,270400
2022,2,1,152500
2024,2,1,126000
2023,2,1,175308
2025,2,1,133100
2025,1,0,75000
2025,0,1,190000
2024,2,1,165200
2025,2,1,195903
2024,0,1,232000
2023,1,1,161000
2024,0,1,60400
2023,2,1,133200
2025,2,1,76000
2025,1,1,113900
2024,0,0,100000
2025,1,0,42888
2024,1,0,173233
2024,2,0,84000
2024,2,1,78300
2025,2,1,124000
2024,2,0,43725
2024,2,1,131500
2025,2,1,168300
2024,2,1,170000
2024,1,1,135000
2024,1,1,142000
2023,2,1,195000
2024,0,1,98300
2024,2,1,175000
2025,2,1,349885
2024,0,1,220000
2025,1,1,106250
2024,1,1,250600
2024,1,1,173000
2025,2,1,110400
2023,1,0,75577
2024,2,1,139200
2024,0,1,130000
2025,1,1,54616
2025,1,1,98800
2025,0,1,85000
2024,0,0,108463
2024,2,1,360200
2025,1,1,158000
2025,2,1,147472
2023,1,1,48000
2025,3,1,144600
2025,2,1,149820
2024,2,1,188640
2024,1,1,161400
2024,1,0,120000
2024,2,1,156312
2025,0,1,95000
2024,2,1,108296
2024,2,1,362000
2025,2,1,100000
2025,2,1,148300
2024,1,1,187370
2024,2,1,243000
2024,2,1,136000
2023,2,1,231250
2024,2,1,168300
2024,1,1,96838
2024,2,1,212810
2024,1,1,72360
2024,1,0,80527
2025,2,1,105100
2024,0,1,155000
2025,2,1,220000
2024,2,1,139700
2024,2,1,133100
2024,2,1,157959
2024,2,1,293800
2024,2,1,44000
2025,2,1,179000
2024,1,0,97920
2023,2,1,136500
2023,2,1,215500
2025,2,1,366350
2025,1,1,161000
2025,2,1,154000
2024,2,1,385000
2024,1,1,133744
2024,2,1,281000
2025,2,1,440000
2023,2,1,188800
2024,1,0,112500
2024,1,1,77000
2024,2,1,151700
2025,2,1,254400
2023,0,1,58400
2025,0,1,192600
2024,2,1,227280
2024,0,0,65600
2023,0,1,109900
2024,1,1,255000
2025,2,1,146950
2025,2,0,50526
2024,2,1,137000
2024,1,1,176000
2023,1,0,38915
2025,2,1,168000
2024,2,1,192700
2024,2,0,175633
2024,2,1,187495
2025,2,1,173200
2024,2,1,165600
2024,2,1,155000
2023,2,1,185000
2025,0,1,60580
2024,2,1,178600
2025,1,1,188500
2025,2,1,101640
2024,1,0,30000
2024,2,1,227000
2025,2,1,95000
2024,2,1,127500
2024,2,1,238000
2025,2,1,265080
2024,2,1,158400
2024,2,1,65625
2023,3,1,170000
2024,2,1,137400
2025,1,1,127000
2025,1,1,204600
2025,2,1,140000
2025,2,1,203275
2025,1,0,30315
2025,1,0,100000
2024,1,1,220900
2024,2,1,174000
2025,2,1,103450
2021,1,0,61467
2025,2,1,148240
2024,1,1,180000
2024,0,1,105000
2025,2,1,100000
2024,1,1,52000
2025,3,0,183544
2025,2,1,205000
2024,1,1,315000
2025,2,1,219000
2025,2,1,150000
2025,2,0,113378
2024,0,0,60191
2024,3,1,204200
2024,1,0,68750
2025,2,1,208000
2024,2,1,215600
2024,2,1,140000
2025,1,1,177570
2024,2,1,129200
2025,1,1,43565
2023,2,1,305000
2025,1,1,34000
2024,2,1,175900
2024,2,1,154000
2025,2,0,129000
2024,2,1,125000
2024,1,1,46736
2023,1,1,116000
2024,2,1,252450
2024,2,1,212750
2024,2,1,177372
2024,1,0,61353
2025,2,1,247300
2023,2,1,60000
2025,2,1,299928
2024,1,0,208000
2025,0,0,85000
2024,1,0,157500
2025,1,1,147000
2024,2,1,250700
2024,0,1,59200
2023,2,1,245000
2024,0,0,31250
2024,2,1,145600
2025,2,1,272000
2022,2,1,209100
2024,1,1,210000
2024,2,1,220800
2024,1,1,203900
2024,1,0,37500
2025,1,1,171288
2024,1,1,180000
2024,2,1,166842
2025,2,1,100900
2024,1,0,83506
2023,2,1,86466
2024,1,1,132000
2023,2,1,247250
2024,2,1,222480
2024,2,0,97070
2024,2,1,183580
2024,2,1,282000
2024,0,1,126000
2024,1,1,61200
2024,1,1,195800
2025,2,1,75400
2023,1,1,70600
2025,1,1,138500
2025,2,1,213000
2023,1,0,61520
2024,2,1,255475
2025,2,1,142140
2025,0,1,60900
2024,2,0,287500
2024,2,0,114000
2024,0,1,144200
2024,0,1,100400
2024,1,1,101109
2024,2,1,118136
2025,1,1,142600
2025,2,1,171000
2025,2,1,142600
2024,2,0,160000
2025,2,1,175800
2023,2,1,194521
2025,1,1,164450
2025,2,0,108100
2024,2,1,281834
2025,2,1,157000
2025,0,1,248600
2024,1,1,145000
2024,1,1,296400
2025,0,1,67004
2024,2,1,176000
2025,2,1,280000
2024,2,1,200000
2024,2,1,252000
2024,1,1,61800
2024,0,1,158620
2025,2,1,177000
2025,0,1,185000
2025,1,1,175000
2025,1,1,68640
2025,2,1,174000
2025,2,1,130000
2025,1,1,52654
2024,1,1,115000
2024,1,1,167000
2025,2,1,285200
2025,2,0,272000
2025,2,1,187200
2024,1,1,120000
2024,1,1,144320
2025,2,1,151000
2024,0,0,44712
2025,2,1,265000
2025,1,1,163800
2024,3,1,125760
2023,2,1,119000
2024,1,1,100900
2025,1,1,102600
2025,2,1,130000
2025,2,1,145000
2023,2,1,183540
2025,0,1,82400
2025,2,1,150000
2022,2,1,180000
2021,1,1,135000
2025,2,1,80000
2024,0,1,64200
2024,0,1,94000
2023,2,1,245000
2024,1,1,161000
2025,2,1,125000
2024,0,1,235000
2025,2,1,121200
2023,3,1,167500
2023,2,1,71200
2025,2,1,104650
2025,2,1,248000
2025,1,1,104080
2024,2,0,91293
2024,1,1,142000
2024,1,1,116500
2024,2,1,112800
2024,2,1,137500
2024,2,1,258000
2023,2,1,71000
2024,1,1,136000
2023,1,1,140000
2024,2,1,199742
2025,1,1,250000
2023,2,1,266000
2024,2,1,156650
2024,0,1,76400
2024,1,1,104650
2024,2,1,126500
2025,1,0,57484
2024,2,1,176490
2024,2,1,115900
2025,2,1,149800
2024,2,1,334800
2025,2,1,164000
2024,2,1,266000
2024,1,1,102350
2024,2,1,151800
2024,2,1,289400
2025,2,1,89000
2025,2,1,132000
2025,2,0,89473
2023,2,1,258500
2025,2,1,259000
2025,0,1,145000
2025,1,1,200200
2023,1,1,72000
2025,2,1,200000
2024,0,0,30000
2024,0,1,133500
2024,1,1,154210
2025,1,1,141000
2025,2,1,198300
2022,2,1,260000
2025,2,1,86900
2024,2,1,100000
2024,1,1,150500
2024,1,1,74984
2020,1,1,85000
2024,0,1,57700
2025,1,1,90000
2024,2,1,251094
2024,2,1,214500
2024,1,1,115500
2025,2,1,83000
2025,1,1,125000
2025,1,1,188100
2025,2,1,174000
2024,2,1,229000
2025,0,1,96860
2025,2,1,211200
2025,2,1,165000
2024,0,0,40000
2025,1,1,320000
2024,2,1,138900
2025,1,1,100000
2022,1,0,84053
2024,2,1,94000
2025,2,1,170640
2025,0,1,54000
2025,2,1,149084
2024,3,0,64444
2024,2,1,170760
2025,2,1,221884
2024,1,1,110000
2024,1,1,100612
2024,2,1,105070
2023,2,1,208000
2025,2,1,145700
2024,1,1,68750
2024,2,0,178290
2025,2,1,285300
2025,2,1,175000
2023,2,1,175100
2024,0,1,65000
2025,1,1,555750
2025,3,1,125000
2024,2,1,119076
2025,1,1,99336
2025,2,1,60840
2024,1,1,144660
2023,2,1,154000
2025,2,1,200000
2024,1,1,235000
2024,2,1,202800
2024,2,0,34320
2024,2,1,154660
2025,0,1,125000
2024,2,1,84700
2024,2,1,222000
2024,1,1,181990
2025,2,1,120550
2024,1,1,121900
2023,2,1,102000
2025,1,1,285000
2024,1,1,175308
2024,2,1,85000
2025,2,1,267100
2025,0,0,81359
2025,2,1,307000
2025,1,1,110747
2024,1,1,79310
2024,2,1,82500
2025,1,1,72000
2025,2,1,138500
2024,2,1,235264
2025,2,1,208000
2024,1,1,45000
2024,2,1,165800
2025,1,1,187000
2024,2,1,282200
2024,2,1,308200
2024,2,1,137000
2024,2,1,451000
2024,2,1,140000
2024,1,1,130000
2024,2,1,300200
2024,2,1,232000
2024,0,1,87360
2024,1,1,250600
2024,2,1,154660
2025,3,1,140000
2024,0,1,74200
2025,1,0,71428
2024,2,1,265000
2024,2,1,245000
2024,1,1,78500
2024,2,1,85000
2025,1,1,89990
2024,1,1,174000
2025,1,1,99330
2023,1,1,237400
2025,1,1,187040
2025,2,1,162400
2024,0,0,64111
2024,2,1,290000
2021,1,1,180000
2023,2,1,125600
2024,1,1,140000
2025,0,1,60000
2025,2,0,160714
2025,2,1,242300
2024,2,0,101763
2024,0,1,104800
2024,2,1,170000
2024,0,1,142000
2024,0,1,83232
2025,1,0,45417
2025,2,1,179000
2024,0,1,79000
2024,2,1,243000
2024,2,1,160000
2024,1,1,142140
2024,1,1,220000
2025,2,0,63500
2024,1,0,130000
2024,2,1,160284
2024,2,1,98358
2025,2,1,234500
2024,2,1,102900
2025,2,0,70315
2024,1,1,80642
2024,2,1,165120
2025,0,0,49364
2023,2,1,98500
2023,2,1,245000
2025,2,1,212500
2024,1,1,219200
2025,2,1,242595
2025,2,0,65684
2025,2,1,206000
2024,2,1,220000
2024,2,1,155500
2024,0,1,114000
2023,2,1,150000
2024,2,1,96700
2024,2,1,206315
2025,1,1,61008
2024,2,1,113000
2024,1,0,62000
2025,1,1,167800
2024,2,0,43733
2025,2,1,410000
2024,0,1,62400
2024,0,1,100000
2024,2,1,83300
2024,2,1,246000
2025,1,0,168400
2024,1,0,38146
2024,1,1,69800
2024,2,1,267800
2025,1,1,320000
2024,1,1,143100
2023,2,1,104650
2025,0,1,78000
2025,0,1,41440
2024,1,1,120000
2024,3,1,88500
2025,2,1,80000
2025,2,1,154760
2025,2,1,170000
2024,1,1,329000
2025,0,1,47000
2025,2,1,81210
2025,2,1,166000
2023,2,1,121600
2024,0,1,124805
2024,2,1,170000
2024,2,1,251600
2024,2,1,138700
2024,0,1,168150
2024,2,1,208800
2023,2,1,178250
2023,1,1,280700
2022,1,1,124000
2024,2,1,110800
2024,1,0,30000
2024,2,1,150000
2023,2,1,234900
2024,1,1,117600
2024,1,0,94310
2024,2,1,58500
2024,1,0,102111
2024,1,1,125800
2024,2,1,135000
2025,0,1,142000
2024,0,1,66000
2024,2,1,145000
2024,2,0,56153
2024,2,1,156000
2024,2,1,318090
2024,1,1,120000
2025,2,1,117900
2023,3,0,228856
2025,2,1,112000
2024,2,1,189100
2025,1,1,110000
2024,1,0,23333
2024,0,1,83400
2024,1,1,385000
2023,2,1,124100
2025,1,1,111000
2025,1,1,121050
2023,1,1,110000
2024,1,1,167030
2025,2,1,178890
2025,2,1,150000
2025,3,1,187000
2024,2,1,180024
2023,2,0,38868
2024,0,1,147066
2024,2,1,146000
2024,2,1,155000
2025,2,1,118200
2024,2,1,79600
2025,2,1,317880
2025,1,1,215000
2024,2,1,179000
2025,0,1,143000
2025,1,1,64000
2024,1,1,179000
2024,2,1,173400
2024,2,1,135000
2024,1,1,117900
2023,2,1,115000
2025,1,1,113800
2024,2,1,178000
2025,2,1,294000
2025,2,1,355500
2023,3,1,200000
2022,1,1,187000
2025,2,1,153000
2025,2,1,82800
2024,1,1,215500
2023,1,1,93400
2024,1,1,130900
2024,2,1,86000
2025,1,0,83700
2025,1,1,183000
2024,2,0,170454
2025,2,1,480328
2023,2,1,192000
2024,2,1,191000
2025,0,1,153000
2025,1,1,189500
2024,2,1,161201
2024,1,1,345000
2025,2,1,143625
2025,2,0,107594
2024,3,0,143297
2025,1,1,136301
2023,2,1,173000
2024,2,1,125640
2025,2,1,132600
2024,1,1,165000
2025,2,1,200000
2025,1,1,172500
2025,2,1,151300
2025,2,1,66000
2024,2,1,170040
2024,1,0,20503
2024,1,1,216600
2024,0,1,49576
2024,0,1,59300
2024,2,0,149500
2024,2,1,219375
2024,2,1,205000
2024,1,1,87400
2025,1,0,160000
2025,0,0,57764
2024,2,1,165000
2025,2,1,235750
2024,2,1,312200
2024,1,1,282000
2024,1,1,141750
2023,2,1,132500
2023,1,1,124000
2024,2,1,170000
2024,1,1,164000
2024,1,1,219200
2025,1,1,50000
2025,2,0,85000
2025,0,1,40000
2023,2,1,221300
2024,2,1,195400
2024,2,1,122716
2024,2,1,123164
2024,2,0,137930
2022,2,1,113000
2025,0,1,120000
2024,2,1,176369
2025,2,1,247600
2023,2,1,204600
2023,2,1,95325
2024,2,1,231400
2024,1,1,275000
2023,1,1,124000
2022,2,1,203500
2024,2,1,201100
2023,2,1,178000
2024,2,1,264200
2024,2,1,410000
2024,2,1,327200
2024,2,1,147000
2025,2,1,95500
2024,2,1,161800
2024,2,1,100406
2025,0,1,110000
2024,2,1,157900
2024,2,1,247600
2025,0,1,138920
2024,0,1,95680
2024,2,1,149880
2025,2,1,150000
2024,0,0,99000
2025,2,1,97870
2025,1,1,95592
2024,0,1,180000
2025,1,0,25263
2024,0,1,75000
2025,1,1,200000
2025,0,1,70000
2024,0,1,179000
2025,0,1,212800
2024,2,1,122000
2025,1,1,124300
2024,1,0,43582
2024,2,1,248600
2024,2,1,67500
2024,2,1,252800
2025,1,1,102900
2023,3,1,80000
2025,2,1,143000
2022,1,0,61566
2024,2,1,174867
2025,1,1,199500
2024,1,0,60300
2025,2,1,138500
2024,0,1,228000
2024,2,1,147100
2024,1,0,175000
2024,2,0,147700
2025,1,1,133000
2025,2,1,160000
2025,2,1,130000
2025,0,1,43700
2024,2,1,138500
2024,2,1,82940
2024,2,1,258500
2025,2,1,130000
2024,1,0,92307
2024,0,1,68000
2024,2,1,293400
2025,1,1,93000
2024,1,1,232000
2021,3,0,153667
2025,2,1,326800
2024,3,1,332950
2024,1,1,166000
2025,3,1,254700
2025,2,1,216000
2025,1,1,118400
2025,1,1,193000
2024,2,1,140000
2025,2,1,94000
2025,2,1,133000
2024,1,1,112184
2024,0,1,173000
2023,3,1,353200
2022,2,1,105200
2025,2,1,75300
2024,2,1,289400
2023,1,0,51676
2025,1,1,250600
2025,1,1,76200
2025,1,1,160000
2024,1,1,214000
2025,2,1,97300
2024,2,1,196075
2024,2,1,231600
2022,2,1,117000
2024,0,1,50000
2024,2,1,143424
2025,2,1,201000
2025,1,1,90100
2025,1,1,126100
2025,0,1,49120
2025,1,1,425500
2024,2,1,261000
2024,2,1,136000
2025,2,1,278900
2024,1,1,231000
2025,1,1,66000
2023,2,1,79700
2025,2,1,157300
2025,0,1,68400
2024,2,1,121900
2025,1,1,110000
2024,0,1,155640
2024,1,1,132500
2024,0,1,62500
2023,1,0,49216
2023,1,1,145000
2024,1,1,87120
2025,1,1,107000
2024,3,1,87280
2024,1,1,111662
2024,0,1,157000
2025,1,1,141200
2024,2,1,97750
2024,2,1,129620
2024,2,1,157850
2025,2,1,118800
2024,2,1,170000
2025,2,1,309000
2024,2,1,235495
2024,1,0,125000
2024,1,1,110000
2024,2,1,148800
2024,0,1,99875
2025,1,1,240000
2025,0,1,88200
2024,1,1,103000
2020,2,0,260000
2024,2,0,42457
2025,0,1,97000
2025,2,1,151500
2024,1,1,90100
2024,0,0,36000
2025,3,1,300000
2024,2,1,100000
2024,2,1,87800
2024,3,1,220000
2023,1,1,80000
2025,0,0,94936
2024,1,1,94000
2025,1,0,66442
2024,3,1,214000
2024,1,1,170000
2024,0,1,95300
2024,0,1,39000
2024,2,0,92190
2025,1,1,245000
2022,1,1,109000
2024,0,1,132673
2024,2,1,385250
2024,3,1,215200
2025,1,1,153800
2024,0,1,207000
2024,1,1,175000
2024,2,1,77400
2024,1,1,216000
2023,2,1,111000
2024,1,1,140250
2025,1,1,82000
2025,2,1,116500
2024,1,1,152580
2025,1,0,196000
2025,1,1,91000
2024,2,0,155000
2024,2,1,131000
2022,1,0,42026
2022,2,1,99360
2025,1,1,75000
2025,2,1,280000
2025,2,1,152000
2024,1,1,270000
2023,2,0,158500
2025,2,1,247000
2025,2,1,170000
2025,2,1,72000
2024,1,1,130365
2024,0,1,73800
2023,0,1,52000
2025,3,1,195000
2025,2,1,160000
2025,3,1,200000
2024,1,0,118000
2024,2,1,330000
2025,0,0,18644
2023,0,0,40000
2025,2,1,161300
2024,2,0,173000
2025,2,1,174000
2024,2,1,119900
2024,0,1,76250
2025,2,1,247730
2022,2,1,193000
2024,2,1,307900
2025,2,1,85000
2024,2,1,151400
2024,0,1,64000
2025,1,1,168700
2023,2,0,149000
2025,2,1,325000
2025,1,1,132700
2024,2,1,150000
2023,2,1,114500
2025,0,1,69600
2024,1,0,30000
2023,2,1,162000
2025,2,1,252800
2024,1,1,116106
2025,2,1,185000
2022,2,1,154000
2024,2,1,136878
2023,2,1,260000
2024,2,1,112715
2024,1,0,109000
2022,1,0,105066
2024,2,1,96000
2025,0,1,250000
2023,2,1,130100
2025,1,1,177657
2025,0,0,16842
2024,1,1,158080
2025,1,1,165286
2022,2,1,129300
2025,1,1,108870
2022,1,0,55685
2025,0,0,118673
2023,1,0,73824
2023,2,1,94400
2025,2,1,96800
2024,0,0,58717
2024,1,1,122887
2023,1,1,170000
2025,1,0,80936
2024,2,1,96200
2024,0,1,46900
2023,3,1,250000
2025,0,1,95000
2024,1,0,32400
2025,2,1,286000
2024,1,1,154818
2024,1,0,83600
2024,3,0,206200
2024,1,0,72222
2024,1,0,77500
2024,2,1,145000
2024,1,1,256500
2024,2,1,291900
2024,0,1,84700
2024,2,1,165000
2023,2,1,142352
2024,2,1,72467
2024,0,1,73165
2025,1,1,116100
2023,2,1,130000
2024,0,1,291900
2025,2,1,176356
2024,2,1,147670
2025,2,1,366000
2024,2,1,155000
2024,2,1,187000
2024,0,1,57500
2024,2,1,175800
2024,1,1,194200
2023,2,1,86700
2023,2,1,75000
2025,2,1,111000
2024,2,0,115400
2024,2,1,162400
2024,1,1,78200
2024,0,1,130000
2024,0,1,65000
2025,2,1,194500
2023,1,1,25500
2024,0,1,59000
2023,2,1,216000
2025,2,1,97000
2025,0,0,26315
2025,2,1,184950
2024,2,1,136000
2024,1,0,86000
2024,3,1,190000
2025,1,1,162800
2025,2,1,168000
2025,3,1,334125
2023,1,0,64781
2025,1,1,264200
2025,2,1,281000
2024,2,1,118000
2023,2,1,120160
2025,1,0,156000
2024,2,1,159000
2024,1,1,131100
2024,2,1,257500
2024,1,1,75000
2025,0,0,50160
2024,2,1,184000
2024,1,1,92242
2024,0,0,112065
2025,1,1,64000
2025,2,1,110800
2025,1,1,295000
2025,1,1,92880
2023,1,0,131000
2024,2,1,142000
2025,2,1,133100
2024,2,1,132000
2025,1,1,145000
2024,1,1,77280
2025,2,1,100000
2024,0,0,71932
2024,2,0,60437
2024,0,1,132500
2025,0,0,99000
2024,2,1,271500
2025,2,1,170500
2025,2,1,151200
2024,0,1,76650
2024,1,1,117343
2025,0,0,90263
2024,0,0,55000
2024,2,1,235000
2024,2,1,170000
2024,1,1,112500
2024,1,1,79901
2023,2,0,86374
2023,0,1,85000
2025,2,1,240080
2024,3,1,227400
2024,2,1,332000
2024,0,1,122100
2025,2,1,187000
2024,0,1,185000
2024,2,1,185625
2025,1,1,69000
2022,2,1,154600
2024,2,1,136700
2024,3,1,150000
2025,1,1,108760
2024,2,1,103700
2024,0,0,58500
2025,2,1,277000
2024,1,1,275000
2025,1,1,132225
2024,2,1,153200
2024,2,1,170040
2024,2,1,189750
2025,0,1,150000
2025,2,1,257000
2021,1,1,80000
2024,2,1,107300
2024,1,1,194850
2024,1,1,210300
2025,1,1,81000
2025,1,1,20833
2025,0,1,88400
2024,0,1,98100
2025,2,1,242500
2024,2,1,89981
2025,1,1,130000
2024,2,1,170000
2024,1,1,114800
2024,0,1,106700
2025,2,1,169000
2023,1,1,116800
2024,1,1,120000
2025,1,1,162000
2024,2,1,237000
2024,1,1,147000
2024,0,1,63511
2024,1,1,97097
2024,1,0,200000
2025,1,1,74935
2024,1,1,152580
2024,1,1,104000
2025,0,0,42122
2024,2,1,197000
2024,2,1,261500
2025,1,0,130000
2024,2,1,130800
2024,2,1,104000
2024,2,1,128350
2025,2,1,117200
2025,1,0,57600
2024,2,1,53800
2024,3,1,259850
2024,1,1,59100
2023,1,1,90000
2025,2,0,55714
2024,1,1,174300
2025,2,1,178500
2024,2,1,150000
2024,1,1,103300
2025,2,1,82800
2023,2,1,165000
2025,0,1,52723
2025,1,1,231250
2025,2,1,111500
2024,0,1,140000
2024,1,1,167687
2025,2,1,280600
2024,0,0,180000
2023,2,0,172256
2024,1,1,146000
2025,2,1,208300
2024,0,1,208800
2024,1,0,92638
2024,2,1,191000
2025,2,1,130700
2024,0,1,31000
2024,1,1,194000
2024,1,1,147500
2025,2,1,251666
2025,2,1,243000
2024,1,0,46066
2024,1,1,116550
2025,1,1,98300
2024,2,1,265000
2024,1,1,158200
2025,2,1,230000
2024,2,1,207578
2024,1,1,131000
2025,2,1,338000
2024,1,0,148600
2025,1,1,165000
2025,2,0,105740
2025,2,1,250800
2024,0,1,259700
2025,2,1,180650
2025,1,1,158000
2024,1,1,78146
2024,3,1,291900
2025,1,0,149000
2023,2,1,216800
2025,1,1,204900
2024,2,1,140000
2025,2,1,170000
2025,2,1,303000
2024,2,1,163000
2024,1,1,64000
2024,2,1,137750
2024,1,1,125500
2024,2,1,79800
2024,2,1,113200
2025,2,1,405000
2024,1,1,108500
2024,0,1,74700
2025,1,1,150000
2023,2,1,193900
2025,2,1,201783
2025,2,1,142896
2023,2,1,178600
2024,2,1,120842
2025,1,1,46280
2024,2,1,246000
2025,2,1,88000
2023,3,0,144540
2025,2,1,101600
2025,2,0,24556
2024,2,1,50000
2024,3,1,160000
2023,2,1,212800
2024,2,1,111648
2025,0,1,216000
2024,1,1,228800
2024,1,1,126400
2024,2,0,57777
2025,2,1,270806
2025,2,1,226900
2025,0,1,98600
2024,1,1,119000
2025,2,1,118000
2025,2,1,273200
2025,2,1,187000
2024,2,1,288000
2023,2,1,132000
2024,2,1,161000
2022,2,1,70000
2025,2,1,218739
2025,2,1,190000
2023,2,0,156100
2024,2,1,340100
2024,2,1,46000
2025,2,1,257000
2024,1,1,126300
2025,2,1,155000
2023,2,1,200000
2024,1,0,58092
2024,2,0,69000
2024,2,1,137600
2025,2,1,250000
2025,0,1,50500
2025,1,1,20000
2024,2,1,149100
2025,2,1,175700
2024,2,1,113360
2024,2,1,261500
2025,0,0,34736
2024,1,1,109980
2024,2,0,239000
2025,3,1,178400
2025,2,1,155000
2024,1,1,84580
2024,2,0,110465
2024,1,1,125000
2024,2,0,50000
2025,1,1,60000
2025,2,1,294000
2023,1,1,92000
2023,2,1,158000
2025,1,1,500000
2024,2,0,88000
2023,2,1,250000
2025,2,1,242000
2025,1,0,111200
2024,2,1,145000
2025,2,1,164000
2024,0,1,145000
2024,0,1,119392
2024,2,1,141960
2025,0,0,44210
2024,2,1,212160
2024,1,1,112257
2024,2,1,257500
2024,2,1,215000
2024,1,1,116000
2025,2,1,530000
2025,2,1,130000
2024,0,1,150000
2025,1,1,92650
2025,1,1,97542
2024,2,1,259000
2024,0,1,194000
2024,0,0,50308
2025,2,1,73700
2025,1,0,140000
2024,2,1,113840
2024,1,1,88440
2024,0,1,72000
2024,1,1,203900
2022,2,1,150000
2025,1,1,206610
2025,2,0,50526
2025,2,1,83200
2024,1,1,218213
2025,1,1,100600
2024,2,1,130295
2023,1,1,131000
2024,0,1,116013
2024,2,1,175000
2025,2,1,96800
2025,2,1,193000
2024,1,0,180000
2024,0,1,166600
2024,3,1,350000
2022,1,1,98200
2025,2,1,104400
2025,0,1,153500
2023,2,1,132600
2024,1,1,136000
2024,1,1,177008
2023,1,1,119000
2024,1,1,85572
2023,1,1,57000
2024,2,1,79500
2025,1,1,217000
2025,0,1,94100
2025,2,1,143000
2024,2,0,141000
2024,1,1,135000
2025,2,0,129506
2025,2,1,112000
2025,2,1,253145
2023,2,1,220000
2025,2,0,180840
2025,0,0,75000
2022,2,1,140250
2024,0,1,61200
2024,2,1,74100
2024,1,1,75000
2025,2,1,108700
2023,2,1,185900
2024,2,1,75600
2023,2,0,198094
2024,0,1,76960
2024,2,1,216000
2024,1,1,137900
2024,1,1,42000
2024,2,1,170450
2024,1,0,161762
2025,0,1,142000
2024,1,1,96242
2024,2,1,182700
2024,1,1,130723
2024,1,1,118000
2024,0,1,117000
2025,2,1,95600
2023,2,1,170000
2024,1,1,177320
2024,0,1,120578
2024,2,1,189750
2024,1,0,125365
2024,2,1,227423
2025,3,1,52620
2024,1,1,115704
2024,2,1,151000
2025,2,1,149000
2023,2,1,108320
2025,0,1,440000
2024,1,1,214500
2024,2,1,260000
2025,1,1,147200
2025,1,1,125000
2024,2,1,145258
2023,1,0,148500
2024,2,1,162000
2024,2,1,195600
2025,1,1,129000
2024,2,0,185333
2025,1,1,65520
2024,1,1,127000
2023,2,1,87200
2023,2,1,60000
2025,1,1,99500
2024,2,1,135000
2023,1,1,49000
2024,1,1,305000
2025,1,0,149713
2025,2,1,119300
2024,2,0,45155
2024,2,1,330000
2024,1,1,247200
2025,1,1,40000
2024,2,1,158130
2024,2,1,110100
2024,2,0,97500
2023,2,0,72338
2024,2,1,177000
2025,1,1,96147
2025,1,0,79587
2025,0,0,30526
2025,1,1,169000
2024,2,1,150700
2024,2,1,188600
2022,2,1,201000
2025,3,1,237826
2024,2,1,110000
2024,0,1,98000
2024,3,1,180000
2024,2,1,227800
2025,1,1,103560
2024,2,1,205380
2024,2,0,242000
2024,1,1,124000
2024,2,0,132000
2024,2,1,234520
2025,2,1,145000
2025,1,1,221500
2024,2,0,74000
2024,0,1,130134
2024,2,0,140000
2024,2,1,210900
2025,2,1,90400
2025,2,1,210000
2024,1,1,51500
2024,2,0,105000
2023,2,1,90000
2024,0,1,92000
2025,1,1,180000
2024,1,1,264200
2024,0,1,64200
2024,2,1,134400
2024,2,1,225000
2025,2,1,146640
2024,2,1,263335
2024,2,1,189750
2023,1,1,81500
2024,2,0,103050
2024,2,1,131040
2025,1,1,128460
2024,0,1,52700
2024,2,0,62500
2024,2,1,235000
2024,2,0,242000
2025,2,1,294600
2025,2,1,242500
2024,1,1,72100
2024,2,1,152960
2024,2,0,86666
2024,2,1,191500
2023,3,0,246080
2024,2,1,212800
2025,0,0,87943
2024,0,0,117363
2023,3,1,190000
2024,1,1,99200
2025,2,1,84180
2023,2,1,106800
2024,2,1,175000
2025,1,1,123200
2024,3,0,100000
2024,0,1,130553
2024,2,0,85252
2024,2,1,147500
2025,2,1,108000
2024,1,0,187000
2024,1,1,118000
2024,2,1,72700
2024,1,1,148000
2024,0,0,774000
2025,2,1,130000
2023,3,1,250300
2025,2,1,425500
2024,2,1,107000
2022,2,1,141525
2024,2,1,132000
2024,2,1,355000
2024,2,1,170000
2024,2,1,231000
2024,2,1,169000
2025,0,1,55250
2024,1,1,176000
2025,2,1,122200
2024,2,1,138800
2024,0,1,100000
2023,2,1,124935
2025,2,1,145000
2024,2,1,238600
2025,2,1,215000
2024,2,1,130500
2025,2,1,206605
2025,2,1,186000
2024,0,1,136000
2025,2,1,197400
2024,1,0,300000
2024,2,0,130943
2023,2,1,180000
2025,1,0,92400
2024,2,1,122000
2024,1,1,207000
2025,0,1,60000
2025,0,1,73440
2024,2,1,185500
2023,1,1,119000
2025,1,1,202000
2021,1,1,56000
2025,1,1,425000
2024,3,1,280000
2025,2,0,430379
2024,0,1,134100
2025,1,1,200300
2025,2,1,285000
2024,1,1,259000
2025,2,1,85000
2025,2,0,40900
2024,1,1,187158
2025,1,1,89338
2025,1,1,52216
2024,2,1,116000
2025,2,1,80300
2024,2,0,154100
2025,1,0,44210
2024,2,1,358200
2024,2,0,200000
2024,1,0,120000
2024,2,1,244400
2025,0,1,86100
2025,0,1,70000
2024,2,1,153598
2024,2,1,222000
2024,2,1,212780
2025,1,1,61600
2024,1,1,209720
2024,2,1,96700
2025,2,1,202800
2024,0,1,177000
2025,2,1,100960
2025,1,1,141000
2023,2,1,72000
2025,2,1,103800
2024,1,1,250800
2025,2,1,145537
2023,2,1,153600
2023,2,1,164640
2023,1,1,180000
2024,1,0,110607
2024,1,1,163950
2025,1,1,175000
2024,2,1,137100
2024,2,1,131061
2023,2,1,66000
2024,2,1,170000
2024,2,1,297000
2024,2,1,186200
2024,2,1,177560
2023,2,1,258700
2023,1,0,74883
2024,2,1,246552
2024,2,1,331320
2024,1,1,63000
2025,0,1,85000
2024,2,1,124200
2025,3,1,89540
2023,2,1,221000
2025,1,1,138000
2024,1,0,116047
2025,1,1,85800
2025,1,1,220000
2024,2,0,287000
2022,2,0,132000
2024,2,1,133600
2024,1,0,100480
2025,2,1,125000
2025,1,0,251600
2025,2,1,77600
2024,1,1,105000
2024,0,1,104000
2025,2,1,235750
2025,1,0,92857
2024,1,1,95285
2023,2,1,154000
2024,1,1,85900
2025,1,1,124000
2023,0,0,41027
2025,1,1,110240
2025,2,1,219120
2025,1,1,36000
2024,2,1,245760
2025,2,1,210000
2024,2,1,91260
2024,1,1,131500
2023,2,1,136000
2024,2,1,178000
2024,2,1,55000
2024,2,1,95000
2025,2,0,88100
2024,2,1,300500
2025,1,1,160000
2024,2,1,112000
2024,2,0,153200
2023,2,0,73857
2025,1,1,217300
2024,1,1,142000
2024,0,1,145530
2025,2,1,70600
2024,1,1,197000
2024,2,1,114750
2024,2,1,135800
2025,2,1,182700
2024,2,0,90937
2024,2,1,105000
2025,1,1,62727
2024,2,1,139800
2025,2,1,204750
2025,2,1,250200
2024,2,1,164000
2023,2,1,107500
2025,2,1,124800
2024,2,1,260150
2024,2,1,250200
2024,2,1,125700
2024,2,1,93500
2025,2,1,239900
2024,1,0,462500
2025,2,1,294000
2025,0,1,370000
2024,1,1,96000
2025,2,0,110081
2024,1,0,90011
2025,3,1,210000
2024,1,1,147000
2025,2,1,159000
2025,2,1,196075
2025,2,1,208000
2023,0,0,43000
2025,3,1,234000
2024,1,1,75705
2024,2,1,183600
2023,1,0,30760
2024,2,0,24000
2024,2,1,135700
2025,2,1,176720
2025,2,0,120900
2025,2,1,175000
2024,2,1,99450
2024,0,1,30000
2024,2,1,203940
2024,2,0,131250
2024,0,1,156750
2024,1,1,65000
2024,1,1,105972
2025,2,1,120000
2025,1,1,62222
2025,2,1,165200
2025,1,1,195000
2024,2,1,125000
2024,2,1,252000
2025,1,1,78894
2022,2,1,179400
2024,2,0,125000
2024,2,1,178538
2025,2,1,128000
2024,2,1,304704
2024,2,0,114000
2024,2,1,201097
2024,2,0,181300
2024,0,1,145600
2025,1,1,178100
2024,2,1,104000
2024,0,1,86600
2024,0,1,171000
2024,1,0,136000
2025,1,1,79000
2025,2,1,193500
2024,1,1,156000
2024,0,1,74900
2025,0,1,195900
2023,2,1,93300
2024,2,0,180000
2024,2,1,164000
2023,1,1,151000
2025,1,1,144660
2025,1,1,194000
2025,1,1,220000
2025,1,1,116800
2024,1,1,91650
2024,1,1,122300
2025,1,1,60400
2024,2,0,102500
2025,2,1,149781
2024,2,0,112500
2025,1,1,123700
2022,1,1,110000
2024,1,1,151000
2024,2,0,62000
2024,2,0,133250
2024,1,0,170000
2024,3,1,488000
2024,1,1,82400
2024,1,1,177777
2024,1,1,66725
2024,2,1,92700
2024,2,1,112000
2025,1,1,163695
2023,2,1,127000
2024,1,1,207000
2024,2,1,199742
2024,2,0,107349
2023,1,0,80976
2023,2,1,129562
2025,0,1,75000
2025,2,1,216700
2024,2,0,55773
2024,2,1,104000
2025,2,1,80852
2025,0,1,130425
2024,2,0,125000
2025,2,1,177000
2025,2,1,111260
2025,0,1,36000
2024,1,1,169000
2025,2,1,147400
2025,2,1,158642
2024,2,0,72500
2025,0,1,84000
2025,2,0,209000
2025,2,1,141100
2025,1,0,63000
2024,2,1,104550
2024,2,1,93400
2024,2,1,146900
2025,1,1,145000
2025,0,1,72150
2025,2,1,203000
2023,2,1,184184
2025,2,0,138975
2024,2,1,202800
2024,2,1,287000
2024,1,1,146000
2025,2,1,219000
2024,2,0,115000
2023,2,1,134500
2025,1,1,177341
2024,1,1,61200
2024,1,1,304000
2025,2,1,130000
2024,2,1,139800
2024,1,1,93750
2024,2,1,176762
2025,2,1,238000
2025,2,1,295000
2023,0,0,34924
2024,1,1,204000
2024,0,1,85500
2025,0,0,44000
2025,2,1,96600
2024,1,1,113500
2024,2,1,121793
2025,2,1,142300
2024,0,1,114000
2024,1,1,168520
2024,2,1,208202
2025,1,1,117800
2025,2,1,256100
2025,2,1,113840
2024,2,1,223700
2024,0,1,87100
2024,1,1,159550
2024,2,0,82000
2025,2,1,280000
2024,1,0,56981
2024,2,1,270000
2024,1,1,71843
2024,2,1,320000
2024,2,0,100000
2024,2,1,214240
2025,2,1,190900
2023,2,1,250000
2024,2,1,152375
2023,1,1,160000
2024,0,0,88888
2023,2,1,136000
2024,3,1,133000
2024,2,0,30000
2024,2,1,94500
2025,2,1,117600
2025,1,1,53165
2024,2,1,279010
2025,2,1,299375
2025,1,1,196500
2024,1,1,128300
2024,2,1,140300
2024,2,1,192000
2024,2,0,97500
2024,2,1,108000
2024,2,1,202400
2024,2,1,96900
2024,0,1,144050
2025,1,1,124950
2025,2,1,82800
2024,2,0,80000
2023,2,1,169500
2024,2,1,119400
2024,0,0,104669
2025,2,1,109000
2024,0,1,160000
2022,2,1,63000
2024,1,1,38894
2025,0,1,79601
2025,3,1,150000
2024,2,1,341250
2023,2,1,188800
2024,0,1,124900
2022,1,1,120000
2024,2,1,370300
2024,1,1,136000
2023,2,1,175000
2024,1,0,47340
2025,2,1,141340
2025,1,1,153000
2023,1,0,243000
2024,2,1,163000
2024,2,0,193000
2024,1,0,97875
2023,2,1,131414
2025,2,1,225000
2025,1,0,60714
2023,2,1,143000
2024,2,1,105800
2024,2,1,185800
2025,2,1,225000
2022,2,1,207000
2024,1,1,99380
2024,2,1,105000
2023,2,0,150600
2024,2,0,52500
2025,2,1,151000
2024,2,0,177625
2023,2,1,87570
2023,1,0,142500
2025,2,1,161600
2024,3,1,135700
2024,1,1,105000
2024,2,1,132000
2025,1,1,187700
2024,2,1,130000
2024,1,1,154800
2023,2,1,173000
2025,1,1,212800
2024,0,1,32000
2025,2,1,134000
2024,2,1,157500
2025,1,1,87516
2025,0,1,219600
2024,2,1,127500
2024,1,1,173100
2024,2,1,62000
2025,2,1,184300
2022,2,1,130000
2025,2,1,142243
2024,1,0,144500
2025,2,1,205000
2024,2,1,147000
2023,2,1,169000
2025,1,1,209000
2025,1,1,150700
2024,2,1,237600
2024,1,1,163125
2025,2,0,105500
2025,0,0,40506
2024,2,1,64000
2025,2,1,117300
2025,2,1,155300
2024,1,1,130000
2024,1,1,121900
2023,1,1,113923
2024,2,1,190000
2024,2,1,158900
2025,2,1,156600
2024,2,1,175000
2024,3,1,183400
2024,0,1,72100
2025,2,1,86300
2024,2,1,41033
2024,2,1,181728
2025,2,0,200000
2025,2,1,294000
2025,1,0,107000
2025,0,1,91990
2025,1,1,125000
2025,1,1,136000
2024,2,0,130760
2024,2,0,214100
2024,1,1,49148
2023,2,1,90700
2024,2,1,240000
2024,2,0,172000
2024,2,1,312200
2025,2,1,144200
2024,2,0,77802
2024,3,1,326000
2025,2,1,191600
2024,3,1,100000
2024,2,0,155555
2023,2,1,184590
2025,1,1,184600
2024,2,1,136100
2024,2,1,356500
2024,2,1,124488
2024,1,1,66000
2024,1,1,130800
2025,2,1,282000
2024,2,1,154400
2024,1,1,219600
2024,1,1,102568
2024,2,1,96428
2025,2,1,91127
2025,2,1,155000
2025,0,0,31645
2025,2,1,130000
2024,2,1,185000
2024,2,1,204000
2025,2,1,220000
2024,1,1,100000
2025,1,1,136500
2024,2,1,57520
2022,2,1,160080
2025,0,1,141450
2024,1,1,96200
2025,1,1,113200
2022,2,1,97000
2024,3,1,118680
2023,2,1,132000
2024,1,1,181000
2025,1,1,273000
2025,2,0,99808
2024,1,1,297000
2024,3,0,50000
2024,1,1,96000
2025,2,1,64000
2025,2,1,248795
2025,2,1,196700
2024,2,1,162225
2024,1,1,56000
2025,2,1,115200
2024,2,1,238600
2025,2,1,285000
2023,2,1,148300
2024,2,1,154000
2024,2,0,208888
2024,2,1,67500
2024,1,1,68640
2025,1,1,206600
2025,2,1,208250
2025,1,1,166600
2023,1,1,161000
2025,2,0,87500
2024,1,0,53846
2025,0,1,62100
2025,1,1,140000
2024,2,0,135000
2025,1,1,100000
2024,0,1,89800
2024,2,1,192417
2024,2,1,199800
2024,3,1,352000
2025,0,1,83983
2024,2,1,52800
2024,2,1,208505
2025,2,1,176166
2024,2,1,183300
2024,1,1,134000
2024,1,1,164800
2025,2,1,148000
2025,2,1,391000
2025,1,0,36062
2025,0,1,30000
2024,2,1,160000
2024,1,0,47500
2024,1,1,214280
2025,3,1,220000
2024,2,1,225400
2024,3,1,361000
2025,2,1,235000
2024,2,1,106200
2024,2,1,300000
2024,2,1,325200
2024,0,1,70024
2024,1,1,112000
2025,2,1,440000
2023,2,1,148000
2023,0,1,200000
2024,2,1,109300
2025,2,1,75000
2023,1,1,30000
2024,2,1,175800
2024,1,1,85000
2024,1,1,107200
2025,2,1,245000
2024,2,1,265200
2024,2,1,177000
2024,0,1,120000
2025,1,1,140400
2023,2,1,121000
2024,2,1,312200
2024,2,1,62500
2025,0,0,92000
2023,0,1,58000
2024,2,1,142000
2024,2,0,129230
2024,2,1,190300
2024,2,1,187920
2023,2,1,214872
2025,1,1,385000
2023,2,1,111400
2024,2,1,172469
2025,2,1,177900
2025,2,1,89203
2024,1,0,75000
2025,0,1,94100
2023,1,1,160000
2025,2,1,265600
2024,2,1,285670
2024,1,1,269000
2024,2,1,163000
2025,1,0,75949
2024,3,0,225000
2024,2,1,164000
2025,2,1,135000
2025,0,0,19705
2024,1,1,280200
2024,1,1,200000
2024,2,0,91262
2025,2,0,141400
2024,1,1,52700
2024,1,1,191373
2024,1,1,106700
2024,2,1,66800
2024,2,1,129000
2023,1,1,147100
2024,2,1,229900
2024,1,1,79700
2024,2,1,265080
2024,0,1,122800
2024,2,1,97680
2025,2,1,160000
2025,1,1,154000
2024,2,1,82000
2024,0,1,70950
2024,0,0,37500
2025,1,1,32957
2023,2,1,140100
2024,0,1,73674
2024,1,1,180000
2024,0,1,92810
2025,1,1,120000
2025,2,0,240000
2024,1,0,55328
2024,1,1,112017
2025,1,1,226000
2025,2,1,381004
2025,2,1,264000
2025,2,1,144660
2023,2,0,145000
2025,0,1,266000
2024,2,1,95440
2024,2,0,131600
2025,2,1,192000
2024,1,1,133900
2024,1,1,200000
2024,2,1,170760
2024,0,1,560000
2025,2,0,128000
2023,2,1,164000
2025,1,1,193000
2025,0,0,115200
2024,2,1,69500
2024,1,1,99500
2024,1,1,245000
2024,2,1,215000
2025,1,1,98000
2024,1,1,145000
2025,2,1,60000
2025,2,1,100800
2023,1,1,150000
2025,2,0,30000
2025,1,0,135000
2024,1,1,117480
2025,3,1,234000
2024,0,0,36250
2024,1,1,123000
2025,1,1,144681
2025,1,0,93000
2024,2,1,214280
2024,1,1,140000
2024,3,1,125760
2022,2,1,122600
2025,2,1,113840
2025,2,1,384100
2023,1,0,48585
2025,2,1,246800
2025,1,1,198000
2025,2,1,328300
2024,0,1,64000
2025,1,1,162200
2025,2,1,171500
2024,2,1,294000
2023,2,1,266450
2024,1,1,95414
2024,1,1,122200
2024,2,1,163695
2025,2,1,85000
2024,1,1,68000
2024,2,1,113000
2024,0,1,164314
2025,2,1,245200
2023,2,1,292200
2024,2,1,217000
2024,2,1,240000
2025,3,1,274100
2024,2,1,182400
2024,2,1,355000
2025,2,1,342300
2024,1,1,100000
2025,1,0,52142
2024,2,1,146000
2025,2,1,193000
2024,2,1,277500
2024,1,1,204600
2024,2,1,259000
2024,2,1,155636
2025,1,1,140000
2024,2,1,248400
2024,1,1,240240
2025,1,1,72700
2025,2,0,107594
2024,1,1,94000
2025,0,1,99000
2024,1,0,56250
2023,2,1,202800
2024,1,1,174600
2025,1,1,76650
2024,2,0,100000
2025,1,1,124200
2023,2,1,172758
2024,1,1,72700
2025,2,1,223600
2024,1,1,73100
2025,1,1,419750
2025,0,1,186000
2024,2,1,90000
2024,2,1,85000
2024,2,1,97700
2025,2,0,180000
2025,2,1,173000
2022,1,1,135000
2024,1,1,208800
2024,0,0,30000
2024,0,1,208800
2024,2,1,140000
2024,1,1,187100
2024,1,1,62620
2024,1,1,96761
2023,2,1,107682
2024,1,1,145410
2024,1,1,180000
2024,0,0,45000
2023,2,1,90700
2024,2,0,77777
2024,2,1,231600
2023,2,1,147500
2024,2,1,124950
2024,2,1,170227
2021,2,1,235000
2025,1,1,135400
2024,2,1,95500
2024,1,1,104300
2024,2,1,141375
2025,2,0,400000
2025,1,1,101000
2024,2,1,293300
2025,3,1,138000
2025,2,1,145537
2024,0,1,435000
2024,2,1,117800
2025,0,0,49329
2025,2,1,140000
2024,2,1,161500
2023,3,1,299500
2024,1,1,75000
2024,2,1,155750
2024,2,1,153000
2025,2,1,284280
2024,0,0,44444
2023,0,1,151410
2024,1,1,165000
2023,2,1,93500
2025,1,1,125000
2024,2,1,213000
2025,2,1,141440
2024,2,1,118000
2024,2,1,197300
2024,1,1,166363
2024,1,1,174600
2025,1,1,97570
2024,2,1,278700
2025,2,1,138400
2024,2,1,124000
2024,2,1,93600
2023,2,1,219000
2025,1,1,135400
2023,3,1,130002
2025,2,1,69230
2025,1,1,85000
2025,1,1,73560
2022,0,1,120000
2024,0,0,40000
2025,1,1,153700
2025,1,1,139955
2025,2,0,85000
2024,3,1,129840
2025,1,1,104852
2024,2,0,206000
2025,2,1,270250
2023,0,1,70000
2025,2,1,210000
2025,2,1,220000
2023,3,1,270000
2024,1,1,259846
2025,3,1,156000
2025,0,1,70000
2024,2,1,104800
2024,2,1,140145
2024,2,0,112500
2024,1,1,100000
2024,0,0,30000
2022,3,1,145000
2024,1,1,120000
2023,1,1,75000
2025,1,0,180000
2024,1,1,60000
2023,1,1,149925
2025,2,1,256000
2025,2,1,124019
2025,0,1,115590
2025,1,1,124300
2024,2,1,106700
2024,1,1,127188
2025,1,1,242000
2025,2,1,275000
2023,2,1,206000
2023,2,1,105200
2024,2,1,74100
2025,2,1,174500
2025,1,1,158200
2025,1,1,95000
2025,1,1,110500
2024,2,1,165600
2024,2,1,178600
2023,2,1,126800
2023,3,1,100000
2024,1,1,144000
2024,1,1,160000
2025,2,1,155000
2024,1,1,200000
2024,2,1,159850
2025,2,1,75700
2025,2,1,413160
2025,2,1,230000
2025,2,0,39334
2025,1,1,139400
2024,0,1,70000
2025,2,1,161800
2024,2,1,113840
2024,0,1,176239
2025,2,1,105000
2025,2,0,129506
2023,0,1,71907
2024,2,1,147368
2023,3,0,131721
2025,0,1,210000
2024,2,1,139800
2025,2,1,147000
2023,2,1,143800
2024,2,0,190000
2024,0,1,71500
2025,2,1,80000
2024,2,1,218900
2024,2,1,181000
2024,2,1,149240
2025,2,1,65489
2023,2,1,90700
2024,2,1,140000
2024,2,1,219000
2024,0,1,115000
2023,1,1,130000
2025,2,1,52000
2025,2,1,143000
2025,1,0,98734
2025,2,1,140280
2024,1,1,64600
2022,2,0,133000
2025,1,0,60600
2024,2,0,72000
2025,2,1,70000
2024,1,1,250600
2025,2,0,152272
2023,2,1,90300
2024,2,1,237000
2023,2,1,149076
2025,2,1,259000
2024,2,1,206690
2024,1,1,200200
2024,2,1,135000
2024,2,1,228800
2024,2,0,138000
2025,2,1,150000
2024,3,1,307000
2024,1,1,186800
2024,1,1,54616
2025,1,0,84900
2024,1,1,130000
2024,2,1,189000
2023,1,1,169000
2024,1,0,137500
2025,2,1,159066
2025,1,1,96310
2024,2,1,134500
2024,1,1,129800
2024,1,1,108000
2024,2,1,81950
2024,2,1,210000
2024,2,1,179700
2024,1,0,40378
2024,2,1,160470
2025,2,1,120000
2025,2,1,104000
2025,1,1,43896
2024,1,1,95200
2023,2,1,220000
2024,2,0,138000
2024,1,1,220000
2025,1,1,257600
2025,1,1,90560
2024,2,1,162150
2025,1,1,147000
2025,1,0,130800
2025,2,1,180250
2024,2,1,137000
2024,0,0,56250
2023,2,1,201036
2024,1,0,62500
2023,2,1,97750
2023,0,1,85000
2025,2,1,206280
2024,1,1,133000
2024,1,0,96900
2025,2,1,86800
2025,2,1,146700
2025,2,1,118700
2024,0,1,56566
2025,1,0,155250
2024,1,1,200400
2024,2,1,132480
2024,1,1,75600
2024,1,1,97750
2025,0,1,93000
2024,1,1,104550
2025,2,1,146000
2024,1,1,75000
2024,1,1,114300
2024,0,1,112320
2024,2,0,230000
2024,2,1,265000
2025,2,1,161000
2024,1,1,312200
2024,0,1,208800
2025,2,1,176000
2025,2,1,253000
2022,2,1,246000
2024,2,1,74900
2023,2,0,169200
2025,0,1,58850
2024,2,1,78900
2025,2,1,215000
2024,2,1,150400
2023,1,1,75000
2025,1,1,74984
2025,1,1,87990
2024,2,1,277500
2024,2,1,237050
2025,2,1,161000
2025,2,1,233000
2024,1,1,119800
2024,0,1,105972
2023,2,1,170000
2022,1,1,144200
2024,2,0,146250
2024,2,1,185000
2024,2,1,86840
2024,2,1,85000
2024,2,1,134500
2024,2,0,64625
2023,2,1,127000
2025,1,0,126582
2024,1,0,118000
2024,1,1,130920
2024,1,0,138000
2024,2,1,186949
2025,1,1,85000
2025,2,1,295680
2024,0,1,90000
2024,1,1,111100
2024,0,0,89548
2023,1,1,51962
2024,3,1,242000
2025,2,1,164800
2025,1,1,182400
2024,2,1,120000
2024,1,1,75100
2023,2,1,203100
2023,2,1,159000
2025,0,1,48960
2025,1,0,126000
2024,2,1,88340
2023,2,1,233300
2025,3,1,87280
2024,2,1,250000
2024,1,1,118200
2023,3,1,310000
2024,0,1,89600
2024,1,1,117500
2024,2,0,160000
2025,1,1,97000
2025,2,1,100000
2025,2,1,113000
2024,2,1,83640
2025,1,1,65000
2025,2,1,215000
2025,2,1,125000
2024,2,1,104000
2024,2,1,90000
2024,2,0,242500
2025,1,0,145000
2024,2,1,220800
2025,2,1,201203
2025,2,1,225600
2024,1,0,92248
2023,1,1,202400
2024,2,0,208000
2024,1,1,87100
2024,1,1,99190
2024,2,1,110900
2025,2,1,338270
2023,2,1,199000
2025,2,0,322784
2025,1,1,154100
2025,2,1,169000
2023,2,1,150000
2025,1,1,81400
2024,2,1,258750
2024,2,1,170200
2024,1,1,163700
2024,0,1,69690
2024,0,0,42477
2025,0,1,81000
2024,0,1,147000
2025,2,1,132000
2024,2,1,176235
2024,0,1,82500
2024,2,1,80750
2024,0,1,78200
2021,1,1,110000
2025,1,1,153000
2025,2,0,94936
2024,1,1,158000
2025,2,0,104210
2025,2,1,200000
2024,2,1,73613
2024,1,1,127890
2025,1,1,300000
2025,0,1,162000
2025,1,0,30896
2024,2,1,187000
2024,1,1,155000
2024,1,1,172000
2024,1,1,70500
2025,1,1,216000
2025,1,0,68860
2024,2,1,140230
2024,2,1,132000
2023,2,1,220000
2025,2,1,180000
2023,1,1,137700
2024,0,0,45203
2024,1,1,77000
2024,2,1,211800
2024,2,1,113559
2024,1,0,127500
2023,2,1,171500
2023,1,0,100000
2025,2,0,220000
2022,2,0,60000
2024,0,0,143000
2025,1,1,310000
2024,2,1,270000
2024,1,1,53000
2025,1,1,96120
2023,2,1,146000
2025,2,1,210000
2021,2,0,168000
2024,1,1,154800
2024,1,1,213400
2024,0,1,85280
2024,2,1,245400
2025,2,1,110500
2021,2,1,240000
2024,1,1,258524
2024,1,1,82200
2024,2,1,90000
2023,2,0,98432
2024,2,1,238000
2025,2,1,129000
2024,2,1,223254
2025,2,1,140000
2025,2,1,117600
2024,0,0,79424
2025,2,1,124904
2025,3,0,151898
2025,2,0,125000
2023,2,1,78400
2021,1,0,16904
2023,2,1,157250
2024,2,1,458000
2024,2,1,156000
2022,2,1,128000
2024,1,1,200000
2024,1,1,117832
2025,0,1,114236
2024,2,1,360985
2024,0,1,158200
2023,0,0,48644
2025,1,1,248400
2024,1,1,205000
2024,2,1,74880
2025,1,0,93000
2024,1,0,76923
2025,1,1,169820
2024,2,1,132000
2024,2,0,135000
2024,1,1,74240
2024,0,1,60000
2024,2,0,61000
2025,0,1,160000
2025,1,1,164200
2025,2,1,157100
2024,1,1,137750
2025,2,1,283975
2024,1,1,186000
2024,0,1,36000
2024,2,0,110365
2025,1,1,122000
2024,1,1,157740
2025,1,0,60759
2025,2,1,197500
2023,2,0,53120
2024,1,1,125000
2023,2,1,154500
2024,1,1,396900
2024,1,0,66500
2024,1,1,202700
2023,2,1,60000
2025,0,1,83000
2024,1,1,179700
2025,2,1,231000
2024,2,1,314800
2024,2,1,156400
2025,0,0,108463
2024,1,1,116000
2024,1,1,171000
2024,2,1,161600
2025,2,1,213500
2025,0,1,102500
2024,3,1,340200
2024,2,1,283780
2024,3,1,161300
2025,2,1,160000
2025,0,1,60000
2023,2,1,130000
2025,2,0,632911
2025,1,1,101000
2025,2,1,67500
2024,2,1,176000
2025,1,1,189877
2024,1,1,154500
2024,1,0,80000
2024,0,1,57000
2025,2,1,144000
2025,2,1,151900
2024,0,0,90012
2025,2,1,112923
2025,0,1,57120
2025,2,1,132000
2024,1,1,151736
2024,1,1,109000
2025,2,1,425000
2024,2,1,290180
2024,2,0,70354
2024,2,1,203000
2025,2,1,199680
2024,1,1,84600
2022,2,1,179775
2025,2,1,145000
2025,2,1,144900
2024,2,0,66560
2024,1,1,21099
2024,1,1,155000
2024,2,1,182750
2025,2,1,106700
2024,2,1,148000
2025,1,1,150000
2024,2,1,260830
2025,1,1,87990
2023,1,1,125009
2025,0,1,153925
2024,2,1,85000
2025,1,1,131000
2023,2,1,275000
2024,2,0,66666
2025,2,1,71663
2024,2,1,160000
2024,2,1,144400
2024,1,1,132250
2024,1,0,110000
2023,0,1,130002
2023,1,0,67672
2025,2,1,173000
2024,1,0,89548
2025,2,1,169320
2022,2,1,205000
2024,1,1,141200
2025,1,1,214212
2025,2,1,178200
2024,0,1,163700
2024,2,1,266482
2025,2,1,136000
2024,1,0,87500
2024,1,0,337500
2025,2,1,181200
2023,2,1,163800
2024,0,1,148800
2025,2,1,82600
2025,2,1,165500
2024,2,1,175800
2025,2,1,205500
2024,1,1,155000
2025,1,1,140000
2024,2,1,120000
2025,2,1,94000
2024,2,1,465000
2024,2,1,176770
2023,3,1,160000
2025,1,1,126100
2024,1,0,104975
2025,2,1,115920
2024,2,1,223800
2025,1,1,208145
2023,2,1,237000
2025,0,0,29473
2024,0,1,150000
2023,2,1,172900
2025,1,1,50000
2024,2,1,167100
2025,2,1,120000
2021,2,1,150000
2024,2,1,140000
2024,2,0,170000
2025,2,1,86700
2024,2,1,178200
2024,1,1,104000
2022,1,1,100000
2024,1,1,90480
2024,2,1,87280
2025,2,1,118150
2024,1,1,190000
2024,2,1,138100
2025,2,0,120000
2024,2,0,181000
2024,2,1,168800
2024,1,1,89500
2025,2,1,166600
2024,0,1,67400
2025,2,1,124700
2024,1,1,89600
2024,2,1,95000
2023,2,1,172000
2024,2,1,124000
2025,2,1,260000
2025,2,1,335720
2025,2,1,212700
2024,2,1,467998
2024,2,1,79154
2025,3,1,322300
2024,2,1,103800
2025,1,1,108400
2024,2,1,186448
2025,2,0,79550
2024,2,0,53333
2024,1,1,96000
2023,2,1,80000
2024,1,1,130000
2024,2,1,78000
2025,2,1,180000
2023,2,1,153400
2023,2,1,275000
2024,2,0,75000
2024,1,0,50000
2024,2,1,132000
2024,1,1,248640
2023,2,1,106000
2025,2,1,297900
2024,1,0,50666
2024,1,1,102500
2025,2,1,200000
2024,2,1,138400
2025,2,1,72000
2025,1,1,141340
2024,1,1,152000
2025,1,1,70100
2025,1,1,142000
2024,2,1,282900
2024,0,1,143700
2024,1,1,158400
2024,2,0,115000
2024,2,1,312200
2025,2,1,298300
2025,2,1,59282
2023,2,1,199000
2024,1,1,87190
2024,2,1,135000
2024,2,1,115000
2024,1,1,65000
2024,2,1,100100
2025,0,0,16000
2024,2,1,141400
2025,1,1,242000
2024,1,1,97875
2024,3,1,196000
2024,1,1,124800
2025,0,1,61900
2024,0,0,62500
2024,2,1,99400
2024,2,1,200117
2024,2,1,253000
2024,1,1,85000
2022,1,0,92350
2025,1,1,140000
2025,2,1,182000
2023,3,1,210914
2024,1,0,68750
2024,1,1,145500
2024,2,0,125000
2024,1,1,105000
2024,2,1,116900
2025,1,1,255000
2024,2,1,179442
2025,1,1,185000
2024,2,1,201250
2025,1,1,125200
2024,2,0,175000
2025,0,1,130425
2024,1,1,69100
2025,0,1,149500
2023,1,0,60462
2024,0,0,52021
2024,2,1,278400
2024,2,1,70000
2024,0,1,160000
2024,2,1,85850
2024,1,1,126300
2024,2,1,184000
2025,1,1,115000
2024,2,1,240000
2024,2,1,84500
2025,0,1,120700
2024,2,1,137600
2024,1,1,105000
2024,1,1,90000
2024,2,1,120869
2025,1,1,42000
2024,2,1,313000
2024,2,1,76300
2024,2,1,279400
2024,1,1,68000
2025,2,0,168600
2025,1,1,73722
2025,2,1,33000
2025,2,1,105100
2024,1,1,110000
2024,2,1,136700
2025,2,1,197500
2024,0,1,106100
2024,2,0,127777
2024,2,1,178000
2025,2,1,131414
2024,0,0,21333
2024,1,1,70800
2025,0,0,21006
2023,2,1,212175
2025,2,1,211000
2025,1,0,75949
2023,2,1,145900
2024,1,1,160000
2025,0,1,136800
2024,2,1,25000
2025,2,1,88000
2024,1,0,137930
2024,2,1,236078
2024,3,1,202800
2024,2,1,183581
2023,3,1,249300
2024,2,1,135000
2024,2,0,187000
2025,2,1,116596
2024,3,1,250900
2024,2,1,135200
2025,2,1,127500
2024,2,0,65846
2024,1,1,86700
2024,2,1,198600
2024,1,1,95000
2024,1,1,350000
2024,2,1,210000
2024,2,1,87069
2025,2,1,109800
2024,0,1,139650
2023,2,1,182750
2025,2,1,155000
2024,2,1,110500
2024,2,0,220000
2025,2,1,70600
2025,2,1,158100
2023,2,0,72000
2024,2,1,132500
2024,0,1,54000
2024,2,1,223000
2025,2,1,175000
2024,0,1,60000
2024,2,0,49500
2024,2,1,215055
2024,1,1,112000
2025,0,0,54736
2025,1,1,125400
2024,1,1,97600
2024,1,1,186846
2024,0,1,215000
2023,2,1,92900
2024,1,1,187000
2025,1,1,99400
2025,2,1,134400
2025,1,1,88500
2024,2,1,158500
2025,3,1,204400
2024,2,1,296400
2024,0,0,18533
2025,1,1,65600
2025,1,1,65000
2021,1,1,270000
2024,2,1,169085
2025,1,0,120000
2024,0,1,115000
2025,1,1,72650
2023,2,1,185000
2024,2,1,372900
2024,0,1,115850
2024,2,1,150000
2024,0,1,187500
2024,2,0,81000
2025,2,1,230000
2025,2,1,67000
2024,2,1,140130
2025,1,0,38613
2024,2,1,187094
2025,2,0,50526
2024,2,1,186526
2024,0,0,40000
2025,2,1,305600
2025,2,1,173000
2025,1,1,160000
2025,1,0,75949
2025,2,1,193800
2024,1,1,125000
2024,1,1,184300
2022,1,0,80036
2025,1,1,109530
2024,2,1,294000
2020,0,0,47899
2024,2,1,142000
2023,2,1,291500
2024,0,1,133800
2025,1,1,84500
2025,2,1,99000
2024,2,1,199407
2025,2,1,133800
2023,0,1,220000
2025,1,1,356500
2024,1,1,60000
2024,2,1,250800
2025,1,0,84788
2024,1,0,150000
2024,1,1,205000
2024,1,0,35000
2025,1,1,107666
2025,2,1,150000
2025,2,1,98358
2024,2,1,295490
2024,2,1,355000
2024,0,1,119000
2024,2,1,129723
2024,2,1,169200
2024,3,1,230000
2023,3,1,180000
2024,2,0,76800
2024,0,1,75712
2025,2,1,293000
2023,2,0,110019
2023,1,0,110736
2024,1,1,68640
2023,2,1,140800
2024,1,1,65000
2024,1,1,50000
2025,2,1,202659
2024,2,1,139803
2024,2,1,68195
2024,2,1,227000
2025,1,1,116300
2024,2,1,250200
2025,1,0,125000
2023,2,1,197000
2024,2,1,183500
2024,2,1,232000
2025,1,1,148000
2024,1,1,107755
2024,1,0,235000
2025,2,1,244000
2024,0,1,59250
2024,0,1,81000
2024,2,1,96600
2023,2,1,140000
2025,1,1,229000
2024,2,1,188500
2024,2,1,198600
2024,2,1,92144
2025,2,1,310500
2024,2,1,98717
2025,2,1,160000
2024,2,0,66666
2024,0,1,238600
2023,2,0,146000
2020,0,0,22809
2025,2,1,162385
2024,1,1,227700
2024,2,1,234000
2024,1,1,110900
2025,2,1,296000
2025,0,0,69620
2024,1,1,103300
2024,1,1,151200
2024,2,1,156000
2023,2,1,182200
2025,1,1,70000
2025,2,1,163260
2025,2,0,69473
2024,0,1,64000
2025,2,1,301400
2024,2,1,89500
2024,2,1,283850
2022,2,1,198200
2024,2,1,102960
2025,2,1,389500
2025,1,1,175000
2024,1,1,321500
2025,2,1,129600
2024,2,1,129617
2024,3,1,247000
2022,0,1,80000
2025,1,1,142500
2024,2,1,77777
2020,2,1,120000
2024,0,1,52000
2025,0,0,48000
2024,1,1,46500
2024,1,1,223600
2024,1,1,86000
2023,0,0,26992
2025,2,1,135000
2024,2,1,101400
2025,1,1,115300
2024,1,1,89000
2024,2,1,183600
2024,2,1,92700
2024,1,1,165600
2025,1,1,94200
2025,2,1,90000
2024,0,1,200000
2024,2,1,106605
2025,1,1,152600
2023,2,1,152000
2025,2,1,157959
2025,2,1,77600
2022,2,1,154600
2025,2,1,241700
2022,2,1,170000
2024,2,1,73632
2024,2,1,203940
2024,1,1,36000
2024,2,1,265080
2025,2,1,295000
2024,1,1,170000
2025,1,1,120000
2024,1,0,175000
2024,0,1,193500
2025,2,1,134200
2025,2,1,273930
2025,1,1,82000
2024,2,1,120700
2024,2,1,116942
2024,1,1,110000
2025,0,1,199500
2024,1,1,41500
2024,2,1,120000
2024,0,1,53000
2024,2,1,211500
2025,2,1,125000
2024,2,1,193300
2025,0,1,143000
2024,1,1,103685
2024,2,1,127000
2025,2,1,209200
2024,2,0,111111
2023,1,0,61520
2025,1,1,66800
2024,1,1,200200
2024,1,1,450000
2024,2,0,34733
2024,1,1,170000
2024,1,1,140900
2025,2,1,178000
2025,1,1,125700
2024,1,1,294000
2024,2,1,101000
2025,2,1,212500
2024,1,1,98500
2025,2,1,181000
2023,2,1,289076
2024,2,1,170560
2024,2,1,124200
2023,0,1,94600
2023,2,1,115000
2024,2,1,530000
2024,2,1,119887
2025,2,1,120400
2024,0,1,70000
2025,0,0,87572
2025,1,1,75000
2024,3,1,100000
2025,2,1,137600
2024,2,1,168000
2025,3,1,90000
2022,1,0,61566
2025,1,1,100000
2024,2,1,63815
2024,1,1,400000
2024,1,1,67590
2024,2,1,174000
2025,2,1,153000
2024,1,1,170000
2024,1,1,55000
2025,2,1,175500
2024,1,1,65000
2023,1,1,170000
2024,1,1,86500
2024,0,1,95680
2021,2,0,103160
2025,1,1,108000
2024,2,1,252400
2024,3,1,150000
2025,1,1,144600
2024,2,0,50000
2025,0,1,55000
2024,2,1,84600
2023,3,1,167954
2025,1,1,281300
2024,2,1,236160
2025,2,1,110100
2025,1,1,204100
2024,2,1,160000
2025,0,1,81000
2024,2,1,150000
2024,0,1,90000
2025,1,1,530000
2025,1,1,95200
2025,2,1,261500
2025,1,1,240000
2025,2,1,264200
2024,2,1,185000
2024,1,1,209000
2025,2,0,135000
2025,0,1,145000
2024,2,1,335000
2024,0,0,19333
2024,1,1,157600
2025,2,1,130000
2024,2,1,220800
2025,1,1,108000
2023,2,1,140250
2025,0,1,77000
2023,2,1,184700
2025,1,1,200000
2024,2,1,264000
2025,1,1,69040
2024,0,1,138200
2025,2,1,215600
2024,3,1,220000
2025,1,1,83300
2024,2,1,194000
2024,2,1,117000
2025,2,1,240240
2025,2,1,120100
2025,1,1,83300
2024,2,1,144600
2024,2,1,269100
2024,2,1,129912
2023,2,1,207900
2025,2,0,155000
2024,1,1,108000
2024,2,1,120000
2024,0,1,58700
2022,2,1,158200
2024,2,1,265000
2024,2,1,86500
2025,2,1,108500
2025,0,1,43200
2025,2,0,110000
2025,1,1,106000
2024,0,0,34666
2025,2,0,65000
2024,1,1,223600
2024,1,1,63900
2024,1,1,120000
2024,2,1,196070
2023,2,1,187415
2024,2,1,330000
2024,1,0,93333
2023,2,1,200160
2025,1,1,194000
2024,1,1,440000
2024,2,1,87100
2025,1,1,170000
2025,1,0,75000
2024,2,1,149200
2023,2,1,194400
2024,2,1,138100
2024,2,1,165500
2024,2,1,306800
2024,2,1,152000
2025,1,1,165490
2024,2,1,151470
2025,1,1,204100
2025,2,1,118700
2025,1,0,230000
2025,1,1,116000
2025,3,1,296000
2024,1,1,205000
2024,2,0,115100
2024,1,1,147400
2025,2,0,75949
2024,2,1,275000
2025,2,1,184200
2023,2,1,125000
2024,1,1,64890
2025,0,1,110240
2024,2,1,260000
2023,2,1,120000
2024,3,1,253950
2024,2,0,81600
2025,2,1,119600
2024,2,1,85000
2024,1,1,107000
2024,1,1,129950
2024,1,0,51111
2025,2,1,234400
2025,2,1,228790
2024,2,1,148750
2023,2,1,214000
2024,0,1,70000
2023,2,1,192351
2025,2,1,188000
2024,1,1,50200
2023,1,0,165000
2024,2,1,143850
2024,2,1,152375
2023,2,1,105700
2024,1,1,50000
2025,1,1,137860
2025,1,0,37974
2024,0,1,80000
2025,2,1,200000
2025,1,1,126100
2025,2,1,286000
2024,0,1,102643
2024,2,1,67500
2023,1,1,133000
2024,1,1,115000
2025,2,1,180000
2025,2,1,185800
2025,1,1,175000
2025,2,1,155000
2023,2,1,170700
2025,1,1,114975
2025,1,0,172000
2025,2,1,131450
2024,0,1,125000
2024,0,0,45546
2024,2,1,155880
2025,1,1,250200
2024,3,1,445300
2024,1,1,86000
2025,2,1,365000
2024,2,1,124560
2024,1,1,129740
2025,1,1,131750
2022,0,0,39925
2024,2,1,290500
2024,2,1,179825
2024,0,1,68800
2025,2,1,223400
2024,2,0,174500
2025,2,0,101500
2025,2,1,250000
2025,2,0,157500
2025,1,1,65000
2024,1,1,338000
2025,1,1,115000
2024,2,1,192500
2024,0,1,76000
2024,2,1,160160
2024,0,1,142000
2025,2,1,290000
2024,1,1,55000
2024,1,1,75000
2024,2,1,135000
2024,2,1,158680
2023,1,0,100631
2024,0,1,106875
2025,1,1,150000
2025,2,1,185000
2024,1,1,85000
2024,0,0,76546
2025,1,1,189291
2024,1,1,175000
2024,0,1,176627
2024,2,1,157000
2025,1,1,208800
2025,2,1,64500
2024,2,1,124000
2025,1,1,85150
2023,3,1,249600
2025,2,1,114600
2025,3,1,142320
2024,2,1,222000
2024,2,1,148637
2024,1,1,175654
2025,1,1,239900
2025,2,1,192625
2024,2,1,211000
2024,1,1,158400
2025,0,1,84398
2025,3,1,202900
2025,2,1,103100
2024,1,1,106100
2024,1,1,284400
2025,2,1,275000
2024,1,1,185123
2024,2,1,89600
2024,2,0,74000
2024,0,1,71000
2023,1,1,113000
2025,0,1,94350
2025,2,1,165490
2024,2,1,248700
2025,2,1,75000
2023,2,1,226600
2025,2,1,57700
2024,2,0,85000
2024,1,1,230500
2024,2,1,96076
2024,2,1,232700
2024,1,1,157679
2025,1,1,351000
2025,2,1,245900
2023,2,1,167000
2024,1,1,230000
2024,2,1,284900
2025,2,1,269400
2025,1,1,295000
2024,1,1,106331
2024,2,1,130000
2024,2,0,55555
2025,2,1,105000
2024,1,0,78933
2024,2,1,195000
2024,0,1,81250
2024,2,0,160000
2024,1,1,250200
2024,2,1,121300
2025,2,1,142000
2024,2,1,80000
2024,1,1,55955
2024,2,1,223500
2025,2,0,121000
2024,1,1,198000
2025,1,1,85150
2024,2,0,100000
2025,1,1,90000
2025,2,1,82300
2024,1,1,247600
2023,2,1,100000
2024,1,1,152400
2023,1,1,100000
2025,3,1,185000
2024,2,1,245000
2023,1,1,79600
2024,2,1,182000
2025,2,1,138000
2024,0,1,91990
2024,1,1,241100
2025,2,1,288400
2024,1,0,50000
2025,1,1,143100
2024,2,0,92190
2024,1,1,112200
2025,2,1,376000
2025,2,1,143000
2024,3,1,323400
2024,2,1,175100
2024,2,1,187200
2024,2,1,102500
2024,2,1,173100
2023,1,1,105500
2025,2,1,294000
2024,1,1,72200
2024,1,1,145537
2024,2,1,209000
2025,2,1,155000
2025,2,1,110000
2025,2,1,172500
2025,1,1,142700
2025,2,1,312200
2023,2,1,105000
2025,2,1,310000
2025,1,0,52631
2024,2,1,174000
2024,2,0,56000
2024,2,1,103700
2024,2,1,270400
2024,1,1,120000
2022,0,0,30000
2024,2,0,43750
2025,2,0,92857
2025,2,1,122304
2024,2,1,108200
2024,2,1,261000
2022,1,1,65000
2024,2,1,245575
2024,1,0,122000
2022,1,0,53416
2025,1,1,188000
2024,2,1,217311
2025,2,1,118500
2023,3,1,286000
2025,2,1,194900
2025,1,0,142400
2025,2,1,106000
2024,1,1,294600
2024,2,1,66800
2024,1,1,214300
2025,0,0,112377
2023,2,1,148800
2025,2,1,123765
2024,0,1,106000
2025,1,1,180000
2022,2,1,51000
2025,1,1,158620
2025,2,1,100997
2024,2,1,117700
2024,2,1,199001
2024,1,0,108864
2025,0,1,56200
2023,2,0,124935
2024,1,1,60400
2025,2,0,75880
2024,2,1,122600
2025,2,0,113400
2025,2,1,150000
2024,2,1,120800
2024,2,1,107440
2025,2,1,227500
2025,2,1,115000
2024,2,1,146266
2024,2,1,202400
2025,0,1,90000
2024,1,1,214900
2024,1,1,90000
2025,0,1,73601
2023,2,1,98400
2024,2,1,383910
2025,2,1,160550
2024,2,1,124800
2025,1,1,110261
2024,2,1,60400
2024,2,1,189750
2025,1,1,60549
2024,1,1,172000
2024,1,1,76700
2023,3,1,125000
2024,1,1,172000
2024,2,1,106200
2024,2,1,137600
2024,1,0,62500
2025,2,1,168500
2024,2,1,206000
2025,2,0,269000
2024,2,1,102000
2025,3,1,178200
2025,3,1,312350
2024,1,1,91000
2025,2,0,63157
2025,2,1,124300
2023,2,1,100000
2024,1,1,164492
2025,2,1,117000
2024,2,1,60341
2022,2,1,240000
2024,2,1,360000
2025,2,1,106250
2024,2,1,234520
2024,0,1,99500
2024,2,1,128000
2025,2,1,230000
2025,2,1,148230
2024,2,1,116000
2025,2,1,175000
2024,1,1,105000
2025,2,0,65000
2024,2,1,355000
2024,1,1,190000
2024,1,1,136400
2025,1,1,340000
2025,1,1,119650
2024,2,1,137400
2024,0,1,58300
2025,0,1,100937
2025,1,1,85000
2025,2,1,175000
2024,0,1,57737
2025,2,1,247300
2024,1,1,110679
2024,2,1,121000
2024,0,1,74000
2024,2,1,215000
2024,0,1,60080
2025,2,0,65822
2024,2,1,89600
2024,2,1,111500
2025,2,1,94000
2023,0,1,46400
2024,1,0,54987
2024,2,1,137100
2025,3,1,120000
2024,2,1,104000
2024,2,0,87500
2023,0,1,70800
2023,2,1,84600
2023,2,1,138000
2025,2,0,63291
2024,2,1,295000
2025,3,1,205000
2024,2,1,109000
2025,2,1,285000
2024,2,1,600000
2024,3,1,130000
2024,0,1,82000
2024,2,1,90480
2025,1,1,194000
2024,1,1,264200
2025,1,1,121000
2025,2,1,264000
2025,1,1,425000
2025,1,1,70862
2025,1,1,278300
2025,2,0,143700
2024,1,1,123600
2024,2,1,143750
2024,0,1,112200
2024,2,1,305000
2025,0,1,140663
2024,1,1,145200
2020,1,1,45760
2024,0,0,80142
2025,2,1,241600
2024,0,1,138000
2024,2,1,175000
2025,2,1,122500
2023,1,1,200000
2024,2,0,180000
2025,1,0,92346
2023,1,0,42107
2024,2,1,97300
2024,2,1,368400
2024,1,1,285670
2024,2,1,204000
2024,3,1,170000
2023,2,0,74562
2025,1,1,88500
2025,2,1,60400
2024,0,0,48921
2025,2,0,139285
2025,1,1,116400
2025,2,1,252800
2024,1,1,106260
2021,1,0,60000
2024,1,1,158000
2024,3,1,257500
2023,3,0,110000
2025,2,0,60714
2023,2,1,92000
2023,0,0,90000
2025,2,1,247600
2025,2,1,235200
2025,0,1,37974
2024,2,0,155000
2024,3,1,192300
2023,2,1,93300
2024,2,0,109512
2024,2,0,168400
2024,2,1,66800
2024,2,1,200000
2025,2,1,86000
2024,2,1,174700
2023,2,1,183284
2025,2,1,90000
2024,0,0,72222
2025,1,1,156700
2025,2,1,193900
2025,2,1,187269
2024,2,1,217100
2024,2,1,162000
2024,2,0,47500
2025,2,1,250000
2025,0,1,46000
2024,0,1,74000
2025,1,0,120000
2023,2,1,113600
2025,1,1,56595
2025,2,1,221000
2025,2,0,122544
2024,1,1,184000
2024,0,0,26575
2022,2,1,100000
2024,2,1,94200
2024,1,1,201000
2025,1,1,113000
2025,2,1,115766
2025,2,1,305000
2024,2,1,165100
2025,1,1,128544
2025,2,0,143797
2025,1,0,157000
2024,2,0,77622
2025,2,1,166962
2023,1,1,154800
2025,2,1,235750
2025,2,1,112400
2024,2,1,416500
2025,2,1,122500
2024,2,1,277000
2025,0,1,71338
2025,2,0,73684
2024,1,1,144700
2024,1,1,103000
2025,1,1,176000
2024,2,1,145600
2024,2,1,170700
2024,1,1,95000
2024,1,1,230000
2025,0,0,44303
2024,2,0,194000
2024,2,1,122200
2025,1,1,86000
2024,2,1,194000
2023,1,0,179998
2024,0,1,100000
2025,2,1,265080
2024,2,1,118800
2024,2,1,175000
2025,3,1,124500
2024,1,1,128000
2024,0,0,55381
2025,2,1,265600
2025,1,1,78000
2024,2,1,187178
2024,2,1,106800
2024,2,1,71000
2024,2,1,117800
2024,1,0,95761
2025,2,0,180840
2024,2,1,237600
2023,2,1,222000
2024,2,1,118000
2024,2,1,160000
2024,2,1,140200
2021,1,0,51519
2024,1,0,79200
2025,0,0,87423
2024,1,1,130000
2024,2,1,159000
2025,2,1,165035
2024,0,1,54000
2024,0,1,130000
2025,2,1,77500
2024,1,0,90821
2025,2,1,125000
2025,1,1,137000
2024,0,1,83800
2025,2,1,115900
2024,2,1,213000
2024,2,1,192100
2024,1,1,181100
2025,1,1,195500
2023,2,1,85700
2023,2,1,143000
2024,1,1,103000
2023,2,1,180000
2025,1,1,159200
2025,1,1,192900
2024,0,1,79500
2025,2,1,291000
2025,1,1,71600
2024,1,0,39205
2024,2,1,323300
2025,2,1,205000
2024,1,1,104600
2025,2,1,181833
2024,0,1,47840
2024,2,1,250000
2024,2,0,75000
2025,1,1,80000
2024,2,0,72730
2024,2,1,140000
2024,1,1,223400
2024,1,1,93300
2024,1,1,96200
2024,0,1,98153
2025,1,1,104100
2024,2,1,167200
2025,1,0,110629
2024,2,1,159900
2024,2,1,188847
2025,2,1,169237
2025,2,1,100000
2024,0,1,120000
2024,2,1,90000
2024,0,1,78000
2024,2,1,198600
2024,2,1,178240
2024,1,1,64600
2025,1,1,155000
2025,2,0,253000
2025,2,0,196100
2024,2,1,80000
2024,0,0,108391
2025,2,1,273790
2024,2,1,136500
2024,2,1,119076
2024,0,1,157400
2025,2,1,238600
2022,2,1,250000
2025,2,1,201300
2024,2,1,75000
2025,2,1,110000
2024,2,1,191000
2025,0,0,126000
2024,1,1,100000
2025,0,1,66000
2025,1,1,450000
2025,2,1,148000
2023,2,1,194500
2025,0,0,60842
2024,2,1,94100
2024,2,1,132500
2025,1,0,75949
2025,1,1,133400
2025,0,1,185000
2024,2,1,104400
2025,0,1,60000
2024,2,1,97920
2025,0,1,93600
2024,3,1,136000
2025,2,1,136800
2025,2,1,34000
2025,1,1,97614
2024,2,1,169000
2022,3,1,200000
2024,1,1,200000
2024,1,1,185000
2024,2,1,116050
2024,0,0,57100
2022,1,0,115573
2025,2,1,200000
2024,2,1,83430
2024,2,1,192000
2025,1,1,81456
2024,0,1,118800
2024,1,0,101777
2024,2,1,230000
2024,2,0,100000
2024,2,1,148045
2024,1,1,164500
2025,1,1,136000
2024,2,1,196000
2023,2,1,323905
2024,0,1,180000
2024,1,1,97204
2023,2,1,211200
2024,2,1,141360
2024,2,1,160000
2024,2,1,88600
2025,2,1,199500
2025,2,1,117700
2024,1,0,83000
2025,1,1,129000
2024,2,0,130000
2024,1,1,107100
2025,3,1,350000
2024,2,1,140000
2023,2,1,172000
2024,2,1,225300
2024,3,1,254965
2024,0,0,21333
2024,2,1,133843
2024,2,1,334600
2025,1,1,78735
2024,2,1,189000
2025,2,1,230800
2025,2,1,265000
2024,1,1,195000
2025,1,1,88000
2025,1,1,189000
2025,0,0,116210
2024,2,1,168000
2023,2,1,207345
2024,1,1,80500
2024,0,1,90000
2024,1,0,87220
2024,0,1,140000
2024,2,1,122400
2024,1,1,183750
2024,2,1,120000
2025,1,0,137000
2025,1,1,150000
2025,2,1,184600
2023,1,1,250000
2024,2,1,260000
2024,2,1,142826
2024,1,1,54000
2025,1,0,30315
2024,2,1,165500
2025,2,1,104025
2025,1,0,49816
2025,1,0,68947
2024,2,1,195500
2024,2,1,84500
2024,1,1,208300
2024,2,1,225500
2025,3,1,165600
2024,2,1,312230
2025,2,1,172150
2024,2,1,240100
2024,2,1,114100
2025,2,1,206315
2022,2,1,204500
2023,2,1,147000
2024,2,0,96600
2025,2,1,248500
2024,1,1,219000
2024,2,0,115555
2024,1,0,176800
2024,1,1,96000
2025,0,1,40000
2024,1,1,225000
2024,2,1,265200
2025,2,1,132000
2025,2,0,158227
2024,2,1,67200
2024,2,1,90000
2024,2,1,213400
2025,2,1,275000
2024,2,1,232900
2024,1,1,320000
2025,1,1,100000
2023,1,1,170000
2024,1,1,137611
2024,1,1,52500
2024,1,0,43582
2024,2,1,80000
2024,2,1,157500
2025,2,1,106900
2024,2,1,193000
2024,1,0,98582
2024,2,1,105000
2025,2,1,223900
2024,1,1,71500
2025,2,1,131800
2024,1,1,221596
2025,2,1,270000
2024,2,1,72682
2025,2,1,178500
2025,2,0,100000
2024,2,1,105500
2023,1,1,120000
2024,1,1,140000
2025,3,1,215200
2024,1,0,57146
2024,1,0,51111
2023,1,1,143000
2024,1,1,128000
2025,2,1,140670
2025,2,1,173900
2025,0,1,136000
2024,2,1,210000
2024,2,1,245700
2025,1,1,88750
2025,2,1,242360
2023,2,1,90700
2024,2,1,302900
2025,2,1,129300
2025,1,1,150400
2024,2,1,143000
2024,2,1,195000
2025,0,1,122467
2024,2,1,500000
2025,2,1,144840
2024,2,1,266000
2024,1,1,175000
2025,2,1,278250
2025,2,0,150000
2024,2,1,264200
2024,1,1,145900
2025,2,0,74800
2025,1,0,42050
2025,2,1,122400
2023,2,1,217000
2024,2,1,220000
2025,3,1,200000
2025,2,1,188600
2025,2,1,168000
2024,2,1,258750
2025,1,1,129300
2025,0,1,48235
2024,2,1,160400
2025,1,1,245000
2024,2,1,313500
2024,1,1,106370
2025,2,1,250000
2024,0,1,51600
2024,1,0,94600
2025,2,1,154000
2024,0,1,119800
2024,2,1,109977
2025,2,1,125000
2024,2,0,51772
2024,1,1,82100
2024,1,1,131200
2023,1,1,74500
2024,2,1,103000
2024,2,1,100000
2025,1,1,74100
2025,2,0,138000
2025,2,1,222000
2024,2,0,71111
2025,1,1,121900
2023,1,1,109238
2024,2,1,178200
2024,1,1,190000
2025,3,1,178400
2025,1,1,249167
2024,1,1,256500
2024,2,1,132500
2025,0,1,156000
2024,2,1,128950
2024,2,1,260940
2024,0,1,43500
2022,1,0,105066
2024,1,1,297500
2025,1,1,96900
2024,2,1,125800
2025,2,1,183500
2024,1,1,64000
2024,2,1,128000
2025,2,1,43400
2024,2,1,138500
2024,0,0,36500
2022,2,1,106800
2024,2,1,225600
2023,2,0,79981
2025,1,1,76000
2025,2,1,160200
2025,2,1,166500
2025,2,1,114737
2024,2,1,171116
2025,2,1,105000
2025,0,1,51311
2025,2,1,153925
2025,2,1,129750
2025,2,1,160500
2025,3,1,95200
2024,1,1,166000
2024,2,0,140000
2024,1,0,136267
2025,2,1,105400
2025,1,1,183750
2024,2,1,87978
2025,2,1,119600
2025,2,1,248400
2024,2,0,127000
2025,1,1,180600
2025,2,1,176000
2025,1,1,174000
2023,2,1,157250
2024,2,1,75400
2025,2,0,75789
2024,2,1,122800
2024,2,1,45700
2024,0,1,80000
2024,1,1,297000
2024,2,1,139800
2024,2,1,174250
2025,1,1,63000
2024,3,1,294100
2024,1,1,93450
2024,0,1,151770
2024,2,1,231000
2025,2,1,237000
2025,2,1,132320
2025,2,1,157000
2025,1,0,90011
2024,1,1,188000
2025,2,1,154000
2024,1,1,244700
2025,1,0,67215
2024,1,1,83900
2024,2,1,155000
2025,2,1,96000
2025,1,1,49978
2024,2,1,181800
2024,1,0,75000
2025,2,1,331000
2023,1,0,38868
2025,1,1,42000
2025,2,1,117700
2024,1,1,146600
2025,0,1,86800
2023,1,1,166000
2024,2,1,187300
2025,2,1,102092
2024,0,1,68900
2024,1,1,312200
2024,0,0,53133
2025,2,1,194000
2023,3,1,135000
2025,1,1,69000
2024,3,1,381500
2024,2,1,112500
2024,1,1,138900
2025,2,1,124455
2024,2,1,160000
2025,1,1,200000
2024,1,1,169578
2025,2,1,286600
2023,2,1,230000
2023,2,1,156000
2025,2,1,109300
2025,1,1,250000
2024,1,1,146994
2025,2,0,230000
2024,2,1,97300
2024,1,1,90000
2025,2,1,150000
2025,2,1,251600
2024,2,1,275600
2024,1,0,72000
2025,2,1,106400
2024,0,1,162240
2025,2,1,203000
2025,2,1,188640
2025,1,1,169426
2025,2,1,127000
2024,1,1,167400
2025,2,1,142000
2025,2,1,110500
2025,2,1,327600
2025,2,1,200000
2025,2,0,135000
2025,0,1,144000
2025,2,1,203000
2024,2,1,222500
2025,1,0,100000
2024,1,1,107690
2024,1,1,184900
2025,2,1,142000
2024,1,1,209000
2024,2,1,170560
2025,1,0,41684
2024,2,1,196600
2022,1,1,180000
2023,2,1,118000
2024,0,1,96000
2025,2,1,130700
2024,2,1,106200
2024,2,1,251600
2025,2,0,199700
2024,2,1,302000
2025,1,1,76400
2024,1,1,124000
2025,2,1,90000
2025,0,0,99100
2024,2,0,145620
2025,1,1,227000
2025,1,1,143000
2023,0,1,85000
2025,2,1,190000
2024,1,0,173233
2025,1,1,125500
2025,1,1,181000
2024,2,1,133000
2025,2,1,162000
2023,2,1,210000
2024,2,1,200000
2025,0,1,152760
2023,2,1,215000
2025,2,1,215000
2025,2,1,163620
2024,1,1,68000
2025,2,1,165800
2023,0,1,70000
2024,2,0,75277
2025,2,1,255000
2025,1,0,113100
2024,0,1,61320
2023,2,1,164000
2024,1,1,60300
2024,0,1,133000
2025,1,1,32000
2023,2,1,216100
2024,1,0,60000
2024,2,1,305000
2025,0,1,216000
2023,2,1,100000
2025,0,0,60969
2025,2,1,190400
2024,2,1,212000
2024,2,1,152000
2025,3,1,315000
2024,1,1,151300
2024,2,1,106605
2025,2,0,30000
2023,2,1,202000
2025,2,0,200000
2025,2,1,119000
2024,0,1,50000
2024,1,1,130680
2023,2,0,118575
2025,1,1,118000
2025,2,1,281770
2022,2,1,112900
2025,1,1,181500
2025,2,1,232300
2025,2,1,259600
2025,2,0,184000
2024,1,1,163238
2024,2,1,316900
2024,2,1,160000
2025,2,1,170770
2024,3,1,162000
2024,1,1,198100
2024,2,1,220000
2025,2,0,145000
2024,0,1,72000
2023,1,0,90000
2024,0,1,110000
2023,3,1,250000
2024,2,1,110000
2025,0,1,94800
2024,1,1,175100
2024,2,1,170900
2024,2,1,198433
2025,1,1,124000
2025,2,0,117000
2024,0,1,104000
2025,2,1,114080
2024,1,1,246400
2024,1,1,48000
2025,1,1,106400
2024,1,1,110500
2025,2,1,129036
2025,2,1,239000
2023,3,1,125000
2023,2,1,289120
2024,2,1,243136
2024,1,1,170700
2024,2,1,79175
2023,2,0,140358
2025,2,1,121400
2025,1,0,49263
2025,2,1,266400
2025,1,1,118200
2025,2,1,720000
2024,2,1,96900
2025,1,1,182000
2024,1,1,188500
2025,2,0,180000
2024,2,1,175000
2023,2,1,132000
2025,2,1,161500
2024,2,1,185000
2024,2,1,143000
2024,1,0,100000
2024,2,1,265200
2023,1,1,140000
2024,0,1,85000
2024,1,1,170400
2025,2,1,137400
2024,1,0,81250
2024,2,1,202800
2025,0,0,97027
2024,1,1,179875
2025,2,1,65202
2024,0,1,78000
2023,2,1,55200
2025,2,1,214032
2023,1,0,92280
2023,1,1,105000
2023,2,1,230000
2025,2,1,72000
2024,2,1,107800
2024,2,1,124740
2025,1,0,47055
2025,0,1,97009
2025,2,0,40900
2024,2,1,345000
2024,1,0,100000
2025,1,1,60000
2024,2,1,110000
2025,2,0,107000
2025,1,1,162800
2024,2,1,155376
2024,2,0,225500
2023,1,0,34482
2024,1,1,95700
2025,1,1,130000
2025,2,0,260000
2025,2,1,184000
2024,1,0,63581
2024,2,1,166600
2024,2,1,154960
2025,1,1,132100
2025,2,1,85150
2024,1,1,208200
2024,2,1,115800
2024,2,1,172080
2025,2,1,151300
2024,1,1,297000
2024,3,1,100000
2024,2,1,210000
2023,2,1,185000
2025,1,1,152000
2025,2,1,230000
2024,1,0,133000
2025,2,1,176160
2022,2,0,137400
2024,1,1,185000
2025,2,1,275000
2024,2,1,148000
2025,2,1,204900
2024,1,1,112000
2024,2,1,189800
2024,2,0,53750
2024,1,1,179000
2024,1,1,112000
2024,2,1,101239
2024,3,1,135000
2024,1,1,187675
2025,2,1,230000
2023,1,1,140000
2024,1,1,143100
2025,2,1,142000
2025,1,1,55000
2025,2,1,130000
2024,0,0,80000
2024,2,0,140000
2025,0,1,75000
2024,2,1,370300
2025,2,0,81772
2025,3,1,225000
2022,1,0,48000
2023,1,1,69570
2024,2,1,333500
2024,2,1,106400
2025,2,1,282000
2025,2,1,105532
2024,1,1,71800
2024,2,0,72000
2025,2,0,62000
2024,2,1,135400
2025,2,1,133000
2024,1,1,112000
2025,0,1,71733
2025,2,1,253000
2025,1,1,200200
2024,2,0,61250
2025,2,1,98000
2025,0,1,76100
2025,2,1,158000
2024,1,1,75000
2024,1,1,140000
2025,2,0,132000
2025,2,1,167500
2023,2,0,120000
2024,2,0,242000
2023,2,1,73100
2025,2,1,81536
2024,2,1,206500
2024,1,1,174000
2024,2,1,209720
2024,2,0,158000
2025,2,1,138000
2024,1,0,57753
2025,1,1,218030
2024,1,1,121300
2025,2,1,133875
2024,1,1,103600
2024,0,1,130900
2025,2,1,220000
2025,2,1,264200
2022,1,1,122500
2023,2,0,183000
2024,2,1,125200
2025,2,1,205500
2023,2,1,100000
2024,2,1,114000
2024,2,1,89000
2024,1,1,48000
2022,1,0,73546
2025,2,1,315000
2024,1,1,322000
2024,1,0,174000
2024,2,0,129230
2024,1,1,89250
2024,1,1,120500
2025,1,1,170200
2024,0,0,63000
2025,1,1,148000
2025,2,1,145500
2024,2,1,224765
2024,2,1,250000
2024,1,1,110000
2024,1,1,75200
2024,1,1,320000
2025,2,1,280600
2024,2,1,80000
2024,2,1,190000
2025,0,0,36842
2024,1,1,140000
2024,2,1,172750
2022,2,1,148000
2025,1,1,110000
2024,1,1,266000
2024,2,1,90480
2024,2,0,119056
2025,2,1,73400
2024,1,1,62100
2025,1,1,237500
2022,1,0,75000
2024,2,0,100000
2024,0,1,22000
2025,2,1,118450
2024,0,1,158620
2024,1,1,248700
2025,3,0,417721
2024,1,0,42000
2025,1,1,168100
2025,2,1,160000
2023,2,1,299500
2024,1,1,57616
2024,2,1,201100
2025,2,1,234000
2025,2,1,200143
2025,2,1,92800
2025,0,1,102000
2024,2,1,246000
2023,2,1,93800
2024,2,0,125000
2024,1,1,87558
2024,1,1,150000
2025,1,1,199000
2024,2,1,81375
2025,1,1,300000
2024,2,1,206645
2024,2,1,176700
2025,1,1,59600
2024,2,0,128250
2025,2,1,130000
2025,2,1,78400
2024,2,1,122200
2024,1,1,62954
2025,2,0,138500
2024,0,1,85104
2023,2,1,105200
2025,2,1,200800
2025,2,1,133600
2024,3,1,195000
2024,2,1,227700
2024,2,1,157590
2024,0,1,193800
2025,0,1,63000
2025,0,1,100000
2024,2,0,98000
2024,2,1,303400
2023,2,1,78000
2024,2,1,196650
2025,1,1,90000
2024,2,1,102500
2024,2,1,138200
2024,1,1,187415
2024,2,1,233700
2024,1,1,149000
2024,0,1,72862
2024,1,1,74650
2024,2,1,94763
2024,2,0,224000
2024,2,1,111800
2024,2,1,85800
2025,2,1,125760
2025,2,0,94936
2024,1,1,112300
2025,2,1,114600
2024,1,1,65000
2024,1,0,56250
2024,1,0,97525
2025,1,1,196000
2024,0,0,16000
2024,2,1,238300
2024,2,1,95300
2024,1,1,175960
2024,1,1,172800
2025,1,1,250000
2024,1,1,114285
2025,1,1,106200
2024,2,1,221596
2025,2,1,200000
2024,2,1,267100
2025,2,1,200000
2024,1,1,135000
2023,2,1,219100
2024,0,1,85000
2023,2,1,84000
2024,1,1,155000
2023,2,1,180000
2022,1,1,153000
2025,0,1,145000
2025,2,1,211420
2025,1,1,146540
2025,2,1,95000
2025,2,0,62546
2025,2,1,136038
2024,1,1,142300
2021,0,0,24823
2024,1,1,78700
2025,1,0,80520
2024,1,1,187110
2025,2,1,98235
2025,2,1,231550
2025,1,1,161700
2024,2,1,103800
2024,0,1,98153
2025,2,1,100000
2024,1,1,49275
2024,1,1,91318
2024,1,1,111000
2024,2,1,122242
2025,2,0,270200
2024,1,1,185000
2024,0,1,94018
2025,2,1,218500
2025,2,1,121971
2024,1,1,194000
2025,2,1,125760
2025,2,1,360000
2024,2,1,220000
2025,2,1,70275
2024,2,1,140000
2024,2,1,175100
2025,2,1,222480
2024,2,1,200000
2025,1,1,100000
2025,0,0,21006
2024,2,1,208000
2025,1,1,277600
2024,1,1,95348
2024,0,1,166549
2025,1,1,220000
2023,1,1,150000
2024,2,1,134000
2025,2,1,96600
2024,2,1,112000
2025,0,1,95000
2024,2,0,162500
2024,2,1,125400
2024,2,1,84900
2025,2,0,61052
2025,3,1,130000
2025,2,1,213000
2023,1,1,80000
2024,2,1,150000
2024,2,1,223500
2024,1,1,198853
2025,2,1,458000
2024,0,0,412502
2024,2,1,280000
2024,2,1,145620
2025,1,1,66947
2024,0,1,68300
2024,1,1,85000
2024,0,1,108900
2024,1,1,273000
2025,1,1,144200
2024,2,1,136125
2025,0,1,196000
2024,1,1,280000
2023,2,1,205000
2024,1,1,290180
2024,2,1,178200
2024,2,1,106434
2024,2,1,110000
2025,1,0,58169
2024,1,1,86000
2024,1,1,251600
2025,0,1,96100
2024,2,1,92920
2023,2,1,238000
2025,2,1,600857
2025,2,1,130000
2024,1,1,150500
2024,2,1,185625
2025,2,1,280000
2025,1,1,120500
2025,0,1,39000
2024,2,1,107000
2024,2,0,155000
2025,1,1,355000
2024,2,0,92346
2025,1,1,260000
2025,2,1,300000
2024,2,1,200200
2025,1,1,102700
2024,1,1,149500
2024,2,0,107730
2025,2,1,160284
2024,1,1,360000
2025,2,1,94500
2023,1,0,207500
2025,2,0,599480
2024,2,1,254024
2024,2,1,156400
2025,0,1,50300
2024,2,1,314800
2023,0,1,75000
2024,0,1,177000
2025,2,1,189000
2024,2,1,146000
2025,1,1,88200
2024,2,0,88000
2025,2,1,140400
2024,3,1,115700
2024,2,1,120000
2024,0,1,124000
2024,2,1,135920
2025,2,1,89700
2024,0,0,35525
2024,0,1,86000
2024,1,0,166000
2024,1,1,131500
2025,0,1,85150
2024,1,1,166250
2024,1,1,170112
2025,2,0,42000
2023,2,0,172700
2024,2,1,122200
2025,2,1,165500
2024,1,1,212109
2024,0,1,123000
2024,0,1,132700
2024,2,1,156800
2025,2,1,128000
2025,0,1,76000
2024,2,1,147000
2025,1,1,138900
2025,2,1,171000
2025,1,1,73588
2025,1,1,130700
2024,2,1,96200
2024,2,1,294000
2024,2,1,171000
2025,1,1,266000
2024,1,1,149300
2025,0,0,110790
2023,2,1,297000
2024,0,1,104000
2025,2,0,112114
2024,2,1,100600
2024,1,1,69305
2025,2,1,129000
2024,1,1,79200
2025,1,1,69400
2023,2,0,75577
2024,2,1,77257
2024,2,1,117000
2024,1,1,132100
2024,2,1,209300
2025,0,1,51600
2024,2,1,144660
2024,2,1,182054
2025,2,1,176000
2025,2,1,87000
2024,2,0,120000
2024,0,1,62900
2024,0,0,28000
2024,2,1,143625
2025,2,1,152000
2024,2,1,202800
2025,1,1,169000
2024,2,1,142500
2024,2,1,160000
2025,2,1,133000
2024,2,1,159000
2025,0,1,136000
2024,2,1,200214
2024,2,1,358000
2024,2,1,208000
2024,2,1,290200
2025,2,1,82969
2023,2,1,365630
2024,1,0,97200
2024,1,1,204000
2025,2,1,187500
2024,1,0,190300
2024,2,1,106400
2024,2,1,166000
2024,3,1,336000
2023,2,1,72250
2024,2,1,95105
2025,2,0,124400
2023,2,1,143000
2025,2,1,173800
2024,1,1,154000
2025,2,1,234700
2025,2,1,206100
2024,2,1,227712
2024,0,0,46000
2025,2,1,140000
2024,1,1,121600
2024,2,1,152000
2024,2,1,204200
2024,2,1,110000
2024,2,1,284000
2025,2,1,137235
2024,2,1,130000
2025,0,0,89532
2025,1,0,113100
2025,1,1,64000
2023,1,1,167500
2024,3,1,185000
2025,3,1,170000
2025,2,1,195903
2025,3,1,80000
2025,0,1,82000
2024,1,1,175300
2024,1,1,127900
2024,1,1,148500
2024,2,1,122400
2025,2,1,180000
2025,2,1,124000
2023,1,0,49216
2024,1,1,160480
2025,1,1,142000
2025,2,1,227900
2025,2,1,178900
2024,2,1,166000
2024,2,1,142020
2024,1,0,163000
2024,2,1,133600
2024,1,1,120700
2025,2,0,179850
2024,1,1,223300
2024,2,1,129100
2024,2,1,226500
2025,1,1,119600
2024,2,1,153000
2024,1,1,288000
2023,2,1,126500
2024,2,1,181000
2024,1,1,321600
2025,3,1,145440
2024,1,1,186552
2025,2,1,228000
2025,1,1,97400
2024,2,1,150000
2024,2,1,129000
2025,2,1,217000
2024,0,1,179000
2024,2,1,201000
2024,2,0,90769
2024,0,1,72000
2024,2,1,102183
2024,0,1,56000
2023,2,1,199200
2024,0,0,54331
2024,2,0,102000
2024,2,1,122000
2024,1,1,150000
2024,2,0,79800
2025,1,1,251000
2023,2,1,146000
2025,2,1,270500
2025,1,0,61164
2024,1,1,132300
2024,2,1,237600
2024,1,1,97800
2025,1,0,131229
2025,2,1,144660
2024,1,1,75500
2023,1,1,175000
2023,2,1,110000
2025,2,1,254700
2024,1,1,65593
2022,2,1,220000
2024,2,0,90937
2024,2,1,158400
2025,2,1,128200
2025,2,1,104200
2025,2,1,411800
2024,1,1,175800
2025,1,1,105800
2024,2,1,165000
2025,1,0,105941
2025,2,1,139000
2024,3,1,201400
2024,2,1,94860
2025,2,1,158000
2025,2,1,100000
2024,1,1,144640
2024,1,1,172000
2024,2,1,93377
2025,2,1,157600
2025,1,1,134000
2024,1,1,300200
2025,2,1,203600
2024,2,1,78500
2025,0,0,28105
2024,2,1,131675
2025,0,0,141000
2024,1,0,125000
2024,1,0,123178
2024,2,1,204700
2024,2,1,134000
2024,2,0,66666
2023,1,0,110736
2025,2,1,303500
2024,1,1,77000
2022,3,1,239000
2024,2,1,155000
2024,2,1,137781
2024,3,1,300000
2025,1,1,115800
2024,1,1,221500
2024,2,1,185000
2025,1,1,87896
2022,2,1,167100
2025,1,1,209657
2025,1,1,95000
2024,1,0,80826
2024,2,1,198000
2024,1,1,72900
2025,2,1,224200
2024,2,1,204650
2025,2,1,293800
2025,1,1,214500
2024,2,1,136000
2023,2,1,205150
2025,2,1,80000
2024,2,1,169000
2025,2,1,187000
2024,2,1,220000
2024,2,1,222700
2025,1,1,170640
2024,3,1,210000
2025,2,1,67500
2024,2,1,108500
2025,2,1,179000
2024,1,0,643750
2025,2,1,151900
2024,2,1,142500
2024,2,1,170760
2025,1,1,130000
2025,0,0,16000
2024,0,1,195500
2023,2,1,121700
2025,2,1,200700
2024,1,1,104550
2025,2,1,159500
2025,1,1,195000
2025,2,1,180000
2024,3,1,103920
2025,1,0,120100
2024,2,1,140000
2025,1,0,33684
2025,0,1,54072
2025,2,1,264200
2024,1,1,129400
2024,1,1,158000
2024,0,1,94600
2025,2,1,309672
2024,1,1,124000
2024,2,1,102600
2024,1,1,118612
2024,0,1,250000
2024,2,0,200000
2024,1,1,80200
2025,2,1,310000
2025,2,1,224000
2024,2,1,260800
2024,2,1,157900
2025,0,1,86000
2024,2,1,120500
2025,2,1,235000
2022,2,1,123648
2023,2,1,102000
2025,2,1,98500
2024,2,1,125760
2025,2,1,255200
2024,0,1,75700
2025,0,0,76800
2024,2,1,269833
2025,2,1,282000
2023,3,1,200000
2024,0,1,264200
2024,2,1,273250
2025,0,1,129300
2024,2,1,124400
2024,1,1,160000
2024,1,1,209990
2024,1,1,149300
2025,1,0,127000
2025,1,1,209720
2022,2,1,99100
2025,1,1,133500
2023,2,1,138000
2024,1,1,188300
2024,1,1,118500
2025,1,1,161000
2025,1,0,171800
2025,1,1,157000
2023,2,1,305600
2024,2,1,77280
2025,3,1,130000
2025,1,0,50245
2024,2,0,50000
2024,0,1,93000
2024,2,1,135000
2024,2,1,180835
2025,1,1,188500
2024,1,1,64600
2024,1,0,718750
2024,2,1,184309
2025,2,1,95300
2024,1,1,156000
2025,1,1,151000
2024,1,1,168700
2024,1,1,206690
2024,2,0,141500
2024,2,0,262656
2025,1,1,224900
2025,1,1,67600
2024,2,1,120500
2024,2,1,207575
2025,2,0,53571
2024,1,1,57300
2024,2,1,142740
2024,2,1,100000
2025,3,1,80000
2024,1,0,200000
2024,2,0,57442
2024,2,1,142500
2024,2,0,46200
2023,2,1,225000
2025,2,1,117300
2025,1,1,400000
2025,1,1,100000
2024,1,1,290004
2025,0,0,16000
2024,2,1,146010
2025,2,1,190000
2024,1,0,99000
2024,0,1,139000
2024,0,1,118765
2022,2,1,110500
2025,1,1,143000
2025,2,1,96601
2025,1,1,191500
2025,1,0,45263
2024,1,1,95000
2025,1,1,128600
2025,2,0,180840
2024,2,1,275000
2024,2,0,187165
2025,3,1,158800
2024,2,1,156400
2025,2,1,208145
2025,2,1,190000
2025,2,1,75000
2023,2,1,233500
2025,2,1,161400
2024,2,1,283500
2024,1,0,95000
2024,2,1,92000
2022,2,1,190000
2024,1,1,79000
2025,2,1,255000
2025,2,1,86000
2024,0,0,56250
2024,1,1,190000
2025,2,1,141530
2024,2,1,278800
2025,1,1,177905
2024,1,1,129570
2024,1,1,74500
2025,2,1,116300
2024,2,1,168800
2024,1,1,50000
2024,0,1,82227
2024,3,1,245600
2025,2,1,132000
2024,3,1,175000
2025,1,1,190000
2025,2,1,350000
2023,2,0,110000
2023,2,1,82000
2024,2,1,160000
2025,2,1,170200
2025,2,1,218875
2024,2,0,145620
2025,2,1,160000
2025,1,1,465000
2024,1,1,319000
2024,2,1,82000
2025,1,0,94936
2025,1,1,163420
2025,2,1,137860
2024,1,1,179000
2024,2,1,91000
2024,1,1,297000
2024,0,1,65000
2024,2,1,141800
2024,0,1,111000
2024,1,1,108000
2024,0,1,136500
2024,2,1,169000
2025,2,1,276700
2024,1,0,59570
2025,2,1,194688
2024,1,1,222000
2024,2,1,130133
2024,3,1,287200
2024,1,1,134000
2025,2,1,212160
2025,2,0,139285
2024,3,1,147500
2024,2,1,192500
2024,1,0,113636
2024,0,1,47840
2025,1,1,175200
2024,1,1,143750
2024,0,0,55555
2025,1,1,238000
2025,1,0,95924
2020,1,0,74130
2025,2,1,138200
2024,2,1,113800
2024,2,1,136000
2025,0,0,114000
2023,2,1,70179
2024,1,1,60300
2023,2,1,315850
2024,2,1,180000
2025,1,1,285000
2024,1,1,173000
2024,2,1,185000
2023,1,1,138000
2025,2,0,104421
2025,2,1,119213
2025,0,0,97739
2024,0,1,112000
2024,0,1,154440
2024,2,1,185000
2024,2,1,259000
2024,1,1,105000
2024,2,1,125680
2024,0,1,195200
2023,2,1,148500
2024,2,1,272000
2024,0,1,121900
2024,1,1,168000
2024,1,1,177000
2024,1,1,91862
2024,2,1,138240
2025,2,1,271000
2024,1,1,77100
2025,1,1,122979
2024,2,1,145000
2025,1,1,110556
2022,2,1,110000
2025,2,1,119600
2023,1,1,204000
2024,0,0,17266
2024,0,1,172000
2024,1,1,184300
2024,2,1,190000
2022,2,0,60000
2024,2,1,94000
2024,2,1,399000
2024,2,0,61111
2025,2,0,125000
2024,1,1,82643
2024,2,1,142020
2025,2,0,142857
2024,1,1,148932
2024,1,0,90012
2023,2,1,250000
2024,0,0,24444
2025,1,1,60000
2024,0,1,59500
2025,2,1,108810
2023,2,1,106800
2024,0,1,150000
2023,2,1,182750
2024,3,1,239000
2025,2,1,131700
2025,2,1,101333
2025,1,1,162400
2023,1,0,110736
2025,2,1,82000
2024,1,0,66666
2024,1,1,437500
2024,2,1,92700
2024,2,0,115563
2024,1,1,196900
2022,1,1,80000
2025,2,1,187500
2025,2,1,289000
2025,2,1,233800
2025,1,1,125000
2025,1,1,180400
2025,2,0,285000
2024,2,1,170000
2025,2,0,338526
2025,1,1,231100
2023,2,1,280000
2025,2,1,168000
2024,1,0,100000
2024,2,1,140000
2024,2,1,250000
2025,2,1,198000
2024,1,1,94400
2024,1,1,194750
2024,3,1,290000
2025,2,1,116334
2024,3,1,195400
2020,0,1,70000
2024,2,0,68750
2024,1,1,157043
2024,3,1,150000
2024,1,1,102500
2024,2,1,84600
2024,1,1,175100
2025,1,0,18947
2024,2,1,99000
2024,0,1,100000
2025,1,1,64479
2024,2,1,92880
2025,2,1,184000
2025,1,1,119700
2024,0,1,55000
2024,0,1,87500
2024,1,1,156450
2024,2,1,132900
2024,2,1,92000
2025,2,1,190137
2024,2,1,110000
2025,2,1,183600
2024,0,1,117220
2024,2,1,200000
2025,2,1,149000
2022,1,0,104663
2025,0,1,40000
2024,3,1,195000
2023,2,1,141000
2025,2,0,49400
2024,1,1,90000
2024,2,1,112000
2025,0,1,77900
2025,1,1,168700
2025,1,1,256000
2025,2,1,250000
2024,3,0,107730
2025,1,1,91000
2022,2,0,57786
2024,2,1,147900
2024,2,1,158400
2022,2,1,95000
2024,2,1,246000
2024,2,1,199068
2024,1,1,114000
2023,2,1,140000
2024,2,1,80000
2024,1,1,157000
2025,3,1,138000
2024,2,1,100000
2022,0,1,50000
2025,1,1,80000
2023,1,1,186600
2024,1,0,109512
2024,0,0,172000
2025,1,1,250000
2025,2,1,117200
2024,1,0,46155
2025,2,1,228000
2025,1,1,130000
2023,2,1,157000
2023,1,1,115000
2025,2,1,261000
2024,2,1,119400
2024,1,0,140000
2024,0,1,190000
2024,2,1,445300
2024,2,0,214800
2024,2,1,122000
2025,1,1,168790
2025,2,1,297000
2025,1,1,346000
2024,1,1,189000
2025,1,1,168000
2024,1,1,440000
2024,2,1,191000
2024,1,1,208000
2025,2,1,117600
2024,2,1,170000
2023,2,0,160000
2025,3,1,181000
2024,1,1,385000
2024,1,1,241500
2024,2,1,116100
2023,2,1,200000
2024,2,1,240000
2024,2,1,207980
2025,1,1,172000
2025,1,1,111000
2023,2,1,223800
2024,1,1,117500
2023,2,1,144000
2025,2,1,36000
2025,3,0,432000
2022,0,0,100000
2025,1,0,94936
2025,2,1,175700
2024,2,1,217558
2024,1,1,122400
2024,2,1,117000
2025,1,0,101539
2025,2,1,194740
2025,2,0,60000
2024,1,1,200000
2024,2,1,103500
2025,2,1,162550
2024,2,1,123933
2025,2,1,273070
2025,2,1,367000
2025,3,1,234240
2024,2,0,50666
2025,1,1,65000
2023,2,0,64781
2024,0,1,62400
2024,2,1,131631
2024,2,1,161612
2024,1,1,296300
2024,2,1,178418
2024,1,1,115000
2025,1,1,170112
2025,1,1,68600
2025,0,1,72000
2024,1,1,74080
2024,2,1,180300
2023,2,1,100000
2025,0,1,260000
2024,2,1,109000
2024,2,1,126300
2022,2,1,122500
2024,1,1,280000
2024,2,0,105000
2024,1,1,75705
2024,2,1,234200
2025,2,1,200000
2023,2,1,185000
2025,1,1,110000
2022,1,1,130000
2025,2,1,111000
2025,2,1,319000
2024,2,1,135000
2024,0,0,62500
2024,2,1,98800
2024,1,0,93750
2025,1,1,160000
2024,2,1,223000
2025,2,0,126582
2025,1,1,120000
2024,1,1,104000
2024,1,1,99500
2024,1,1,113700
2024,1,1,80000
2025,2,1,86200
2024,0,0,68000
2025,2,1,175000
2024,2,1,280000
2024,1,1,160130
2024,2,1,202900
2025,2,1,251600
2025,2,1,485000
2025,2,1,132500
2025,1,1,154000
2025,3,0,139240
2024,3,1,223080
2025,1,1,205800
2024,2,1,180000
2025,2,1,227700
2025,2,0,210000
2024,2,0,84600
2024,1,1,72000
2024,1,1,230000
2025,2,1,142000
2024,0,1,122655
2024,2,1,210000
2025,2,1,91000
2024,2,1,329600
2023,3,1,115000
2024,1,1,106050
2024,2,1,129000
2023,2,0,120500
2024,1,1,208000
2023,0,1,98000
2024,2,1,118976
2025,0,0,56084
2024,1,1,337250
2024,1,1,133000
2025,2,0,71201
2024,3,1,220000
2025,1,0,84600
2024,0,0,44444
2024,2,1,156000
2024,1,0,68750
2025,2,1,74300
2024,2,1,289000
2024,2,1,282200
2024,2,1,85000
2024,2,0,123620
2024,2,1,219120
2024,2,1,405000
2024,2,1,174000
2024,1,1,98500
2025,2,1,92300
2021,1,1,147000
2024,2,1,125500
2025,3,1,188200
2024,0,1,44850
2025,1,1,108212
2024,2,1,194805
2022,2,1,201000
2024,1,1,94400
2024,2,1,112200
2025,2,1,214500
2024,0,1,81000
2024,2,1,199500
2025,2,1,186000
2024,2,1,212500
2025,2,1,63379
2024,0,1,89500
2025,2,1,79400
2025,1,0,107594
2024,1,1,80000
2024,2,1,241600
2025,2,1,228000
2022,2,1,116000
2025,0,0,72600
2025,2,1,185000
2025,2,1,126300
2024,1,1,82783
2024,2,1,139400
2024,2,1,165830
2023,2,0,121788
2024,1,0,65145
2023,0,1,116000
2023,2,1,146900
2024,1,1,229300
2025,2,1,82331
2025,0,1,64000
2025,3,1,190000
2023,2,1,306000
2025,2,1,138500
2025,2,1,143200
2023,2,1,199098
2025,1,1,67130
2025,1,1,71000
2025,1,0,138600
2025,2,1,93800
2025,2,1,188000
2024,1,1,189000
2024,2,1,410000
2023,2,1,141100
2024,2,1,290000
2023,2,1,78000
2025,1,1,131000
2025,1,1,56000
2024,2,1,209169
2024,0,1,97100
2024,1,1,52000
2024,2,0,104220
2024,1,1,251000
2024,2,1,81978
2024,2,1,134000
2024,1,1,189200
2025,1,1,105000
2025,1,1,153500
2024,1,1,53945
2023,1,1,151410
2025,1,1,137000
2024,0,1,80000
2024,2,1,210000
2024,1,1,276000
2025,2,1,335930
2024,0,1,43638
2025,1,1,260000
2024,0,1,150000
2024,2,0,56250
2024,2,1,67500
2025,0,1,79310
2024,2,1,243000
2024,0,1,153000
2024,2,0,102900
2025,2,1,127200
2025,2,1,127075
2025,1,1,260000
2024,0,0,56250
2024,3,0,74368
2023,2,1,127876
2024,0,1,95700
2024,0,1,108000
2025,1,1,99700
2025,2,1,196500
2024,2,1,115765
2025,2,1,345000
2025,1,1,95000
2022,2,1,140000
2024,1,0,96196
2024,1,1,235000
2024,2,1,70715
2024,2,1,140400
2023,2,1,70000
2023,2,1,101000
2025,0,1,70000
2024,2,1,165000
2024,0,1,113800
2024,1,1,72000
2024,0,0,112800
2025,0,1,140000
2024,2,0,96000
2024,2,1,74263
2025,3,1,170000
2024,2,1,170640
2024,1,1,156000
2024,2,1,181100
2025,2,1,246500
2025,2,1,202730
2024,1,1,207000
2023,2,1,166000
2024,0,1,103000
2024,1,1,90000
2024,0,1,250000
2025,2,1,208000
2024,0,1,201100
2024,2,1,172200
2024,0,0,119200
2023,2,1,234000
2025,2,1,175500
2023,2,1,105200
2022,2,1,150000
2025,1,1,161000
2023,0,1,65000
2025,1,1,152000
2025,2,1,166400
2024,2,1,243300
2025,2,1,188300
2024,2,1,163500
2025,1,1,245700
2024,2,1,180000
2024,0,1,152000
2024,2,1,190900
2024,2,1,103200
2024,2,0,140000
2025,2,1,213400
2024,1,1,98500
2025,0,1,216000
2025,2,1,115824
2024,2,1,296020
2024,2,1,189750
2023,1,1,200000
2025,2,1,92700
2024,0,1,133000
2024,0,1,124000
2025,1,1,312200
2025,1,1,90800
2025,2,1,75600
2025,2,1,173000
2024,2,1,270000
2025,1,1,112160
2022,2,1,164000
2024,1,1,120000
2024,2,1,140000
2024,1,1,233761
2025,2,1,120000
2024,0,0,77201
2025,0,1,95000
2025,2,1,207000
2024,2,1,242000
2025,2,1,158100
2023,1,0,72000
2024,2,1,101681
2024,1,1,81500
2025,2,1,238650
2025,1,1,198000
2024,2,1,229000
2024,1,1,194000
2025,1,1,124000
2025,1,1,90000
2024,2,1,165300
2024,2,1,176875
2024,2,1,154000
2025,0,1,99875
2024,2,1,194000
2024,2,1,194992
2023,2,1,53300
2024,2,0,115000
2024,2,1,198000
2025,2,1,120375
2025,1,1,145000
2025,2,0,250000
2024,1,1,237500
2025,2,1,205700
2024,2,1,210100
2025,2,1,165913
2025,2,1,240000
2024,2,1,144400
2025,2,0,48353
2024,1,0,172000
2025,0,1,140700
2024,1,1,338000
2025,0,1,60400
2024,2,1,209000
2025,2,1,273931
2025,1,1,211000
2025,1,1,173500
2024,1,1,277900
2024,0,1,70000
2025,1,1,60800
2024,2,1,222000
2024,1,1,123600
2024,2,1,148000
2024,0,1,131300
2024,2,1,235000
2024,0,1,67000
2023,2,1,205000
2024,2,1,234300
2024,2,1,170000
2025,2,1,160000
2025,2,1,141170
2024,1,0,85252
2024,2,1,109480
2023,2,1,130000
2024,2,1,141340
2024,1,1,57920
2025,2,0,183544
2024,1,0,31200
2024,2,1,78000
2025,1,1,107000
2024,2,1,240900
2024,2,1,112300
2025,2,0,78947
2025,2,1,168200
2024,1,1,266000
2025,2,1,121500
2024,1,1,139000
2025,2,0,174980
2024,2,1,180217
2025,1,1,204700
2025,2,1,134115
2025,1,1,75349
2025,1,1,144000
2024,1,1,151800
2024,2,0,141023
2025,0,1,105000
2024,2,1,100000
2024,3,0,145000
2025,1,1,176800
2025,1,1,194000
2025,2,1,167000
2025,2,1,203000
2024,2,1,132975
2024,1,1,250000
2024,0,1,75600
2025,0,1,70022
2025,1,1,89300
2024,2,1,209943
2024,2,1,132600
2020,2,1,68428
2024,2,1,247250
2025,2,1,117200
2022,2,1,75000
2025,1,1,62400
2024,2,0,160000
2025,2,1,133000
2025,2,1,118000
2024,2,1,139000
2024,2,1,117000
2024,2,1,175750
2024,2,1,190000
2025,0,1,194180
2025,2,1,143100
2025,1,1,156750
2025,1,1,210000
2025,2,1,160000
2025,2,1,137972
2024,1,1,140000
2024,2,0,158000
2024,2,1,258750
2024,2,1,164621
2025,2,1,133620
2024,2,1,76700
2024,1,1,160000
2025,0,0,75949
2024,2,1,220000
2025,0,1,70000
2023,2,1,160000
2024,2,1,90719
2024,1,0,90000
2025,2,1,230879
2024,1,1,165000
2024,2,1,119076
2025,2,1,286080
2024,2,1,213210
2025,2,1,203000
2025,2,1,364320
2024,1,1,171000
2025,1,1,231250
2024,2,1,135816
2024,0,1,58000
2024,2,1,149240
2024,1,1,118200
2025,2,1,215000
2025,2,1,128000
2024,2,0,120000
2025,2,0,171600
2024,2,1,109000
2025,2,1,195400
2025,1,1,84009
2025,0,1,160000
2024,2,0,215000
2024,1,0,175000
2024,2,1,222000
2025,2,1,196200
2024,1,1,165500
2024,1,1,130206
2025,2,1,103000
2024,1,1,100000
2025,2,1,720000
2024,2,1,190950
2024,1,1,106300
2024,2,1,65000
2023,2,0,86374
2025,1,1,118598
2024,2,1,167500
2025,2,1,171600
2024,1,1,260000
2024,2,0,176800
2025,2,1,96000
2025,2,1,92118
2023,2,1,240000
2024,2,0,200000
2025,0,1,98300
2024,1,1,110219
2025,1,1,102400
2025,2,1,176355
2025,1,0,37894
2025,0,0,90000
2024,0,1,138000
2024,2,1,237000
2025,2,1,116900
2024,1,1,101970
2025,1,1,155909
2024,0,0,60000
2024,0,1,55000
2024,1,1,115500
2024,2,1,370300
2025,2,1,138900
2024,1,1,133700
2024,2,1,187000
2025,2,0,131500
2024,2,0,221000
2024,2,1,185000
2024,1,0,79925
2024,0,0,57500
2025,1,1,178100
2025,2,1,140000
2025,2,1,185625
2024,1,0,75000
2025,2,1,131600
2025,1,1,105000
2024,1,1,113052
2025,2,1,385000
2023,2,1,113000
2024,2,0,65600
2024,2,1,267800
2024,1,1,120000
2024,2,0,46666
2024,1,1,28000
2023,2,1,202000
2024,2,1,105000
2024,2,1,150466
2023,2,1,287500
2023,0,1,145885
2024,1,1,177300
2024,2,1,156145
2025,2,1,142200
2025,0,0,67857
2024,1,1,160000
2025,2,1,223900
2024,2,1,245000
2022,2,1,165000
2024,0,1,285000
2025,1,1,270000
2024,0,1,131000
2024,2,1,202500
2025,1,1,86000
2025,2,1,168000
2021,1,0,69741
2024,2,1,274000
2025,2,1,139874
2025,1,1,107500
2024,3,1,234700
2024,2,0,181800
2025,2,1,116000
2024,0,0,83333
2025,2,1,207453
2024,2,1,156200
2025,1,1,70058
2025,2,1,150000
2025,2,1,203900
2023,1,0,67672
2025,2,1,113100
2023,2,1,145000
2024,0,1,160000
2024,2,1,300100
2024,1,1,283780
2024,1,0,100000
2024,1,0,110608
2024,2,1,160000
2024,0,1,49245
2023,2,0,170500
2024,2,0,133250
2025,1,1,175000
2024,2,0,74500
2024,1,1,192000
2024,1,1,180000
2024,1,1,134000
2023,2,1,70374
2024,1,0,44444
2024,0,1,68000
2024,2,1,300000
2025,1,1,184100
2024,2,1,92560
2025,2,0,73684
2025,0,0,105000
2023,3,1,196200
2024,1,1,66851
2024,2,1,229300
2024,2,1,110000
2024,0,1,96000
2024,2,1,263000
2025,2,1,120000
2024,1,0,87500
2024,2,1,323400
2024,2,1,266000
2024,1,1,77600
2024,2,0,19200
2025,1,1,158000
2024,2,1,128535
2025,1,1,96000
2025,2,1,103800
2024,2,1,212606
2025,1,0,106315
2024,2,1,145100
2025,2,1,117000
2023,2,1,232200
2025,2,1,180000
2022,1,0,73546
2025,1,1,117300
2024,2,1,119000
2024,2,0,93300
2024,0,1,65400
2025,2,1,140000
2025,1,1,75600
2024,2,0,112500
2024,1,1,25000
2024,1,1,84000
2024,2,1,260000
2024,2,1,201400
2024,2,1,97100
2024,2,1,172000
2025,1,1,185920
2025,1,1,305000
2024,1,1,207000
2024,1,1,304496
2024,2,1,94600
2024,1,1,73700
2023,2,1,123000
2024,1,1,153700
2025,2,1,119200
2024,1,1,90800
2025,2,1,100000
2024,2,1,294000
2024,0,1,58400
2024,2,1,118000
2024,1,1,440000
2025,1,1,113900
2025,1,1,129500
2025,2,1,167300
2024,1,0,80000
2022,2,1,213120
2025,2,0,126406
2025,2,1,119000
2024,0,1,165700
2024,1,1,234000
2025,1,1,110000
2025,1,1,120000
2023,2,1,175000
2024,2,1,214000
2025,1,1,500000
2024,2,0,70636
2024,2,1,201601
2023,0,1,40400
2023,2,0,174000
2025,3,1,227950
2025,2,1,215800
2025,2,1,151000
2025,1,1,198600
2024,2,1,195500
2025,2,1,153925
2024,2,1,120400
2025,2,0,221052
2024,3,1,281800
2025,2,1,185000
2025,1,0,109000
2025,2,1,246000
2024,2,1,510720
2024,2,1,126651
2025,2,1,114000
2024,2,0,77777
2024,1,1,52700
2022,2,1,195400
2023,2,1,147000
2024,0,1,79700
2024,2,1,156312
2023,1,1,171000
2025,1,0,46711
2024,2,1,158945
2025,1,1,117300
2024,2,1,120000
2024,1,1,235950
2025,2,1,72700
2025,1,0,141217
2023,2,1,180000
2024,1,1,220000
2025,1,1,57850
2025,1,1,115824
2025,2,0,122000
2024,2,0,77500
2025,1,1,81094
2024,1,1,89500
2024,2,1,257900
2025,2,1,147900
2025,2,1,138550
2025,2,1,182000
2025,2,1,173300
2024,2,1,123470
2024,2,1,225500
2025,2,1,115000
2024,1,1,123400
2024,2,1,149020
2024,2,1,171000
2024,1,1,142800
2025,1,0,114625
2025,3,1,170498
2024,2,1,116250
2024,2,1,185475
2024,1,1,166000
2025,2,0,78571
2024,0,1,93000
2024,2,1,150000
2025,2,1,296300
2024,0,1,42000
2024,2,1,103200
2024,1,1,165300
2024,0,0,62960
2025,2,1,264200
2024,1,1,25000
2024,1,1,83028
2024,1,1,136000
2025,2,1,110000
2024,2,1,160900
2025,1,1,195400
2024,2,1,128000
2024,2,1,131040
2024,2,1,157054
2025,0,0,71029
2024,2,1,123250
2025,1,1,300000
2025,1,1,145860
2024,1,1,142020
2024,1,0,300000
2024,0,1,135600
2024,1,1,720000
2024,0,1,109000
2024,2,1,185440
2024,1,1,109350
2024,2,1,122400
2024,1,0,125000
2024,2,1,253000
2025,1,1,110000
2024,1,1,147500
2025,1,0,115000
2024,0,1,116646
2024,2,1,82365
2024,3,1,59755
2024,1,1,250000
2024,1,1,469000
2022,0,0,50000
2024,2,1,132600
2025,1,1,103997
2025,2,1,266400
2025,2,0,49263
2023,2,0,131685
2025,2,1,257850
2024,1,1,85000
2024,0,1,137100
2025,1,1,60000
2024,1,0,118592
2024,2,0,93750
2024,2,1,199700
2024,2,1,117200
2024,2,1,170000
2024,2,1,248000
2024,1,1,135400
2025,2,1,190575
2025,1,1,100960
2024,2,1,159800
2024,2,1,165000
2025,2,1,140000
2023,1,0,48585
2024,2,1,228000
2024,0,0,136873
2024,1,1,131000
2024,1,1,90000
2023,2,1,140000
2023,2,1,186846
2024,1,1,108500
2025,0,1,115825
2024,2,1,119900
2024,1,1,178200
2025,1,1,80000
2024,2,1,46000
2023,1,1,175000
2025,2,1,166750
2025,1,1,72300
2024,1,1,75650
2024,2,1,200000
2025,2,1,142200
2025,2,1,207800
2024,2,0,175000
2025,0,1,140000
2023,2,1,221000
2023,2,1,210000
2024,2,1,130000
2024,2,1,84000
2024,0,0,42866
2024,1,1,159832
2024,1,1,150000
2023,2,1,328133
2025,0,0,69120
2025,2,1,179400
2024,2,0,485000
2024,0,1,126170
2024,2,1,129375
2025,1,1,85000
2024,2,1,259000
2023,2,1,191000
2024,0,1,96800
2025,1,0,31212
2025,0,1,99450
2024,0,0,89953
2024,1,1,128300
2024,1,1,110900
2024,2,1,74800
2025,1,1,143900
2024,1,1,84600
2025,0,1,168100
2025,2,1,190000
2020,1,1,98000
2025,1,0,113400
2024,1,1,127300
2025,1,1,177000
2025,2,1,78947
2025,1,0,60400
2025,2,1,162500
2024,2,1,78000
2024,1,1,207992
2025,1,1,94604
2024,1,1,130000
2025,2,1,195000
2024,2,1,220000
2024,2,1,91920
2025,2,1,124000
2025,1,0,68421
2024,1,1,80300
2025,2,1,114000
2024,1,1,80000
2025,0,0,62045
2024,1,1,100000
2025,3,1,440190
2024,2,0,41333
2025,2,1,99500
2024,2,1,186840
2025,2,1,115600
2023,2,1,253200
2024,1,1,215000
2025,2,1,156000
2024,2,1,155000
2024,2,1,116300
2025,2,1,192000
2024,2,0,276760
2025,1,1,95600
2023,3,1,160000
2024,2,1,238000
2025,2,1,196000
2023,2,1,223602
2025,2,1,144000
2025,1,0,172000
2025,2,1,141400
2025,0,1,93500
2024,1,1,104960
2025,1,1,153792
2025,2,1,199400
2025,2,1,123200
2024,2,1,205000
2024,2,1,306000
2025,2,1,212000
2024,1,1,148017
2025,2,1,111240
2024,0,1,186000
2025,2,1,226000
2024,2,1,314000
2024,0,1,76000
2025,2,1,204300
2025,2,1,154700
2024,2,1,139400
2024,2,1,147471
2025,1,1,105000
2024,1,1,230000
2025,0,1,55000
2023,2,0,125000
2024,2,1,185350
2024,2,1,198000
2024,1,0,24075
2024,2,1,162000
2024,2,1,157605
2025,1,1,137000
2024,2,1,65300
2024,1,1,180000
2025,2,0,69620
2024,0,1,83203
2024,3,1,206000
2024,2,0,140000
2023,1,0,47238
2024,1,1,82000
2023,1,1,100000
2024,1,1,196720
2024,0,1,63000
2025,1,1,116700
2025,2,1,139900
2024,1,1,135000
2024,1,0,75600
2024,2,1,391406
2024,2,0,600000
2023,2,1,259000
2025,2,1,405000
2025,2,1,183498
2025,2,1,280000
2024,2,1,331640
2023,2,1,63000
2024,2,1,216429
2023,2,0,134000
2024,1,1,158000
2022,1,1,100000
2024,2,1,145350
2022,0,1,65000
2023,1,1,111000
2025,2,1,179365
2024,1,1,147140
2024,2,0,190000
2024,1,1,163200
2022,1,1,153000
2023,2,1,178538
2025,2,1,220000
2025,1,1,165000
2025,2,1,127890
2025,2,1,100000
2023,2,1,71500
2022,1,0,58837
2024,1,1,130000
2024,1,1,136300
2025,2,1,114600
2025,1,1,108500
2024,1,1,161406
2025,2,1,202000
2025,1,1,147000
2025,2,1,130100
2024,2,1,180000
2023,1,1,128000
2024,1,1,205500
2025,1,1,290000
2024,1,1,185329
2024,0,1,95000
2024,2,1,260590
2025,2,1,213418
2025,1,1,61000
2024,0,1,40000
2024,2,1,285200
2024,1,1,119200
2024,0,1,81400
2024,2,1,139300
2024,2,1,142320
2025,2,1,302000
2024,2,1,126500
2024,2,1,180700
2024,2,1,213345
2025,1,0,75000
2025,3,1,112700
2025,0,1,120033
2024,1,1,251600
2025,1,1,100000
2024,1,1,173400
2025,2,1,325000
2025,2,1,181220
2023,1,1,170000
2024,2,1,81640
2024,2,0,190000
2025,1,1,86000
2025,2,0,86331
2023,2,1,121500
2024,2,1,117200
2025,2,1,440000
2025,0,1,165143
2025,0,1,140000
2024,1,1,148300
2024,2,1,211180
2024,2,1,155700
2024,1,1,185000
2024,0,1,54600
2024,1,0,154000
2024,1,0,55902
2025,2,1,147850
2025,1,1,125760
2025,0,1,156450
2025,2,1,106000
2025,1,1,720000
2025,1,1,269640
2024,2,1,160000
2024,2,1,142500
2025,1,1,55000
2024,2,1,125760
2024,1,1,155900
2024,0,1,89600
2024,2,1,145537
2024,2,0,140000
2025,1,1,95000
2023,2,1,95800
2025,2,1,97870
2025,2,1,184000
2024,1,1,150000
2025,2,1,216000
2024,1,1,96400
2024,2,1,250000
2024,2,1,143200
2025,0,1,166625
2024,2,1,264200
2025,2,1,262500
2025,1,1,157043
2024,1,1,140000
2024,1,1,206000
2025,3,1,90000
2025,1,0,106089
2025,2,1,142000
2024,2,1,160200
2025,1,1,54000
2024,2,1,118800
2024,2,1,98000
2024,2,1,190900
2024,2,1,114200
2025,1,1,228800
2024,1,1,111800
2025,2,1,100000
2024,2,1,122900
2025,2,1,213000
2024,2,1,298000
2024,2,1,299375
2024,0,1,110000
2025,1,1,111662
2024,2,1,110000
2023,0,0,19434
2024,1,1,154800
2024,2,1,192700
2024,1,1,530000
2025,2,1,137649
2024,2,1,119700
2024,1,0,90000
2023,2,1,140000
2024,1,1,76230
2025,1,1,171300
2023,2,1,109528
2024,2,0,75000
2024,2,1,188640
2025,0,0,62847
2024,2,1,159300
2024,2,1,175100
2024,1,0,140000
2023,1,1,120000
2025,1,1,68000
2023,2,1,133800
2025,1,1,94000
2025,1,1,104000
2025,2,1,352300
2024,2,1,257000
2024,1,1,109200
2025,2,1,112000
2025,1,1,167000
2024,1,1,174000
2024,0,1,90900
2024,1,1,82500
2023,2,1,204000
2024,2,0,62222
2025,0,1,148100
2024,3,1,183000
2025,2,1,135960
2025,2,1,157900
2024,2,1,86000
2024,0,1,70000
2024,0,1,172000
2024,2,1,83600
2025,1,1,208250
2025,2,1,255000
2025,2,1,217600
2025,2,1,102400
2022,2,1,210000
2025,1,0,145389
2025,2,1,225600
2024,1,1,74181
2024,2,1,244000
2025,2,1,118800
2024,1,0,70000
2025,1,0,123449
2023,2,1,165000
2024,3,1,180000
2023,2,1,87980
2023,2,0,110000
2024,2,1,159000
2024,1,1,150929
2025,1,1,75300
2025,1,1,101500
2022,1,0,23000
2024,1,0,30000
2024,2,1,128000
2024,3,1,250000
2024,2,0,131990
2024,1,1,82400
2025,0,1,38000
2025,1,0,159600
2024,2,1,250600
2025,1,1,127400
2025,2,1,265000
2024,2,0,214500
2024,2,1,106700
2025,1,1,71900
2024,2,1,105353
2025,1,1,158400
2024,2,1,90000
2023,2,0,92280
2025,1,1,158000
2024,1,1,219420
2024,2,1,220900
2024,1,1,149925
2025,1,1,112000
2024,1,1,175000
2025,1,1,76900
2024,1,1,115800
2024,3,1,120000
2025,0,1,168000
2024,2,1,190700
2024,0,1,157450
2024,2,0,130000
2024,2,1,122200
2025,1,1,73500
2025,1,1,115000
2025,2,0,78012
2022,1,0,73546
2025,2,1,157850
2025,0,1,79574
2024,2,1,89200
2025,2,1,168500
2024,1,1,76160
2024,0,1,65900
2024,0,1,36000
2025,0,1,46800
2024,2,1,101100
2024,2,1,80000
2024,2,1,204000
2024,2,1,260590
2024,1,1,65500
2024,2,1,220000
2023,2,1,234000
2024,2,1,183300
2024,2,1,222900
2025,1,0,70000
2025,2,1,125700
2024,0,1,226700
2025,2,1,139710
2025,1,1,225600
2024,0,0,28428
2025,1,0,110500
2024,2,1,107000
2024,2,0,143750
2025,2,1,93581
2024,1,0,88461
2025,2,1,168300
2024,2,1,180000
2024,1,0,107054
2024,2,0,90000
2025,3,1,218860
2024,2,1,313000
2025,1,1,104080
2025,1,1,106676
2024,2,1,323400
2025,2,1,123250
2024,2,1,166700
2024,1,1,219000
2024,2,1,111900
2025,0,1,81000
2023,2,1,120500
2024,2,1,172800
2022,2,0,90700
2022,2,0,275000
2025,1,1,280000
2024,1,1,158600
2025,1,1,175800
2024,2,1,199234
2025,1,1,315000
2023,2,1,160000
2025,2,1,163300
2025,1,1,150700
2025,1,1,219650
2025,1,0,80000
2025,1,1,147000
2025,2,1,103125
2024,2,1,104000
2024,2,1,222200
2025,2,1,270250
2025,2,1,150000
2025,2,1,93281
2024,2,1,250200
2024,0,0,42477
2024,2,1,145000
2023,2,1,324000
2024,2,1,129315
2023,1,1,115000
2024,1,1,220000
2023,2,0,50000
2022,0,1,105000
2023,2,1,178000
2025,1,1,145000
2025,2,1,198000
2024,1,0,94068
2024,2,1,118000
2024,1,1,164800
2024,2,1,194063
2025,2,1,198300
2025,2,1,66206
2023,1,0,30760
2024,1,1,136500
2024,1,1,212000
2024,2,0,89423
2024,1,1,195900
2024,1,1,141400
2024,1,1,165760
2024,1,1,100000
2024,1,1,107000
2024,2,1,188640
2024,2,1,366000
2025,2,1,250819
2024,2,1,325200
2025,2,1,245000
2021,1,0,40038
2025,1,1,97760
2025,2,1,163800
2024,2,1,157400
2024,1,1,80000
2025,2,0,190000
2025,1,1,152400
2024,2,1,148122
2023,0,1,150000
2024,3,1,150000
2024,2,1,96800
2025,2,0,125693
2024,1,1,115000
2024,1,1,151000
2024,1,1,170200
2024,1,1,254000
2024,1,1,115500
2025,2,1,350000
2025,1,1,121000
2024,1,1,400000
2024,1,0,142000
2024,2,1,180000
2024,2,1,96000
2024,2,1,248700
2025,2,1,166080
2025,2,1,158113
2024,2,1,125700
2025,2,1,140000
2024,1,1,62500
2025,1,1,180000
2024,2,1,103300
2024,2,1,379500
2023,1,1,93300
2025,2,1,185000
2025,2,1,77785
2024,0,1,60400
2025,1,1,112632
2024,1,1,51800
2024,0,1,69000
2023,1,1,110000
2023,2,1,234900
2024,0,1,60000
2024,0,0,81000
2024,2,1,135150
2024,1,1,111410
2025,1,0,112377
2024,2,1,600000
2025,1,1,70900
2024,1,1,83900
2024,0,1,172000
2024,0,1,104000
2025,2,1,440000
2025,2,1,264801
2023,1,1,185000
2023,2,1,90000
2025,0,1,106711
2024,1,1,91050
2025,1,1,266000
2024,1,1,170038
2023,0,1,72500
2025,1,0,48275
2024,0,1,109400
2025,2,1,198000
2023,2,1,218755
2025,2,1,182400
2025,1,0,55837
2025,2,1,104000
2025,1,1,211300
2024,2,1,96700
2025,1,1,145000
2024,1,1,77500
2024,1,0,64574
2024,2,1,260000
2022,2,1,200000
2025,2,1,134000
2024,0,1,106590
2024,2,0,180840
2025,0,0,36708
2024,3,1,174100
2025,1,0,20606
2025,2,0,78427
2025,1,1,109441
2024,2,1,78000
2025,2,0,130000
2025,2,0,73684
2024,2,1,170502
2025,2,1,118700
2024,2,1,172800
2021,2,1,200000
2025,1,1,240000
2024,1,1,99900
2025,0,1,110500
2025,1,1,205000
2024,2,1,213000
2025,1,1,139776
2022,2,1,210000
2024,2,1,157850
2025,1,1,116000
2024,1,1,220000
2024,0,0,216500
2024,2,1,95500
2025,0,1,72600
2024,2,0,120859
2024,0,1,93000
2024,2,1,212800
2025,2,1,129900
2025,0,1,106000
2025,1,1,211306
2025,1,1,61046
2025,2,1,125000
2024,1,1,250000
2024,0,1,44000
2025,1,1,152500
2024,0,0,75200
2024,2,1,138900
2025,3,1,44460
2025,1,1,222600
2023,2,1,160000
2024,2,1,172000
2025,1,1,128800
2023,2,0,253750
2024,2,1,155000
2024,2,0,105000
2023,1,1,80000
2024,2,1,80000
2024,2,1,116100
2023,1,1,73100
2025,0,1,129450
2024,2,1,78900
2025,2,1,103596
2025,1,1,98500
2024,2,1,362200
2025,1,1,132000
2022,2,1,220110
2024,2,1,185000
2023,2,0,181000
2024,2,1,139500
2024,2,1,238000
2024,2,1,205000
2024,2,0,90408
2025,2,1,150987
2025,2,1,169499
2025,2,1,121400
2025,2,1,276100
2024,0,0,45000
2024,2,1,145000
2025,1,1,115143
2024,1,0,103000
2025,2,1,222000
2021,1,0,89294
2023,1,1,134000
2023,2,1,83270
2022,2,1,105000
2024,2,1,85000
2024,2,0,184000
2024,1,1,84533
2024,2,1,207800
2024,2,1,264800
2021,1,1,62000
2024,1,0,100800
2024,1,1,227700
2024,2,1,65000
2024,2,1,174400
2024,3,1,232000
2025,0,1,75000
2025,1,1,55350
2024,1,1,145700
2023,2,1,142000
2025,2,1,300000
2024,2,0,65625
2024,0,1,125000
2025,2,1,105860
2024,2,1,187982
2025,1,1,98400
2023,3,1,106500
2025,2,1,206000
2024,2,0,92700
2023,2,0,306400
2024,2,0,216700
2024,2,1,173000
2024,1,1,88000
2024,2,1,127600
2024,1,1,162000
2025,0,0,52531
2024,2,1,163000
2023,2,0,90000
2025,2,1,188400
2024,2,1,96400
2024,1,1,215000
2024,1,1,64300
2024,1,1,78060
2024,2,1,170000
2024,1,1,130145
2025,2,1,215000
2023,2,0,240000
2025,1,1,90000
2024,2,1,43700
2024,2,0,60437
2023,1,1,154800
2024,2,1,247300
2024,2,1,179000
2023,2,1,203649
2025,2,1,137600
2025,1,1,205000
2025,2,1,107919
2025,1,1,133861
2025,2,1,110000
2024,0,1,173100
2025,1,1,145600
2023,2,1,240350
2024,2,1,152152
2024,1,1,93750
2024,2,1,80000
2024,2,1,135600
2024,2,1,152000
2024,1,1,144000
2025,2,0,148000
2024,2,1,139810
2025,2,1,213400
2024,1,1,256500
2025,1,1,103000
2025,0,1,77100
2023,2,0,107968
2025,2,1,160000
2025,1,1,88560
2025,2,1,215000
2024,1,1,98467
2024,2,1,132500
2024,2,1,161600
2024,2,1,169700
2025,2,1,164000
2024,1,1,210800
2024,2,1,171700
2024,2,1,67400
2025,2,1,143000
2025,1,0,116480
2024,2,1,240000
2025,2,1,130000
2025,1,1,350000
2024,1,1,192000
2024,0,0,94386
2025,1,1,117300
2024,1,1,120000
2024,1,1,238518
2024,2,1,81200
2024,2,0,112500
2024,0,1,125400
2024,1,1,99300
2023,1,1,85000
2024,3,1,240000
2024,2,1,150000
2024,2,1,143100
2024,1,0,59842
2022,2,1,81666
2025,1,1,70000
2024,2,1,170000
2024,2,1,287000
2024,0,1,120200
2025,1,0,44715
2024,2,1,286830
2024,1,1,129960
2024,2,1,180393
2024,2,1,75000
2024,2,1,227374
2024,1,1,212500
2025,2,0,92050
2025,2,1,245700
2023,2,1,105000
2024,0,1,98900
2024,0,0,38375
2024,0,1,176060
2024,2,1,212000
2024,2,1,250600
2021,1,1,36259
2024,1,1,121800
2025,2,1,153600
2024,1,1,132000
2025,2,1,104370
2024,2,1,186150
2025,3,1,92000
2024,1,1,103100
2025,2,1,125760
2024,2,1,155555
2025,1,1,96013
2025,0,0,87368
2025,2,1,107657
2024,1,1,85700
2023,2,1,240000
2025,1,1,70000
2023,1,1,89500
2025,2,1,160000
2024,1,0,28666
2024,1,1,38000
2025,2,1,168000
2025,0,1,62000
2025,2,1,257500
2025,2,1,160000
2025,1,1,240800
2024,1,1,73100
2024,2,1,105000
2025,1,1,128300
2022,2,0,84053
2025,2,1,110000
2025,1,0,55696
2024,2,0,150000
2025,3,1,250600
2025,1,1,330000
2022,2,0,200000
2025,1,1,93170
2024,2,1,80000
2024,1,1,113000
2025,2,0,75600
2024,1,1,110000
2025,1,1,90600
2025,2,1,161800
2024,2,1,125000
2025,0,0,69500
2025,2,1,30000
2025,0,1,96678
2023,2,1,150000
2024,1,1,87000
2023,2,1,159000
2025,1,0,75949
2024,1,0,135625
2024,3,1,90000
2024,1,1,166600
2024,1,1,163000
2024,3,1,240000
2024,1,0,58750
2025,2,1,120000
2025,2,1,60000
2025,1,1,279792
2025,3,1,177500
2024,3,1,360000
2024,2,1,337300
2024,2,1,143060
2025,1,1,93400
2022,2,1,81500
2024,2,1,130000
2025,0,0,94936
2024,2,0,106250
2024,2,1,85300
2025,2,1,99000
2025,3,1,239500
2024,2,1,230000
2025,1,1,105000
2024,1,1,299000
2025,1,1,100000
2024,2,1,112300
2024,2,1,184000
2024,2,1,188000
2023,2,1,283050
2023,2,1,304000
2024,2,1,113500
2023,2,1,178600
2025,1,1,254400
2024,2,1,189000
2022,2,1,131300
2025,2,1,190000
2025,2,1,110000
2024,0,1,165300
2025,2,1,154305
2025,2,1,99100
2024,1,1,100493
2025,2,1,193000
2024,2,0,235000
2024,2,1,282900
2023,2,1,178200
2024,2,1,310919
2023,0,1,124234
2024,2,1,255000
2023,2,0,176000
2024,0,0,193000
2024,2,0,156000
2023,2,1,160000
2024,2,1,171000
2025,1,1,77216
2024,1,1,89500
2025,1,1,176785
2024,2,1,160000
2024,2,1,176770
2024,2,1,161700
2025,1,0,129851
2024,2,1,228800
2024,0,1,280000
2025,2,1,176770
2024,1,1,100000
2024,2,0,75000
2025,0,1,37000
2024,1,1,137500
2024,1,1,130000
2024,2,0,145620
2023,1,1,750000
2025,2,1,385000
2024,1,1,138900
2024,0,1,101200
2024,1,1,140000
2025,1,1,198400
2023,0,1,100000
2024,2,1,179562
2025,2,1,201000
2024,3,1,152000
2025,2,1,141700
2025,1,1,255000
2024,2,0,172000
2025,2,1,90900
2025,2,1,125000
2024,1,1,203000
2023,2,1,116300
2024,2,1,80500
2025,1,0,108643
2025,1,1,120000
2025,2,1,54500
2025,1,1,120000
2024,1,1,95900
2024,0,0,127305
2024,1,0,26666
2024,0,1,52300
2024,1,1,74984
2025,0,1,219000
2024,0,1,90000
2023,1,1,114000
2024,2,0,150000
2024,1,1,175000
2025,2,1,500000
2025,1,0,110000
2024,0,0,71937
2024,1,1,82783
2024,0,0,43750
2023,2,1,119213
2025,0,1,64900
2024,0,1,85500
2024,0,1,253000
2024,1,0,102000
2023,2,1,273500
2024,0,1,84000
2021,2,0,61896
2025,0,1,180000
2024,0,1,151260
2024,2,1,105000
2025,2,0,59418
2024,2,1,250200
2021,0,1,58000
2024,1,0,58000
2025,2,1,209999
2024,1,1,167687
2023,2,1,299000
2024,2,1,195000
2025,2,1,273000
2025,0,1,300000
2024,2,1,246000
2023,0,1,80800
2024,1,1,123000
2025,2,1,195596
2025,0,1,67000
2022,1,1,206699
2024,1,1,141450
2024,1,0,112500
2025,2,1,337300
2025,2,1,169400
2025,2,1,243800
2024,1,1,140000
2025,2,1,101469
2024,2,1,105500
2024,1,1,218000
2024,2,1,138800
2024,2,1,181500
2024,2,0,200070
2025,1,1,120000
2024,1,1,195000
2025,2,1,215000
2025,0,0,62484
2024,2,1,176520
2024,2,1,80000
2025,1,1,175800
2025,1,1,56000
2025,2,1,237100
2024,0,1,148960
2024,0,1,76000
2025,2,1,319000
2024,2,1,217000
2025,2,1,206000
2023,2,0,71475
2024,1,1,61600
2024,2,1,510000
2024,3,1,163500
2024,2,1,135000
2024,2,1,134000
2024,2,1,111100
2024,1,0,68750
2024,2,1,225000
2024,1,0,94444
2024,2,1,195140
2025,1,1,89600
2024,2,1,288000
2023,2,1,224500
2021,0,0,82528
2024,2,1,188000
2025,1,0,182857
2024,0,1,115000
2022,2,1,200000
2025,1,1,99000
2025,2,0,83400
2025,2,1,61600
2024,1,1,131900
2024,1,1,136500
2023,2,1,100000
2024,1,0,68750
2023,2,0,98432
2025,1,1,220000
2024,0,1,176580
2025,2,1,289500
2024,1,1,131000
2023,2,1,80000
2024,1,1,149000
2025,2,1,187330
2024,1,0,26666
2024,0,1,54397
2024,2,1,130000
2024,2,1,124750
2025,1,0,42105
2024,2,1,206700
2022,2,0,43096
2025,2,1,70000
2025,2,1,294000
2024,1,1,293000
2025,2,1,178000
2024,2,1,221170
2024,2,1,166900
2024,1,1,105646
2025,2,0,123157
2025,1,1,101020
2024,2,1,162500
2025,1,1,102000
2024,2,0,85555
2024,1,0,71967
2024,1,1,100500
2025,2,1,203300
2024,2,1,136000
2024,2,1,258100
2024,2,1,121400
2025,0,1,70100
2024,1,1,137100
2025,2,1,120000
2025,1,1,175000
2023,2,1,150000
2024,1,1,200000
2024,0,1,184300
2022,2,1,131300
2023,2,1,109400
2024,2,1,127000
2024,2,1,148000
2025,2,1,360200
2024,2,1,208505
2025,1,1,126000
2024,2,1,182549
2024,2,1,101400
2024,1,1,222742
2024,1,1,174000
2025,2,1,106200
2025,0,1,114000
2025,2,1,57000
2024,2,1,98240
2025,1,1,136200
2025,1,1,97900
2024,1,1,117200
2025,0,1,88500
2024,1,1,108550
2024,1,0,82900
2025,0,0,61950
2025,0,1,60000
2024,0,1,99385
2024,2,1,118800
2024,2,0,125821
2025,2,1,130000
2024,1,1,211600
2024,3,1,140000
2024,2,1,186114
2025,2,0,94220
2024,0,1,51500
2024,2,1,140000
2025,2,1,365000
2025,2,1,238000
2025,2,1,105000
2024,2,1,147400
2024,2,1,235400
2024,2,0,151200
2024,2,0,94444
2024,2,1,158200
2024,2,1,170000
2024,1,1,83300
2024,1,1,147000
2025,2,1,153600
2022,0,1,135000
2024,1,1,95000
2024,2,1,79300
2025,1,1,110200
2024,2,1,173000
2025,1,1,64890
2024,1,1,122000
2024,2,1,182300
2024,2,1,245100
2025,2,1,112200
2024,2,1,170000
2024,2,1,136900
2025,1,1,98600
2025,2,1,161920
2025,0,0,68354
2023,1,1,128750
2025,0,1,91375
2021,0,1,125000
2024,1,1,114000
2025,0,1,68000
2024,2,1,145000
2025,2,1,157500
2024,2,1,161200
2025,1,1,102400
2024,2,1,82000
2024,2,0,148100
2023,1,1,121000
2024,2,1,246500
2024,2,1,125000
2025,0,1,31645
2024,2,1,251250
2024,0,1,69862
2025,1,0,100000
2025,2,1,154000
2024,2,1,109700
2023,2,1,333500
2025,1,1,84500
2025,1,1,115000
2024,0,1,69620
2025,1,1,85100
2024,0,1,74652
2024,0,1,53200
2025,2,1,172000
2023,1,0,220000
2024,2,0,125000
2025,0,0,87200
2025,2,1,186675
2024,1,1,151800
2024,2,1,252450
2024,2,1,196000
2025,2,1,282200
2024,2,1,210000
2022,1,0,110446
2025,1,1,171000
2025,1,1,73300
2025,2,1,117440
2025,2,1,122500
2023,2,1,140700
2024,2,1,178700
2025,2,1,156310
2024,2,1,147500
2023,1,1,85445
2024,1,1,75000
2024,2,1,182400
2025,2,1,183580
2025,2,0,136950
2025,2,1,96900
2025,2,1,177500
2024,1,1,96700
2023,1,0,67672
2024,1,1,254856
2025,1,1,96500
2024,2,1,182000
2024,2,1,350000
2025,2,1,65800
2024,2,1,419750
2024,3,1,120000
2025,2,1,218500
2023,2,1,278300
2025,2,1,126100
2024,2,0,85500
2025,2,1,145000
2025,0,1,66300
2024,2,1,163600
2024,1,1,70000
2024,2,1,126900
2024,2,1,175100
2025,2,1,197400
2025,2,1,158200
2025,2,1,170000
2024,2,1,128300
2025,2,1,188700
2025,2,1,94753
2025,1,1,108200
2024,2,1,130600
2025,2,1,333960
2024,2,1,151000
2023,1,1,183310
2025,1,1,72813
2025,0,0,68354
2023,2,1,195000
2024,2,1,200000
2024,1,0,106500
2024,1,1,227000
2024,2,1,212800
2024,2,1,175000
2024,2,1,340000
2024,2,1,196900
2024,1,0,29333
2025,2,1,174500
2024,1,0,110000
2024,1,1,91000
2025,2,1,83600
2024,1,0,55328
2024,2,1,125000
2024,0,1,90000
2023,1,1,64300
2025,0,1,48000
2024,0,0,114918
2024,1,1,85750
2024,1,0,60300
2025,1,1,98300
2024,2,1,144650
2024,1,1,135500
2024,2,1,125000
2024,1,0,70000
2025,2,1,147000
2024,3,1,131500
2024,2,1,228600
2021,1,0,75050
2024,1,1,166698
2025,1,1,63100
2025,1,1,151440
2024,2,0,80000
2025,2,1,110000
2025,2,1,127300
2025,1,0,80000
2024,2,1,296000
2024,1,1,97300
2024,1,1,96450
2024,3,1,295000
2023,2,1,228045
2025,1,1,153925
2025,2,1,256000
2025,1,1,141000
2025,1,1,133900
2024,2,1,251950
2024,2,1,97500
2024,1,1,87607
2025,1,0,41197
2023,2,1,180000
2024,1,1,138900
2025,0,1,80000
2024,2,0,104900
2025,2,1,276500
2025,2,1,79200
2024,2,1,190000
2024,2,1,245575
2023,2,1,222000
2024,1,1,159500
2024,2,1,218625
2024,3,1,232000
2025,2,1,180200
2025,0,1,78100
2025,1,1,172486
2025,2,1,169000
2024,2,1,220000
2024,2,0,85800
2024,1,1,176720
2024,2,1,131400
2025,2,1,170000
2024,0,1,130000
2024,1,1,145860
2024,0,1,43000
2024,0,1,208000
2025,1,1,129639
2023,2,1,245100
2025,1,1,250000
2025,2,1,259900
2024,1,1,140000
2024,1,1,201000
2024,2,1,168000
2025,1,0,168000
2022,3,0,106000
2024,2,1,247300
2025,0,1,142200
2025,1,1,75700
2023,1,1,152000
2025,1,0,221518
2025,2,1,110000
2025,2,1,250120
2025,2,1,140000
2023,3,1,269600
2025,2,1,250000
2025,2,1,161300
2024,1,1,107395
2024,1,1,198000
2024,2,1,186754
2024,0,1,93100
2025,2,1,121400
2025,1,1,143000
2025,0,1,90000
2025,1,0,85000
2024,1,0,153000
2024,1,0,61562
2024,2,1,255475
2024,2,1,180000
2025,2,1,137000
2023,2,1,115000
2024,1,0,83600
2025,2,1,225400
2024,2,1,90000
2024,2,1,255000
2025,1,1,110000
2024,0,1,130916
2023,1,0,125000
2025,0,1,30000
2024,3,1,154600
2023,2,1,78800
2025,2,1,306500
2023,0,1,204620
2024,0,1,92900
2025,2,1,379700
2024,1,1,95000
2024,2,1,214000
2024,1,1,171000
2024,2,1,143100
2024,0,1,115000
2024,3,1,247500
2024,1,1,138000
2025,2,1,175800
2025,2,1,168000
2025,2,1,233400
2024,1,1,93000
2025,0,1,184000
2024,1,1,90100
2024,2,0,124200
2024,2,1,265080
2024,1,1,147000
2025,2,0,133571
2025,1,1,175000
2024,1,1,375000
2024,0,0,21333
2023,0,1,95000
2024,3,1,252000
2024,2,1,131750
2024,2,1,188500
2024,1,1,99000
2024,0,1,150987
2022,2,1,149850
2024,1,1,118860
2024,2,1,209440
2025,2,1,148540
2024,2,1,93300
2024,2,0,45000
2025,2,1,204000
2024,1,0,70230
2023,2,1,121904
2025,2,0,92050
2022,2,1,145000
2023,1,1,200000
2023,1,0,99000
2025,2,1,141300
2025,0,1,117940
2024,2,1,206700
2024,1,1,128000
2025,2,1,171700
2025,1,1,70000
2025,2,1,190000
2025,1,1,147500
2025,2,1,163064
2024,2,1,96900
2024,1,1,260570
2025,2,1,105000
2025,2,1,191000
2024,3,1,169977
2023,1,1,148500
2024,1,1,68000
2025,2,1,156420
2024,2,0,60060
2024,0,1,116000
2024,1,1,64890
2024,2,1,200000
2025,1,1,146520
2025,3,1,146000
2024,1,1,65000
2023,1,1,149600
2025,1,1,119752
2025,2,1,129400
2022,1,0,70186
2023,2,1,247000
2024,2,1,137000
2024,2,1,120750
2024,2,1,136190
2024,1,0,159000
2024,2,1,167481
2025,1,1,108311
2024,2,1,125400
2024,2,1,131300
2025,1,1,204300
2024,2,1,219230
2024,2,1,125600
2024,1,0,47200
2024,2,1,259000
2025,2,1,84000
2024,1,1,64000
2024,1,1,144650
2024,1,0,83750
2025,2,1,154000
2024,2,1,164300
2025,1,1,69878
2025,1,1,295000
2025,3,1,176400
2024,0,1,106590
2024,2,1,92240
2024,1,0,84981
2024,2,0,75600
2024,1,1,90400
2024,1,1,90600
2025,3,1,160000
2024,1,1,130514
2024,2,1,190000
2024,2,1,175000
2025,1,1,211920
2025,2,1,127900
2025,2,1,111996
2025,2,1,176719
2024,2,1,145900
2025,2,1,68500
2024,2,0,167000
2024,1,1,113000
2025,1,1,64000
2025,0,0,37974
2025,1,0,20463
2022,2,1,113900
2025,0,1,62300
2025,0,0,45203
2024,2,1,92000
2025,1,1,144212
2025,1,1,165600
2025,1,1,141600
2024,2,1,134400
2025,2,1,253000
2024,2,1,195903
2024,3,1,140000
2024,0,0,52001
2024,2,1,176000
2025,1,0,65400
2025,2,1,152000
2024,2,1,115000
2025,2,1,349600
2025,1,1,167800
2025,1,1,250600
2025,2,0,175000
2024,1,1,109800
2025,1,1,85040
2025,1,1,170000
2024,2,1,204000
2025,2,1,72000
2024,2,1,166600
2024,2,1,183330
2024,1,1,97335
2024,1,1,289000
2024,2,0,190000
2024,1,1,72000
2024,2,1,180000
2023,1,1,155000
2023,0,1,57920
2025,3,1,337500
2025,2,1,104000
2022,2,1,110000
2024,2,1,199500
2025,1,1,164431
2025,2,1,117760
2024,2,1,206800
2023,0,1,150000
2022,0,0,73742
2023,2,1,136994
2024,2,1,272000
2024,2,1,112200
2025,0,1,101000
2024,2,1,213200
2025,2,1,110240
2024,0,1,170186
2025,2,1,130000
2025,2,1,160000
2024,1,1,72000
2025,3,1,239900
2025,2,1,260000
2024,1,1,194000
2023,1,0,59382
2024,1,1,176000
2024,2,1,190000
2024,0,1,142300
2024,2,1,185000
2025,0,1,65164
2023,2,0,207700
2023,1,0,73824
2024,1,1,108000
2024,2,1,192000
2025,0,1,137100
2024,1,1,73200
2025,1,0,83141
2022,2,1,160000
2024,2,1,160000
2025,1,1,72250
2024,1,0,96600
2025,1,1,189000
2025,1,1,193900
2025,2,1,179657
2023,2,0,114979
2024,1,0,91300
2025,2,1,98000
2024,2,1,107657
2024,2,1,198600
2024,1,1,129960
2024,1,1,107910
2025,2,1,106000
2024,2,1,206000
2024,2,1,68000
2024,1,1,134991
2024,2,1,123400
2025,0,1,70000
2024,2,0,76800
2024,1,1,272000
2024,2,1,229702
2025,1,1,72500
2024,0,1,58542
2025,2,1,76100
2024,1,1,60800
2024,2,1,258750
2025,2,1,221700
2025,1,0,71166
2025,3,1,230000
2025,1,1,141440
2025,2,1,241600
2024,2,1,158950
2024,1,1,55620
2025,2,1,152000
2025,2,1,151280
2025,2,1,209000
2024,2,0,105100
2022,1,0,36940
2024,2,1,359000
2023,2,1,107900
2024,1,1,85000
2024,2,1,60000
2023,0,1,40000
2023,2,1,285800
2025,2,1,160000
2025,1,0,34387
2025,1,1,56000
2024,2,1,250000
2024,2,1,82600
2025,0,1,99549
2024,2,1,134500
2024,1,1,105000
2024,0,1,80000
2024,2,0,194500
2024,0,1,57800
2025,2,1,75000
2024,2,1,157500
2024,2,1,142000
2024,2,1,145600
2025,2,1,242650
2024,0,1,148200
2023,2,1,185000
2024,2,1,200000
2023,2,1,172600
2024,1,0,29333
2024,1,1,78700
2025,2,1,192900
2025,2,1,193000
2024,1,1,168150
2024,2,0,76800
2024,1,1,185800
2025,1,1,124000
2024,2,1,126800
2022,1,0,76814
2024,2,1,130000
2024,0,1,46500
2024,2,1,360000
2025,0,1,165360
2025,1,1,85150
2024,2,1,188640
2025,2,1,326600
2024,1,1,220000
2025,2,1,153500
2025,2,1,79800
2024,1,1,157200
2025,2,1,441300
2025,2,1,302400
2024,2,1,300000
2025,1,1,196000
2024,0,0,21333
2024,3,1,200000
2024,2,1,196100
2025,0,0,109000
2025,2,1,171000
2024,2,0,61333
2025,2,1,96600
2025,2,1,368640
2025,0,0,78000
2023,0,1,61200
2024,2,1,101600
2024,1,1,114700
2024,0,1,75600
2024,2,1,146900
2025,1,1,70000
2025,2,1,85000
2025,2,1,90000
2024,2,1,260850
2025,2,1,100000
2024,2,1,158000
2025,2,1,107919
2025,1,0,107594
2024,0,1,57600
2024,2,1,450000
2024,2,1,188500
2024,0,1,180000
2024,1,1,86555
2024,2,1,120000
2024,1,1,70800
2024,2,1,171500
2025,0,1,50000
2025,2,1,314400
2025,2,1,116800
2024,1,1,98880
2023,2,1,126500
2023,2,1,126000
2024,1,1,130000
2024,1,0,95000
2024,2,1,207760
2024,1,0,120000
2024,2,1,289400
2024,1,1,243922
2025,1,1,110000
2025,2,1,64000
2024,1,1,87380
2024,1,0,56453
2024,2,1,170000
2025,0,1,56040
2024,0,1,133900
2025,2,1,108500
2024,1,1,264200
2024,2,1,74375
2024,2,1,141480
2025,2,0,84210
2025,2,1,252900
2025,2,1,140000
2024,2,1,302800
2025,3,1,63001
2024,2,1,77000
2024,2,1,75216
2024,1,0,42457
2025,3,1,125000
2025,1,1,134160
2024,2,1,180100
2024,2,1,144000
2025,2,1,159000
2024,2,1,252000
2024,1,1,76000
2022,1,0,31520
2024,1,1,222900
2024,1,1,122250
2025,2,1,228000
2024,1,0,118384
2024,0,1,125800
2025,2,1,161000
2025,3,1,142250
2024,1,0,80000
2025,2,1,200000
2023,1,1,190000
2023,2,0,146100
2024,1,1,167537
2024,2,1,193960
2024,2,1,199467
2024,0,1,92700
2023,2,1,132624
2025,2,1,199150
2024,2,1,200000
2025,1,1,100100
2023,1,1,240000
2025,2,1,70000
2024,2,1,187000
2024,1,1,92650
2024,2,1,200000
2023,2,1,225900
2024,2,1,198000
2025,2,1,114700
2025,3,1,125000
2024,1,1,207000
2023,2,1,330000
2024,2,1,215000
2025,2,1,138000
2024,2,1,260625
2025,0,0,15281
2023,2,1,94770
2025,2,1,176500
2024,2,1,124488
2024,2,1,199870
2024,1,1,141100
2024,2,1,116700
2025,2,1,219200
2024,0,1,75600
2024,2,1,110600
2024,1,0,137000
2024,1,0,113846
2024,2,1,170700
2024,1,1,91000
2023,1,1,72409
2024,2,1,143616
2024,1,1,44000
2024,0,1,223500
2024,2,1,197500
2024,2,0,85000
2024,1,1,67600
2024,1,1,84398
2025,1,1,242000
2023,0,1,60000
2025,2,1,266000
2024,2,0,200000
2024,2,1,103977
2024,3,1,200000
2024,1,1,148100
2025,2,1,113000
2024,2,1,115704
2024,1,1,100400
2024,0,1,139700
2024,0,1,100000
2025,0,1,110400
2024,1,1,204000
2025,2,1,207279
2024,0,1,50200
2024,2,1,305000
2025,1,1,212000
2025,1,1,89990
2024,1,1,158000
2025,2,0,125800
2024,2,1,184600
2023,2,1,153800
2024,0,1,32000
2025,1,1,199500
2024,2,1,125000
2025,2,1,130000
2024,1,1,115000
2023,2,1,94100
2024,1,1,65000
2025,2,1,182300
2023,0,0,79976
2025,0,1,68124
2023,1,1,127000
2025,1,1,148000
2023,2,1,225000
2024,1,1,171600
2025,2,1,103800
2024,1,0,36000
2024,2,1,271000
2024,2,1,284900
2024,2,0,159090
2024,2,1,98400
2024,2,1,148000
2025,0,0,16000
2025,2,1,175000
2024,2,1,75600
2024,2,1,145000
2024,2,1,285000
2025,2,1,299500
2024,2,0,104298
2025,1,1,163862
2024,2,1,79348
2025,1,1,105000
2024,2,1,297000
2024,2,1,84500
2024,2,1,114900
2024,2,0,92627
2024,0,1,39600
2024,1,1,70000
2024,2,1,234000
2025,2,0,57000
2025,1,1,413250
2025,2,1,68640
2025,1,1,160000
2025,1,1,180000
2025,0,1,184000
2025,2,1,112900
2024,2,1,234520
2024,1,1,134000
2024,1,1,173000
2025,0,0,31578
2025,2,1,153000
2025,3,1,170000
2024,2,1,148440
2024,0,0,44444
2025,2,1,238000
2024,2,0,64444
2024,1,1,87000
2025,2,1,118900
2025,2,0,56962
2025,1,1,217000
2023,2,1,203000
2025,2,1,244200
2025,2,1,170040
2023,2,0,160000
2024,0,1,43725
2024,2,1,297850
2025,1,0,110250
2023,2,1,150000
2025,2,1,173100
2024,0,1,113500
2024,1,1,56200
2024,0,1,96000
2024,1,0,84813
2024,2,0,68750
2024,1,1,132000
2025,1,0,53901
2022,1,1,200000
2022,1,1,60000
2024,2,1,164700
2024,2,0,55555
2024,0,1,60000
2024,2,1,207000
2024,2,0,229438
2024,2,1,145300
2024,1,1,93000
2025,2,1,238874
2024,2,1,111600
2024,1,1,440000
2024,2,1,194000
2024,0,1,96000
2024,2,1,120165
2024,1,1,89000
2024,2,1,169442
2024,0,0,17333
2025,2,1,138765
2024,1,0,120000
2024,2,1,155000
2025,2,1,269000
2025,2,1,110760
2024,1,1,100450
2024,0,1,70500
2025,2,1,125760
2025,2,0,126582
2024,2,0,137500
2024,2,1,322000
2025,2,1,130000
2024,0,0,40000
2023,2,1,167580
2024,1,1,60800
2024,1,0,130000
2025,2,1,224000
2024,2,1,197011
2025,2,1,124000
2024,2,1,184000
2025,2,1,135400
2024,2,0,145620
2024,1,1,100612
2025,2,1,750000
2022,2,0,68293
2025,2,1,368230
2025,2,1,306000
2024,2,1,375000
2024,2,1,155413
2025,1,1,115700
2023,1,1,111400
2024,2,0,171000
2025,2,1,146000
2025,1,0,95483
2024,1,1,200000
2023,2,1,131000
2025,2,1,200000
2024,1,1,160000
2024,2,1,165000
2023,2,1,180000
2025,0,1,144400
2024,2,1,298000
2024,1,1,175800
2024,2,0,119900
2022,2,1,198440
2025,2,1,67700
2024,1,1,170000
2024,1,1,90000
2024,2,1,201400
2024,1,1,266000
2025,2,1,138800
2024,2,1,169625
2024,2,1,123000
2024,2,1,282450
2024,1,1,97200
2024,1,1,183000
2024,2,1,178600
2025,2,1,234300
2025,1,1,124000
2024,1,1,89500
2024,2,1,242650
2024,2,1,118150
2024,1,1,170000
2025,0,0,84813
2024,1,1,175800
2025,2,1,150000
2024,1,1,50700
2025,1,0,91746
2025,2,1,174557
2024,2,0,30000
2025,2,0,126582
2025,2,0,68700
2024,2,1,127300
2024,2,1,151220
2025,2,1,115000
2024,1,1,216200
2024,0,1,86000
2025,2,1,140700
2024,1,1,110975
2025,0,1,106900
2024,3,1,260000
2024,2,1,119500
2024,1,1,187000
2025,3,1,120000
2024,2,1,220035
2025,2,1,284300
2024,1,1,156400
2024,2,1,180000
2025,2,0,138510
2024,1,1,70000
2024,3,1,280000
2024,2,1,176720
2024,2,1,135127
2024,2,1,125760
2024,2,1,137000
2023,2,0,92000
2023,2,1,222000
2024,2,1,167000
2024,1,1,81563
2025,2,1,212500
2025,0,1,136500
2024,1,1,149100
2023,0,0,26992
2025,1,1,141960
2024,2,1,237100
2025,2,1,176000
2024,2,1,113900
2025,2,1,150000
2024,3,0,53333
2024,1,0,152000
2024,2,1,385000
2024,2,1,145000
2024,2,1,296300
2024,2,1,129912
2024,2,1,175300
2025,2,1,243400
2023,2,1,108000
2024,2,1,190000
2025,1,1,154900
2024,0,1,140000
2025,2,1,239000
2025,1,1,105100
2024,1,0,50000
2025,1,1,130900
2024,1,1,54000
2024,2,1,120000
2025,2,0,64683
2025,2,1,105100
2025,1,1,156700
2025,2,1,201300
2025,2,1,161230
2025,1,1,164120
2024,2,1,122200
2024,0,1,58560
2025,2,1,176720
2024,2,1,135400
2024,1,1,207992
2024,2,1,61600
2024,3,1,135000
2025,0,1,85000
2024,1,1,116000
2022,2,1,134000
2024,1,1,117000
2025,0,1,70092
2025,1,1,162500
2024,0,0,90000
2025,2,1,179000
2024,2,0,69150
2025,2,1,118300
2024,1,0,90400
2024,2,1,163000
2024,1,1,96400
2022,1,0,42026
2024,2,1,158400
2024,0,1,70000
2025,1,0,155367
2023,2,1,265000
2024,1,1,104000
2023,1,1,205920
2025,1,1,164612
2025,0,1,88889
2025,1,1,114399
2024,2,1,119000
2025,1,1,152400
2025,2,1,181125
2025,0,1,57000
2024,2,1,161600
2025,0,1,96350
2024,1,1,52000
2025,1,1,150000
2024,2,1,224250
2023,2,1,146000
2024,1,1,222880
2024,1,1,116000
2023,2,1,139700
2024,2,1,130000
2024,1,1,111740
2025,1,1,97500
2025,2,1,231100
2024,1,1,156100
2024,2,0,181440
2025,1,1,149880
2024,1,1,51600
2024,1,1,149040
2024,1,0,76923
2025,2,1,195000
2024,1,1,177492
2024,2,1,230000
2024,2,0,146153
2024,1,1,132000
2025,1,0,303797
2024,0,1,143100
2024,2,1,138000
2024,2,1,193500
2025,1,1,182850
2025,2,1,176000
2025,3,1,155000
2024,1,1,128600
2025,3,1,291800
2025,0,1,125900
2024,2,0,64000
2023,2,1,227000
2025,2,0,57142
2025,1,1,70600
2024,2,1,99900
2024,0,1,58000
2024,2,1,290180
2025,1,1,340000
2025,2,1,180000
2024,2,1,123300
2025,0,1,62186
2025,0,1,165600
2024,2,1,75624
2024,2,0,43750
2025,1,1,244000
2023,2,1,165400
2024,2,1,169624
2025,2,1,270400
2023,1,1,158400
2023,2,1,134000
2024,2,1,260590
2025,0,1,30000
2025,2,1,170000
2024,2,1,160000
2024,2,1,240600
2025,2,1,340000
2025,2,1,200740
2024,2,1,170400
2022,1,1,120000
2024,1,1,126300
2024,1,0,57333
2025,2,1,135000
2025,2,1,184000
2025,2,1,175000
2025,2,1,167000
2025,1,1,97344
2024,2,1,118000
2024,3,1,80000
2024,1,1,62000
2024,2,1,159408
2025,2,1,130500
2025,2,1,280726
2024,2,1,189000
2024,1,1,81900
2025,2,1,94000
2024,1,1,242000
2024,2,1,356500
2024,1,1,55000
2024,1,1,105975
2024,1,1,96475
2024,2,1,66000
2023,1,1,120681
2024,0,1,143100
2024,2,0,91000
2024,2,1,279900
2023,2,1,122900
2025,2,0,162950
2025,2,1,211000
2025,0,1,54500
2025,0,1,43900
2023,2,1,102434
2024,2,1,118200
2025,3,1,270500
2025,2,0,77263
2024,1,1,116979
2025,1,1,230000
2025,2,1,250000
2024,2,1,188500
2024,1,1,309000
2024,0,1,41000
2024,1,1,143750
2025,0,0,31578
2025,1,1,85000
2024,1,0,76923
2025,1,1,153925
2024,2,0,162500
2025,2,1,276400
2024,1,0,91937
2024,2,0,45000
2025,3,1,169000
2024,2,1,248000
2024,2,1,185000
2024,2,1,86900
2024,3,1,233100
2024,0,1,40000
2024,2,1,189200
2023,1,1,258700
2025,1,1,80000
2025,2,1,204600
2025,0,1,67236
2025,1,0,149600
2024,2,0,199700
2024,2,1,170721
2025,1,1,212750
2025,1,1,112200
2025,2,1,169190
2024,1,1,308000
2024,2,1,194000
2024,1,1,130900
2024,1,1,68270
2023,2,1,130000
2025,1,0,242000
2024,2,1,410000
2024,2,1,89500
2024,1,1,208800
2025,1,1,123760
2022,2,1,215300
2024,1,0,49080
2024,2,1,120000
2024,2,1,244868
2024,1,1,143100
2025,2,1,174000
2024,0,0,33500
2024,1,1,150000
2021,2,1,160000
2024,3,1,50000
2025,2,1,192000
2025,1,0,99367
2024,1,1,106000
2023,0,0,18000
2024,1,1,265000
2024,1,1,125000
2025,2,1,202500
2025,2,1,190720
2024,2,1,112950
2023,2,0,79032
2025,2,1,284280
2023,1,0,104584
2024,1,1,89500
2024,1,1,136500
2024,1,1,237500
2024,0,1,232222
2024,2,1,206700
2025,2,1,213480
2024,2,1,145200
2024,2,1,217000
2024,1,1,136300
2024,2,1,250000
2025,1,1,80000
2024,3,1,375516
2023,2,1,139750
2024,1,1,73730
2023,2,1,127000
2024,1,1,143000
2024,2,1,125000
2025,2,1,130000
2024,1,1,100900
2025,2,0,139400
2025,1,1,135000
2024,2,0,56250
2024,0,1,185619
2025,2,0,89473
2024,2,1,173100
2024,2,1,338560
2024,2,1,178300
2025,1,1,104800
2024,0,1,43000
2024,3,1,130880
2025,2,1,251850
2024,1,1,139200
2025,0,1,180650
2024,1,1,96000
2024,2,1,116377
2024,0,1,105000
2024,1,1,58100
2025,2,1,248700
2024,1,1,186800
2024,1,1,115000
2024,1,1,231250
2024,1,1,161925
2024,2,1,119250
2024,1,1,173000
2024,2,1,177688
2025,2,1,150000
2024,2,1,120000
2025,1,1,140000
2024,2,1,103330
2025,0,0,82500
2024,1,1,200200
2024,0,1,85000
2025,2,1,110600
2024,2,1,325500
2025,3,1,270000
2025,1,1,95000
2025,2,1,262000
2023,2,1,106500
2024,1,1,250000
2022,2,1,106260
2025,0,1,141000
2024,0,1,42700
2024,1,0,61111
2025,2,1,215040
2024,1,1,115000
2025,0,1,94400
2025,1,1,68730
2025,0,1,126000
2024,2,1,75600
2024,2,1,126500
2024,2,1,159000
2025,2,1,73400
2024,2,1,122246
2024,2,1,160000
2024,2,0,77777
2025,2,1,92144
2025,2,1,167981
2025,1,1,79200
2024,1,1,119800
2024,2,1,199145
2024,1,1,174600
2025,2,1,222910
2020,1,1,105000
2024,0,1,89000
2025,2,1,162850
2023,2,1,130838
2024,1,1,85000
2025,1,1,72000
2024,1,1,131700
2022,2,1,195400
2025,2,1,152190
2024,1,1,149300
2025,1,1,155000
2025,0,0,150000
2024,1,1,111000
2025,0,1,35200
2024,0,1,51250
2025,2,0,325000
2024,2,1,87400
2024,2,1,180000
2025,2,1,328500
2024,3,1,274800
2024,1,1,312200
2025,1,1,139360
2024,2,1,288400
2024,2,0,167000
2024,2,1,220900
2024,1,1,81900
2024,1,1,134900
2023,1,1,193170
2024,1,0,110630
2025,2,1,81307
2025,0,1,123000
2024,1,1,91260
2025,2,1,208000
2025,2,1,165500
2025,1,1,120000
2025,1,1,184000
2023,1,1,75000
2023,2,1,119610
2025,2,1,151300
2023,2,1,171000
2024,0,0,87500
2024,2,1,123700
2024,2,1,146500
2025,3,1,354600
2024,1,1,161700
2023,2,1,184000
2024,2,0,187500
2025,2,1,215424
2025,2,1,174080
2025,1,1,218000
2024,0,1,141300
2023,2,1,183900
2024,2,1,175000
2025,2,1,136000
2024,2,1,85000
2025,1,1,171599
2025,2,1,280500
2025,2,1,133900
2025,1,0,89532
2024,1,1,162500
2025,0,1,54000
2025,1,0,151200
2025,2,1,378700
2024,1,0,85000
2024,1,1,65000
2024,1,1,120200
2024,2,1,211000
2024,1,1,95000
2025,0,1,91200
2024,1,0,41250
2024,0,1,112320
2025,2,1,140000
2024,0,1,98600
2024,0,1,39500
2024,2,0,154442
2024,1,1,333000
2024,2,1,82000
2023,2,1,128000
2025,1,1,125395
2024,2,1,160000
2025,2,1,113000
2023,1,0,72000
2024,0,1,70000
2025,1,1,156750
2024,1,1,169000
2025,0,1,188000
2024,1,1,98300
2025,1,1,177000
2024,2,1,160000
2024,1,1,175000
2023,2,1,129300
2025,2,1,75644
2024,1,1,109100
2024,1,0,121000
2025,3,0,192500
2025,2,1,194740
2024,1,0,57920
2022,2,1,198440
2025,1,1,85000
2024,1,1,258750
2024,1,1,95000
2024,2,1,285670
2025,1,1,80900
2023,3,1,219650
2024,1,1,189750
2023,0,1,91200
2024,1,1,244860
2023,1,1,110000
2025,2,1,128500
2025,2,0,74285
2023,1,1,81800
2025,0,1,73600
2024,3,1,110000
2025,2,1,135800
2025,2,0,156500
2024,1,1,225060
2025,2,1,95795
2024,2,1,148000
2023,0,1,150000
2024,2,1,88340
2024,2,1,214300
2024,2,1,188600
2024,2,1,215000
2025,1,1,310000
2024,2,0,157850
2024,0,1,45000
2025,1,1,75000
2025,1,0,34007
2024,1,0,153227
2025,1,1,105000
2024,0,1,57060
2025,2,1,149471
2024,0,1,158500
2025,2,0,94936
2025,2,1,110000
2024,2,1,130590
2021,1,1,100000
2025,1,0,113400
2024,1,0,45000
2024,2,1,214500
2024,1,1,69000
2024,1,1,329333
2021,2,1,120000
2024,2,1,194000
2025,3,1,284858
2025,2,0,75949
2025,1,1,142000
2024,2,1,142500
2025,2,1,240300
2025,2,1,298300
2024,2,1,143000
2025,1,1,177000
2024,3,1,250000
2025,2,1,247845
2025,1,1,110000
2024,0,1,126500
2025,2,0,51262
2024,2,0,95060
2024,1,0,107349
2024,2,1,189000
2023,2,1,123750
2024,1,1,184662
2025,2,0,115200
2024,2,1,188600
2024,1,1,141200
2025,2,1,84500
2024,2,0,165000
2024,1,1,123400
2024,2,0,56250
2024,1,1,159668
2025,1,1,114080
2024,1,1,195000
2024,2,1,62000
2025,1,1,237500
2025,2,1,133650
2024,2,1,279400
2024,2,1,240000
2024,0,0,52250
2023,2,1,78000
2024,0,1,88215
2025,1,1,200000
2024,2,1,236000
2024,1,0,220000
2024,1,1,140000
2024,2,1,255000
2025,2,1,327200
2025,2,1,182000
2024,2,1,146700
2025,3,1,267050
2025,2,1,124000
2024,0,1,118600
2023,1,1,130900
2023,2,1,222000
2021,1,1,110000
2024,1,1,94500
2023,1,0,80750
2024,1,1,184800
2025,2,1,170000
2024,2,1,192000
2025,1,1,135000
2025,2,1,216400
2025,2,1,115000
2025,2,0,69620
2024,1,1,113900
2024,1,1,82600
2024,1,1,257984
2025,2,1,130900
2023,2,1,100000
2024,1,1,112298
2025,2,1,208000
2024,1,1,60400
2024,1,0,129851
2024,0,0,364905
2024,1,1,170700
2025,2,1,124900
2025,1,1,311779
2024,2,0,56227
2024,1,1,163950
2025,1,0,80000
2024,0,1,172000
2024,1,1,180000
2025,2,1,194000
2024,3,1,221000
2025,1,0,34103
2024,0,1,106000
2023,1,1,165000
2024,1,1,92222
2025,2,1,122000
2024,1,1,160700
2024,1,1,111350
2024,2,1,144198
2024,1,1,85000
2024,0,1,100000
2025,2,1,151300
2025,1,1,115100
2024,2,1,149000
2024,1,1,259500
2025,1,1,182000
2024,1,0,72000
2024,1,1,234500
2024,2,1,211000
2022,2,1,249500
2024,1,1,126651
2024,1,1,168500
2024,2,1,105100
2025,1,1,154000
2025,1,1,64000
2025,2,1,163200
2025,1,1,56250
2024,1,1,78000
2025,0,1,55250
2025,2,1,208500
2022,2,1,190000
2024,1,1,237050
2025,2,1,152650
2024,0,1,40800
2024,1,1,129239
2024,3,1,227500
2025,0,1,162500
2025,1,0,20210
2025,1,1,264000
2024,2,1,115000
2025,2,1,76400
2025,2,1,101000
2024,1,1,100000
2025,3,1,315000
2024,2,1,194000
2024,0,0,89230
2024,2,1,256150
2024,0,0,84111
2025,2,1,115900
2025,2,1,192400
2025,2,1,264200
2024,1,1,165000
2024,2,1,75300
2025,1,1,115000
2025,2,1,159400
2025,1,1,155000
2024,1,1,220000
2024,2,0,179000
2024,2,1,175800
2024,2,1,58800
2025,2,1,84600
2024,2,0,500000
2024,1,1,218500
2024,0,1,125000
2022,0,0,28368
2024,1,1,190000
2024,0,1,118750
2024,2,1,259000
2025,1,0,36842
2024,2,1,104000
2023,2,1,116300
2024,2,1,101600
2024,1,1,128000
2025,2,1,111100
2024,2,1,113600
2025,2,1,265703
2025,0,1,60000
2024,3,1,170500
2025,2,1,440000
2025,0,0,50866
2025,1,1,75280
2025,1,1,720000
2025,2,1,150000
2024,2,1,125760
2024,2,1,250000
2023,2,1,183750
2024,2,0,77777
2024,1,1,107600
2024,3,1,138200
2025,2,1,236800
2025,2,1,202400
2024,2,1,183600
2023,1,1,115300
2025,2,0,35473
2023,3,1,130000
2024,1,1,337250
2025,1,1,100000
2025,1,1,63000
2024,0,1,145000
2024,2,1,267100
2024,1,1,92000
2023,0,1,55000
2024,2,1,109100
2024,3,1,260000
2024,1,0,210960
2024,2,1,212109
2025,2,1,139597
2024,2,1,142000
2024,1,1,119313
2024,2,1,142200
2025,2,1,140000
2024,2,1,53000
2024,2,1,239600
2024,2,1,165100
2024,1,1,66800
2025,1,1,136858
2025,2,1,141900
2025,2,1,91800
2025,2,1,129780
2024,1,1,169800
2024,2,0,123200
2025,0,1,70000
2025,2,1,165000
2023,2,1,160000
2024,0,1,140000
2024,2,1,207000
2024,1,1,178000
2024,1,1,65900
2025,2,1,85000
2024,2,1,108822
2024,2,1,282000
2024,2,1,97400
2024,1,1,129800
2023,2,1,145000
2025,2,1,215000
2025,1,1,100100
2024,2,1,160160
2025,1,1,153925
2025,2,1,180000
2023,1,0,17511
2023,2,1,185000
2024,0,1,50700
2024,1,1,193200
2022,2,0,73546
2021,1,0,88654
2024,2,1,101500
2024,2,1,293800
2023,1,1,99000
2023,2,1,110000
2025,0,0,74058
2025,2,1,79700
2024,2,1,140000
2025,1,1,80000
2024,1,1,150000
2025,0,1,69444
2024,0,1,53800
2024,1,1,152600
2024,1,1,200000
2024,1,1,156000
2024,2,1,235000
2025,1,1,82160
2024,1,1,151800
2024,2,1,130000
2024,2,1,120973
2024,1,1,173800
2024,1,1,90950
2024,1,1,108200
2025,0,1,150700
2024,1,1,168000
2024,1,1,141200
2024,2,0,180000
2024,2,1,82400
2021,1,0,63810
2024,2,1,187900
2024,2,0,136420
2024,0,0,92000
2024,2,1,232223
2024,2,1,143712
2025,2,1,320000
2025,1,1,96120
2024,1,1,92000
2024,0,0,60000
2025,2,1,170000
2025,2,0,132911
2025,2,1,145400
2024,1,1,160455
2025,2,1,116800
2024,1,1,86600
2023,1,1,95000
2024,3,0,201000
2024,2,1,276000
2025,1,1,116000
2025,2,1,143320
2025,1,1,295000
2024,0,1,62393
2025,2,1,201600
2024,1,1,97300
2024,0,1,72750
2024,1,1,99000
2025,1,0,117000
2025,1,1,169050
2025,2,1,172500
2025,2,1,147840
2024,3,1,280000
2023,1,1,219000
2025,1,1,90300
2025,3,1,196000
2024,0,0,46250
2024,2,0,117040
2024,1,1,306000
2024,2,1,120700
2025,1,1,176000
2024,1,1,149000
2025,2,1,130000
2025,1,1,117200
2024,2,1,110000
2024,1,1,145400
2024,1,1,231110
2023,1,1,137500
2025,1,1,138000
2024,2,1,179800
2024,2,1,95100
2025,2,1,127800
2025,0,1,69200
2025,0,1,162000
2024,0,1,156100
2025,2,1,247000
2024,1,1,210000
2024,2,1,221500
2024,2,0,60000
2024,1,1,74300
2025,0,1,94000
2025,2,1,194900
2024,2,1,180000
2024,2,1,120000
2024,1,1,355000
2024,2,1,322000
2024,1,0,212500
2024,2,1,56000
2025,1,0,46029
2025,1,1,275000
2024,2,1,199500
2022,1,1,173000
2025,1,1,196100
2024,2,1,137000
2022,2,1,167500
2025,2,1,510000
2024,2,1,128000
2024,1,1,720000
2025,2,1,250200
2025,3,0,197156
2023,0,1,145000
2023,2,1,142600
2025,2,1,146300
2024,0,1,93400
2024,2,0,93800
2024,0,1,137436
2024,1,1,99300
2024,2,1,190000
2024,2,1,160580
2024,0,1,111500
2023,2,1,231250
2024,2,1,144600
2024,2,1,193300
2024,1,1,96250
2023,2,1,183000
2024,2,1,133000
2023,2,1,233400
2024,3,1,195804
2024,2,1,168200
2024,1,1,284000
2024,1,1,98000
2024,1,1,193000
2025,2,0,105583
2025,1,1,114400
2025,1,1,98000
2025,2,1,149020
2023,2,0,160000
2025,2,1,250000
2024,2,1,245000
2025,0,1,92100
2025,1,1,117498
2025,2,1,106900
2023,1,1,69000
2024,1,1,174342
2024,1,1,164600
2023,2,1,212800
2024,1,1,172000
2023,2,0,175000
2024,2,1,89700
2025,0,1,123625
2025,0,1,173040
2023,2,1,153300
2024,1,0,39245
2025,2,1,113000
2025,2,1,255300
2025,2,1,160000
2025,1,1,171900
2024,1,1,75000
2024,0,0,220000
2025,2,1,216975
2024,1,1,114400
2023,1,1,250000
2024,2,1,125000
2024,1,1,124000
2023,1,0,43187
2025,3,1,230000
2024,0,1,63000
2025,2,1,109000
2024,2,1,137000
2022,2,1,161342
2024,1,1,218185
2024,2,1,163202
2025,2,1,195000
2023,2,1,96100
2024,2,1,154800
2024,2,1,260000
2025,1,1,189670
2025,2,1,140622
2025,1,1,115800
2024,2,1,174000
2024,1,1,146851
2022,2,0,115573
2024,1,0,92307
2025,2,1,135000
2024,2,1,170000
2025,2,0,247368
2024,1,0,107000
2024,1,0,49183
2025,2,1,160000
2025,2,1,115900
2024,1,1,124800
2025,2,1,189600
2024,3,1,220000
2025,2,1,76233
2021,2,1,200000
2025,2,1,81000
2025,1,1,85000
2024,1,1,134869
2025,1,1,199000
2023,2,1,150000
2025,1,1,293800
2024,0,1,84800
2025,2,1,206690
2024,1,1,67800
2025,2,1,237100
2025,2,1,202750
2022,2,1,150075
2024,1,1,204900
2024,2,1,236872
2024,2,1,103500
2024,1,1,215000
2024,2,1,141100
2025,1,1,129000
2024,2,1,241100
2025,2,0,147857
2024,2,1,245400
2023,1,1,110000
2024,2,1,144100
2023,2,1,195800
2024,2,1,165500
2024,0,1,168888
2024,3,1,340000
2025,3,1,300000
2024,1,1,234550
2024,3,1,240000
2024,2,1,250200
2025,0,1,98865
2022,2,1,160000
2024,1,1,65000
2023,1,0,79976
2025,1,1,313000
2020,1,0,20000
2023,3,1,210000
2024,2,1,249800
2024,2,1,213600
2024,2,1,85469
2025,2,1,163116
2024,1,1,129950
2025,2,1,125900
2024,1,1,178000
2024,0,1,137750
2025,2,1,84750
2022,0,1,74540
2024,3,1,209309
2024,2,1,118976
2024,0,1,77265
2025,3,0,250000
2025,1,1,137750
2024,2,0,122222
2025,1,1,75000
2024,1,1,201300
2025,1,1,283500
2024,2,1,145538
2024,2,1,266000
2024,2,0,57692
2024,0,1,110100
2025,1,0,128150
2024,1,1,199500
2024,1,1,185752
2025,2,1,254000
2025,0,1,87115
2024,2,0,37500
2024,0,1,132000
2024,2,1,230000
2025,0,1,98100
2025,1,1,149000
2025,2,1,204100
2024,1,1,160000
2025,2,1,165000
2024,1,1,500000
2025,0,1,115000
2025,2,1,123478
2025,2,0,179000
2024,1,1,205700
2023,2,0,240000
2024,0,1,153600
2024,2,1,280000
2024,2,1,137770
2024,1,1,240240
2024,1,1,316000
2024,2,1,209660
2024,2,1,75400
2024,2,1,133500
2024,3,1,337500
2025,2,1,323000
2023,2,1,179000
2024,0,1,80000
2025,2,0,199200
2025,2,1,333300
2023,2,1,205000
2024,2,1,144500
2025,1,0,90000
2025,0,0,66428
2024,1,1,48250
2025,0,1,68900
2024,0,0,40000
2023,2,1,224880
2025,1,1,88900
2024,1,1,110200
2025,1,1,95000
2025,1,0,190000
2024,1,1,66990
2024,2,1,147000
2024,2,1,145000
2023,2,1,184800
2024,1,0,84000
2024,2,1,176500
2024,2,1,199100
2025,2,1,140000
2024,0,1,48000
2024,2,1,172000
2025,2,1,270000
2024,3,1,342650
2024,2,1,156000
2024,2,1,267905
2024,0,1,99500
2024,2,1,136100
2024,2,1,220000
2025,3,1,100000
2024,1,0,155000
2024,1,1,96800
2024,2,1,168000
2024,2,1,95000
2025,1,1,173160
2024,1,1,64900
2024,2,1,236900
2024,1,1,164169
2025,2,1,323000
2025,1,1,105622
2024,2,1,246500
2024,2,1,139000
2024,1,1,160000
2025,2,0,145260
2023,1,1,162000
2024,3,1,230000
2025,1,1,149750
2024,1,1,171000
2024,2,1,127496
2024,1,1,57300
2024,2,1,267720
2025,0,1,57810
2024,1,1,122100
2024,1,1,156000
2024,2,1,237500
2024,2,1,250000
2024,2,0,323295
2024,0,1,140000
2025,2,1,74000
2025,1,1,74000
2022,2,1,243225
2025,2,1,140000
2025,2,1,312200
2025,2,1,100000
2024,1,1,185000
2025,2,1,224000
2025,1,1,131500
2024,0,1,89000
2024,2,0,90000
2024,2,1,165000
2024,2,1,84836
2023,1,1,59000
2025,2,1,92700
2024,1,1,170023
2024,1,1,97344
2025,2,1,249800
2024,1,1,105000
2024,2,1,95000
2025,2,0,212850
2024,1,1,71250
2024,2,0,87500
2025,1,1,115000
2025,2,1,530000
2025,2,0,236842
2024,2,1,182600
2022,2,1,345600
2024,2,1,223500
2023,1,1,260600
2024,1,1,139400
2024,2,1,75900
2024,1,1,61360
2024,2,1,139400
2023,2,0,60000
2023,2,1,205000
2024,2,1,183600
2024,2,1,142500
2024,3,1,213480
2024,2,1,126000
2025,1,1,294000
2025,2,0,72285
2025,1,0,76000
2023,2,1,138000
2025,2,0,236842
2025,1,0,128000
2025,2,1,118000
2024,2,1,113000
2024,2,1,236220
2024,1,1,303000
2025,0,1,60000
2022,2,1,152000
2024,1,1,160000
2025,1,1,93500
2025,1,1,79310
2024,2,0,250000
2025,1,1,158200
2025,2,1,160000
2024,2,1,122500
2025,1,1,164000
2025,2,1,113600
2025,2,1,250900
2024,1,1,68000
2024,2,1,74800
2024,1,1,163000
2025,3,1,300000
2024,2,1,118700
2025,0,1,144345
2024,1,0,67661
2024,1,1,207815
2024,2,0,54276
2024,1,1,250000
2024,2,1,78000
2025,2,1,191872
2024,0,1,110500
2025,1,1,60350
2024,2,1,247300
2025,1,1,118700
2025,2,1,73135
2022,1,1,135000
2024,2,1,285000
2025,2,1,168560
2025,2,1,248700
2024,2,1,133000
2024,2,1,170000
2024,1,1,114400
2024,2,1,127905
2024,2,1,105700
2025,2,1,123500
2024,0,1,77988
2025,2,1,169300
2025,2,1,180000
2024,2,1,161175
2024,2,1,154800
2023,2,1,164000
2024,2,1,342000
2025,1,1,82100
2024,2,1,107571
2023,2,1,162540
2024,0,1,96761
2024,2,1,82100
2024,2,1,147500
2024,2,1,147000
2025,2,1,180000
2024,2,1,200000
2025,2,1,156000
2025,2,1,294000
2022,1,1,148500
2025,2,0,200000
2024,2,1,163116
2025,0,0,26315
2024,0,1,36300
2025,2,0,115329
2025,1,1,170500
2023,2,1,145000
2025,2,1,110100
2024,2,1,94000
2025,2,1,213000
2024,1,0,120000
2025,0,1,180000
2025,2,1,257000
2023,2,1,150000
2024,2,1,296300
2024,2,1,200200
2025,2,1,155000
2024,2,1,198900
2024,1,1,143896
2025,2,0,79587
2024,1,1,266157
2024,1,1,96000
2024,2,1,175000
2025,2,1,155900
2024,1,1,250000
2024,2,1,340300
2024,1,0,38888
2024,2,1,187040
2024,1,0,235950
2025,1,1,115200
2025,0,1,105000
2024,2,1,199234
2024,2,1,108000
2025,2,1,99700
2024,0,1,62000
2025,2,1,222000
2022,2,1,172000
2025,2,0,199200
2024,2,1,194286
2024,1,1,120000
2025,2,1,97600
2025,0,1,83000
2024,0,1,60300
2025,2,1,117200
2024,3,1,142250
2024,1,0,150000
2024,1,1,98400
2024,2,1,74800
2025,3,0,270000
2023,2,1,283000
2024,0,0,40000
2024,2,1,210800
2024,2,1,138000
2025,2,1,178000
2025,2,1,194600
2024,2,1,364100
2023,2,1,189750
2025,2,1,128250
2025,1,1,127890
2025,0,0,48022
2024,1,1,70500
2024,2,1,315000
2024,2,1,104800
2024,2,1,197000
2025,2,1,145000
2024,1,1,163700
2024,3,1,161500
2025,2,1,175000
2024,1,0,110000
2024,3,1,180000
2024,2,1,279000
2024,2,0,115200
2023,2,1,266450
2025,2,0,111613
2025,2,1,205500
2023,1,0,48450
2024,1,1,243300
2025,1,1,276100
2024,2,1,85000
2024,1,1,97344
2024,1,1,96600
2024,2,1,148000
2024,1,1,124690
2024,0,1,92494
2025,1,1,188700
2025,2,1,86600
2025,2,1,95000
2025,2,1,200000
2025,2,1,407942
2025,2,1,119913
2023,1,0,38868
2024,2,1,109480
2024,1,1,190000
2024,1,1,82867
2025,3,1,316000
2021,1,0,25532
2024,2,0,168187
2025,2,0,89873
2024,2,1,254400
2024,2,1,222830
2024,2,1,500000
2025,2,0,212000
2024,2,1,177500
2023,2,1,180560
2024,0,1,162240
2024,2,1,125500
2024,2,0,97658
2022,2,1,100000
2025,2,0,79700
2023,2,1,145000
2024,2,1,95722
2024,1,1,70000
2024,2,1,125000
2024,2,1,220600
2024,0,0,58800
2024,2,1,289400
2025,1,1,264200
2025,2,1,267500
2024,0,1,69000
2025,2,0,98526
2022,2,0,29944
2025,2,1,233000
2024,2,0,112000
2024,1,1,146000
2023,2,1,120096
2024,1,1,125600
2023,2,1,76050
2024,2,0,113333
2025,2,1,174500
2025,1,1,151100
2024,2,0,81250
2024,2,1,74800
2024,1,1,191300
2025,2,0,316455
2025,1,1,200000
2022,2,1,136000
2024,1,1,85750
2024,2,1,194065
2022,1,1,100000
2024,2,1,177688
2023,1,1,130410
2024,2,1,80000
2025,1,1,186000
2025,1,1,34700
2025,1,1,80000
2024,2,1,126500
2024,1,0,66666
2025,0,1,116000
2024,2,1,187158
2024,2,1,195500
2024,1,0,409000
2024,2,1,155900
2024,2,1,137810
2024,1,0,77777
2025,2,0,124700
2025,2,1,254000
2023,1,1,107682
2024,1,1,176100
2024,2,0,96600
2024,2,1,224300
2025,2,1,118000
2024,2,1,267720
2024,1,1,115400
2024,1,1,84100
2024,2,1,154000
2023,2,1,129000
2024,2,1,160160
2024,2,1,110000
2025,1,0,52547
2025,2,1,326800
2024,2,1,110000
2024,1,1,190000
2025,1,1,115800
2025,2,0,78672
2024,2,1,185000
2024,1,0,115200
2025,3,1,203000
2025,2,1,146500
2024,1,1,169300
2025,2,1,126000
2025,1,1,133346
2025,2,1,151100
2025,2,1,149000
2024,2,1,75000
2020,2,1,188000
2025,0,1,75774
2024,2,1,204598
2024,0,1,111894
2025,1,1,250000
2024,2,1,192000
2024,2,1,367000
2024,2,1,147900
2024,3,1,142320
2025,1,1,190000
2025,1,1,238400
2025,1,1,145800
2025,2,1,223500
2025,1,0,100000
2024,2,1,237500
2025,1,1,135000
2025,1,1,167687
2025,2,1,67700
2024,1,0,162500
2024,2,1,136500
2024,2,1,120000
2024,2,1,250600
2024,2,1,145000
2024,1,1,236872
2025,1,1,290004
2024,2,1,250900
2025,2,1,116270
2024,0,1,108000
2024,2,1,143000
2024,2,1,224000
2025,0,1,116147
2025,2,1,245050
2025,1,1,70000
2024,1,1,152000
2024,2,1,244000
2024,0,1,78200
2024,2,1,272400
2024,1,1,220000
2022,2,1,315000
2025,2,1,135600
2025,0,1,80000
2025,2,1,219000
2025,1,1,81400
2025,2,0,140000
2024,1,1,229986
2024,0,1,110136
2024,1,1,99298
2023,2,1,213210
2024,2,1,108000
2024,1,1,87400
2025,0,0,139200
2024,1,1,153300
2024,1,0,242000
2025,2,1,218250
2023,2,1,167560
2025,2,1,193000
2024,2,1,136800
2024,2,1,234700
2025,2,1,130023
2024,2,1,179000
2025,2,1,111000
2023,2,1,139600
2024,2,1,267500
2025,1,1,98300
2025,1,1,172400
2025,1,1,148850
2025,1,1,231000
2025,1,0,34105
2024,3,1,175800
2025,2,0,177215
2024,2,1,264480
2023,2,1,250830
2025,1,0,110000
2024,2,1,163400
2025,1,0,74778
2025,0,0,67100
2024,2,0,171478
2024,2,1,312200
2024,1,1,175900
2024,3,1,211800
2025,2,1,269000
2025,0,1,107100
2024,0,1,72000
2025,1,1,136325
2025,0,1,52000
2024,1,1,81600
2024,1,1,69722
2025,1,1,184100
2025,2,0,138510
2024,2,1,155800
2024,2,1,182549
2024,2,0,55555
2025,1,1,68000
2025,3,1,182000
2023,3,1,172200
2024,2,1,115000
2024,1,1,90000
2024,1,1,312000
2024,0,1,95776
2024,2,1,50000
2024,2,1,199680
2025,2,1,300000
2024,1,1,106050
2024,2,1,247250
2024,3,1,165000
2025,2,1,165495
2025,2,0,57306
2024,2,1,112000
2024,2,1,109000
2025,1,1,150500
2024,1,1,136800
2025,1,1,108700
2024,2,0,90750
2025,0,0,20000
2023,1,1,85000
2024,2,0,179084
2024,2,1,180000
2024,2,0,64000
2024,1,0,110000
2024,0,0,80769
2025,3,1,170760
2024,0,1,150000
2022,3,1,242000
2024,2,1,145600
2025,2,1,315100
2025,2,1,172500
2024,2,1,327750
2024,2,1,249600
2024,2,1,141340
2025,2,1,250000
2022,2,1,236900
2024,2,1,85000
2024,2,1,97300
2024,2,1,100022
2024,0,1,50541
2024,1,1,160000
2025,0,1,112908
2024,2,1,115590
2024,0,0,85200
2025,2,1,120100
2024,2,1,300000
2024,1,0,86163
2023,1,1,110000
2024,0,1,109900
2025,2,1,130000
2024,3,1,180000
2025,1,0,84807
2025,1,0,88290
2024,0,1,106000
2025,2,1,180000
2024,0,1,57000
2025,1,1,87000
2024,1,1,178000
2024,2,1,66000
2024,1,1,102424
2024,2,1,228790
2024,2,1,204000
2024,2,1,190900
2025,1,1,69000
2024,1,1,143100
2023,2,1,95000
2025,2,1,86000
2025,1,1,160000
2024,1,1,163238
2025,1,1,68975
2024,3,1,280000
2024,2,1,258000
2025,2,1,183500
2025,1,1,89000
2023,2,1,184950
2024,1,1,221760
2024,2,0,98000
2025,2,0,126582
2025,2,0,30896
2025,2,1,300000
2024,0,1,95100
2024,2,1,231000
2023,0,1,132600
2025,1,1,61793
2024,2,0,93750
2025,2,0,97088
2024,2,1,201600
2024,2,1,180400
2025,1,1,164497
2025,2,1,94400
2025,1,1,71400
2024,2,1,258720
2025,2,1,196000
2024,1,1,127614
2024,0,0,33333
2023,2,1,340000
2025,1,1,425000
2023,3,0,135344
2024,2,1,197700
2024,2,1,105500
2025,0,1,90000
2024,1,1,166600
2025,2,1,150000
2024,1,1,166500
2024,2,1,82100
2024,3,1,245000
2025,2,1,87000
2024,1,1,134500
2023,1,0,43064
2024,0,0,75000
2025,1,1,77400
2025,2,0,72000
2025,2,1,80900
2025,0,0,59418
2024,2,1,140700
2024,1,1,165000
2024,2,1,276000
2024,1,1,137000
2024,2,1,200000
2025,2,0,126582
2025,2,1,109130
2024,3,1,200000
2023,0,0,43187
2025,2,1,245000
2024,0,1,195700
2024,1,1,76200
2024,1,1,129960
2024,2,1,169000
2023,2,0,213300
2024,2,0,85000
2024,1,0,23093
2025,2,1,232000
2024,1,1,117800
2024,2,1,178250
2025,2,1,146000
2023,2,1,150200
2024,2,1,140726
2024,1,1,117840
2022,3,1,205000
2025,0,1,84600
2025,2,1,251600
2023,1,1,131200
2024,0,1,96720
2024,1,1,110000
2025,2,1,105070
2025,2,1,155920
2025,1,0,80118
2024,2,1,219300
2025,2,1,180000
2024,1,0,100064
2024,1,1,60400
2025,1,1,73826
2024,2,1,126200
2024,2,0,156170
2024,2,1,131750
2025,1,1,173000
2023,2,1,192000
2024,2,1,140200
2025,2,1,156400
2024,2,1,70000
2024,1,1,170600
2024,1,0,142444
2024,1,1,210100
2024,1,0,109200
2023,1,1,58161
2025,2,0,96000
2024,2,1,164160
2025,2,0,87000
2024,1,0,71250
2025,2,1,84600
2024,2,1,255000
2025,1,1,183500
2024,1,1,128000
2024,0,1,87000
2023,0,0,50000
2025,0,1,92000
2025,1,0,175000
2024,2,0,171210
2025,2,1,244000
2025,0,1,74100
2025,2,1,135000
2025,2,1,153600
2025,2,0,110500
2023,0,1,132567
2023,1,1,120000
2023,1,0,54000
2025,0,0,95000
2024,2,1,113900
2024,2,0,201111
2024,2,1,425000
2023,2,1,218500
2024,2,0,187500
2025,1,1,180000
2025,2,1,190000
2025,1,1,86600
2024,1,1,82900
2024,2,1,250200
2024,1,1,290004
2025,2,1,175860
2024,1,1,154460
2025,0,1,59231
2025,2,1,106700
2025,1,1,135400
2025,2,1,69200
2024,2,1,294800
2024,2,0,56250
2024,2,1,241800
2025,1,1,91100
2025,2,1,115000
2024,1,1,121000
2024,1,1,219221
2024,0,1,52016
2024,2,1,130920
2024,1,1,218000
2024,2,1,108472
2025,2,0,192000
2024,1,1,274206
2024,2,1,185000
2024,2,1,134000
2025,1,1,114000
2025,2,1,130000
2025,2,1,126500
2024,2,1,245300
2024,0,1,53000
2024,1,1,92600
2025,2,1,100500
2025,2,1,108618
2024,0,1,40000
2023,2,1,97500
2024,2,1,316900
2024,1,1,110200
2025,2,1,265800
2024,2,1,165000
2024,2,1,113928
2024,2,1,243000
2024,2,1,285000
2025,2,1,170200
2024,2,1,113300
2024,2,1,97497
2024,1,1,130000
2025,1,1,104550
2025,1,1,181000
2025,2,1,97000
2025,2,1,130400
2024,2,0,98400
2023,2,1,155000
2025,2,1,115800
2024,2,1,245000
2024,2,1,282500
2025,1,1,100000
2024,1,1,106100
2024,3,1,150000
2024,2,1,180000
2024,0,0,30408
2025,2,1,145600
2024,1,1,116979
2024,2,1,216923
2025,2,1,98333
2025,2,0,92050
2024,2,1,127000
2024,2,1,162468
2023,0,0,21593
2025,0,1,140400
2025,2,1,244800
2024,2,1,285200
2025,0,1,111900
2025,2,1,126100
2024,2,1,154960
2025,2,1,370300
2024,2,1,313600
2024,2,1,95325
2025,2,1,220200
2025,2,1,300050
2024,1,1,178090
2024,2,1,120000
2024,2,1,174900
2024,1,1,80420
2025,1,0,99000
2025,2,1,112000
2024,2,1,120000
2024,2,1,118500
2024,2,1,119473
2025,0,1,65490
2023,2,1,181500
2022,2,1,78000
2024,1,1,63000
2024,1,1,148000
2024,1,1,175000
2025,1,1,125000
2025,2,1,103040
2024,2,1,305000
2025,1,0,171600
2024,2,1,164000
2024,1,1,93919
2024,2,0,127777
2024,2,1,202500
2024,0,0,91000
2025,0,1,46000
2024,0,1,95100
2024,2,1,72402
2025,1,1,240800
2025,2,0,125000
2025,0,1,64527
2024,1,1,71500
2024,2,1,90710
2024,2,1,275000
2025,1,0,83600
2025,0,0,79200
2025,2,1,185000
2025,0,1,82900
2025,3,1,170760
2025,1,1,143900
2024,2,1,135000
2024,1,1,116250
2024,0,1,82100
2024,1,1,61600
2024,1,1,125200
2024,3,1,87280
2024,1,1,244700
2024,2,1,230000
2025,1,1,307000
2025,2,1,720000
2025,1,1,350000
2024,2,1,126017
2023,1,1,142200
2024,2,0,75000
2024,1,1,160440
2025,0,1,143700
2024,3,1,312200
2024,2,1,157200
2025,1,0,57484
2025,0,1,73600
2024,2,1,151300
2025,2,1,127000
2024,1,1,138278
2025,1,1,204000
2023,2,0,143100
2025,2,1,126900
2025,0,1,59600
2023,2,1,170000
2025,1,0,107594
2024,2,1,207300
2025,1,1,94156
2024,1,1,79200
2024,2,1,120000
2024,2,1,230000
2024,0,1,91500
2025,2,1,82940
2024,2,1,206645
2024,3,1,138200
2024,1,0,46155
2025,1,1,251000
2022,2,1,70000
2024,2,1,309000
2024,2,1,150200
2024,1,1,102000
2024,2,1,232700
2024,2,1,129800
2024,2,1,414000
2025,2,1,72000
2025,0,1,121000
2023,1,1,158600
2025,1,1,125760
2024,1,1,103800
2023,0,1,130000
2025,1,1,89739
2024,0,0,61111
2024,0,1,176800
2025,2,1,166570
2024,2,1,166000
2025,2,0,242000
2023,2,0,110000
2024,2,0,137500
2024,2,1,227950
2025,1,1,93000
2025,2,1,250545
2024,1,1,115000
2024,2,1,288400
2024,1,1,167000
2024,2,0,145620
2024,2,1,411650
2024,1,0,30000
2025,1,1,100000
2024,2,1,87728
2024,2,1,182000
2025,2,1,150450
2025,0,1,136700
2025,2,0,169400
2024,2,1,125000
2025,2,1,160000
2024,2,1,190000
2024,1,1,90000
2024,1,1,296300
2023,1,1,65000
2024,1,1,72200
2024,2,1,107300
2024,1,1,214000
2025,1,1,100000
2024,1,1,227000
2024,1,1,207800
2025,0,1,208800
2024,0,0,54276
2024,1,1,136800
2025,3,1,185000
2024,1,1,192300
2025,1,1,120000
2024,1,1,112300
2024,2,1,101000
2024,2,1,500000
2025,1,1,193390
2022,2,1,198800
2025,0,1,120000
2024,2,1,110400
2024,1,1,117500
2024,1,0,80000
2024,1,1,94700
2024,2,1,170000
2025,2,1,173000
2024,2,1,609000
2024,2,1,168000
2024,2,1,200000
2024,2,1,112061
2023,2,1,90000
2024,2,1,175300
2024,0,1,81075
2024,1,1,96800
2024,2,1,180000
2025,2,1,240000
2024,2,0,144000
2024,2,1,250000
2025,1,1,40000
2024,1,1,179400
2022,1,0,30523
2023,2,1,161900
2025,1,1,122500
2023,1,1,136000
2024,1,1,94900
2024,2,1,145300
2023,2,1,157250
2024,0,1,73165
2024,2,0,215000
2024,2,1,115900
2025,1,1,165500
2025,2,1,122300
2024,1,1,69996
2025,1,1,82800
2024,2,1,234700
2024,1,1,86250
2025,0,1,115700
2025,1,1,82000
2025,0,1,61896
2024,1,1,79900
2024,1,0,49880
2024,1,1,173040
2025,2,1,250377
2025,2,1,90000
2024,1,1,209296
2025,2,1,140600
2024,2,1,79100
2025,2,1,273000
2023,1,0,40000
2024,2,1,234000
2024,2,1,140000
2025,2,1,196200
2025,2,1,157560
2024,2,1,88500
2024,2,1,129800
2025,1,1,123300
2024,0,0,84600
2024,1,1,224000
2024,2,1,246800
2025,2,1,217100
2024,2,1,148949
2024,2,1,137600
2024,1,1,272000
2024,1,1,148000
2025,0,1,52000
2021,2,1,153000
2021,1,1,130000
2025,1,1,137857
2025,2,1,286600
2024,0,1,83600
2025,2,1,75000
2024,2,1,216466
2025,2,1,73008
2025,1,1,86000
2025,1,1,240240
2025,2,1,145000
2023,2,1,155000
2025,2,1,150000
2025,2,1,182000
2024,2,1,95000
2024,2,1,211500
2024,2,1,86850
2024,2,0,306250
2024,2,1,208900
2024,0,1,337250
2024,2,0,171210
2025,1,1,90496
2025,1,1,55016
2024,2,0,161200
2025,1,1,72200
2024,2,1,215000
2025,1,1,43888
2025,1,1,104015
2024,1,1,160000
2025,1,1,102000
2024,1,1,315000
2025,3,1,230700
2024,0,1,176580
2024,1,1,56000
2024,2,1,116100
2024,1,1,160000
2024,1,1,108472
2024,1,0,78592
2025,0,1,38000
2023,2,1,277000
2024,1,1,80000
2024,2,1,215000
2025,1,1,130000
2025,0,1,125327
2025,2,1,249800
2023,2,1,285000
2023,3,1,113000
2024,1,1,165500
2024,0,1,39500
2023,1,1,108500
2024,0,1,72100
2024,2,0,77777
2023,2,0,142436
2024,1,0,73073
2024,1,1,181475
2024,2,0,215000
2025,2,0,81094
2025,0,1,75860
2024,2,1,110400
2025,1,1,129000
2025,1,1,146000
2025,2,1,153000
2024,0,0,58750
2024,1,1,54000
2025,1,1,80000
2025,2,0,38000
2024,2,1,150000
2025,0,1,117900
2024,1,0,157800
2024,2,1,129100
2025,2,1,215000
2024,2,0,120000
2024,2,1,60000
2025,2,1,138500
2025,1,1,108600
2024,1,1,91900
2024,1,1,51000
2024,2,1,151000
2024,1,1,134000
2024,1,0,43750
2024,2,1,316000
2023,2,0,266500
2024,2,1,208000
2023,2,1,295490
2024,2,1,259440
2024,2,1,91100
2024,3,1,110000
2024,2,1,120000
2024,2,1,178100
2023,1,0,130000
2025,1,1,197730
2024,1,1,126000
2025,2,1,171000
2023,2,1,148590
2022,2,0,89306
2025,0,1,337250
2025,2,1,312200
2025,1,1,75000
2024,2,0,88888
2024,1,1,212800
2025,2,0,53071
2024,1,1,120750
2022,1,1,85000
2023,1,1,135000
2024,2,1,159000
2024,0,1,100000
2024,1,1,124300
2025,1,1,114120
2024,2,1,80700
2024,0,1,51824
2025,2,0,135000
2024,1,1,90000
2024,2,0,199700
2025,2,1,212000
2024,1,1,149282
2024,2,1,158010
2025,1,1,130000
2024,3,1,141440
2024,0,1,137750
2024,1,1,212780
2024,1,1,131000
2025,1,1,115890
2024,2,1,160000
2024,1,1,223100
2023,1,1,193500
2024,2,1,139100
2024,0,1,145300
2025,2,1,101000
2023,2,1,269100
2025,1,1,134300
2024,2,1,149200
2024,0,1,230000
2024,2,1,99900
2025,1,0,150000
2024,1,0,85600
2024,2,0,144900
2024,0,1,50000
2024,2,1,136175
2025,2,1,180000
2025,1,0,145730
2024,2,1,176000
2023,1,1,70000
2024,2,0,260000
2024,1,1,93700
2022,2,1,140000
2025,2,0,113924
2024,2,1,96038
2025,2,1,164600
2025,0,1,120000
2024,2,1,169900
2025,1,1,140000
2024,2,1,123000
2025,1,1,102000
2024,2,1,204200
2025,0,1,96000
2021,2,1,160000
2024,3,1,188640
2025,2,1,119000
2025,1,1,113625
2025,2,1,412937
2024,2,1,269100
2025,0,1,47840
2024,0,1,74000
2025,1,1,135400
2024,2,1,130000
2025,2,1,236500
2025,1,1,400000
2024,2,1,147000
2025,2,1,206100
2024,1,1,149900
2025,2,0,54500
2023,2,1,99400
2024,1,1,118020
2024,0,1,125000
2024,1,1,97000
2025,1,1,168188
2025,1,1,164000
2025,1,1,235000
2024,2,1,270700
2025,2,1,129500
2025,2,1,113074
2024,2,1,86000
2024,1,1,80000
2024,1,1,95200
2023,1,1,85800
2023,3,1,157500
2024,2,1,195000
2024,2,1,144300
2024,1,1,194500
2025,2,1,117200
2024,0,1,139154
2025,1,1,90000
2024,1,1,102500
2024,2,1,144500
2025,1,1,63780
2025,1,1,127000
2025,1,0,95000
2024,1,1,239600
2024,2,1,242400
2023,2,1,193900
2024,2,1,194000
2025,2,1,128400
2024,1,1,133870
2024,2,1,165100
2025,1,1,126360
2024,1,1,123500
2024,2,1,111100
2024,1,1,113600
2023,0,1,60000
2024,2,1,230797
2024,0,1,57200
2024,1,1,126500
2024,0,1,58400
2024,3,1,191400
2024,2,1,216705
2025,1,1,139000
2024,2,1,137500
2024,2,1,224880
2025,1,0,107594
2024,2,1,223300
2024,0,1,103635
2024,2,1,200000
2025,2,1,147000
2024,1,1,250200
2024,3,1,151500
2023,2,1,240000
2024,2,1,304000
2025,1,1,70000
2025,1,1,125000
2024,2,1,58531
2024,2,1,282900
2024,0,1,103785
2024,1,1,174100
2025,2,1,181170
2025,1,1,140000
2024,1,1,182394
2025,2,1,183500
2024,1,1,178000
2024,2,1,234062
2024,0,1,46000
2025,2,1,178200
2025,1,1,84000
2024,0,1,38000
2024,1,1,135283
2024,2,1,142800
2023,1,0,68902
2025,0,1,149400
2025,2,1,187450
2024,1,1,419750
2025,1,0,82142
2024,1,1,195374
2024,3,1,156200
2023,2,1,160000
2024,2,1,211000
2025,1,1,100000
2024,1,1,152204
2025,1,1,138000
2025,1,0,150000
2024,2,1,223500
2025,2,1,200000
2025,1,1,151800
2024,2,1,219200
2024,1,1,124300
2024,2,1,220000
2023,2,1,185900
2025,0,1,112908
2024,2,1,118050
2025,1,1,227000
2025,3,1,366696
2024,1,1,175800
2025,2,1,178000
2024,2,1,163116
2023,2,1,270000
2022,2,1,125000
2023,1,1,130000
2024,2,1,152000
2024,2,1,175100
2024,1,1,221100
2024,2,1,179000
2024,2,1,75600
2024,0,0,48881
2024,3,1,150000
2025,2,1,271000
2024,1,1,102300
2025,2,1,78050
2022,2,1,206699
2024,0,1,106590
2025,0,1,52000
2025,3,1,258750
2025,1,1,178250
2025,2,1,215000
2025,2,1,291800
2024,1,1,166200
2024,1,1,234240
2025,3,1,276000
2024,1,1,91440
2024,2,0,113400
2024,2,1,173004
2024,1,1,125000
2024,2,1,90000
2024,2,1,300000
2024,1,1,69404
2022,1,0,42000
2025,2,1,206000
2022,2,1,161000
2025,0,1,60000
2024,2,1,337300
2023,1,1,130000
2024,1,1,168000
2024,2,1,282200
2025,2,1,214500
2024,1,0,150000
2024,2,1,80000
2024,2,1,87483
2024,1,1,77000
2025,1,1,76600
2024,1,0,212000
2022,1,1,145000
2024,2,1,284280
2025,2,0,60543
2025,2,1,166400
2025,2,1,104860
2025,1,1,82600
2024,0,1,130000
2024,1,0,60000
2025,2,1,101300
2025,2,1,138911
2024,2,1,258600
2024,1,1,100000
2024,1,0,42352
2024,1,1,114557
2025,1,1,136000
2024,2,1,130000
2024,2,1,220900
2024,2,1,121600
2025,2,1,158400
2024,2,0,150416
2025,2,1,133000
2023,1,1,126277
2024,1,1,203280
2024,2,1,150600
2025,2,1,146700
2025,2,1,163695
2025,1,0,101265
2024,1,1,186000
2024,2,1,150000
2025,2,1,250000
2024,0,1,54000
2025,1,1,109500
2024,1,1,109000
2024,0,1,110000
2025,2,0,160000
2024,1,1,158000
2025,2,1,132700
2024,2,0,87550
2024,1,1,163000
2024,2,1,91163
2025,1,1,146500
2022,3,1,175000
2025,2,1,137600
2024,1,0,102500
2024,1,1,113000
2024,2,1,262172
2025,2,1,157000
2024,2,1,120000
2024,0,1,160000
2025,1,1,149183
2025,2,1,204600
2024,0,0,42866
2025,2,1,142000
2025,1,1,164000
2024,2,0,127261
2025,3,1,360000
2024,1,1,132918
2024,2,1,178880
2024,2,1,108750
2023,1,1,125000
2024,1,1,139476
2025,1,1,91536
2024,2,1,70000
2020,3,1,325000
2024,1,1,92500
2024,0,1,143100
2024,1,1,260000
2025,3,1,175000
2025,2,1,211300
2025,1,1,229900
2024,1,1,172000
2025,1,1,400000
2025,2,1,217800
2025,1,0,34810
2025,2,0,101265
2023,2,0,79976
2024,2,1,125000
2024,2,1,128250
2024,1,1,164700
2023,2,1,165000
2025,1,1,115000
2024,2,1,182000
2025,1,1,153000
2024,1,0,53272
2025,1,0,95029
2024,1,1,228000
2025,1,1,124600
2024,2,1,187158
2024,1,1,135000
2024,2,1,59000
2025,2,1,218000
2024,2,1,165000
2024,0,1,252500
2024,2,1,124400
2024,1,1,161625
2024,1,1,155000
2024,2,1,260586
2024,1,1,103600
2024,0,1,185123
2025,2,1,165000
2024,0,1,108800
2024,2,1,147000
2024,0,1,97000
2023,2,0,237400
2022,2,1,63000
2024,2,0,161538
2024,0,1,170000
2025,2,1,57700
2024,1,0,28888
2022,1,1,200000
2025,3,1,142500
2025,0,0,88191
2025,3,1,125000
2024,2,1,93800
2023,2,1,175000
2024,2,1,167692
2025,2,0,66800
2025,1,1,88400
2023,2,1,124600
2025,2,1,105070
2025,1,1,75300
2024,1,1,110300
2025,1,1,82058
2024,1,1,90600
2023,2,1,167310
2025,1,1,225000
2025,2,1,174500
2025,1,1,425000
2024,2,1,146994
2024,2,1,111260
2024,1,1,61000
2024,2,1,105000
2024,1,0,117000
2025,1,0,90000
2024,1,1,148000
2025,2,1,146500
2025,1,1,143000
2024,2,1,184900
2024,2,0,58823
2025,2,1,157000
2024,2,1,186941
2024,1,0,124800
2024,2,1,178700
2024,2,1,107700
2024,1,1,184900
2023,3,1,210000
2024,0,1,59500
2025,2,1,380000
2024,1,1,101300
2025,2,1,162000
2025,2,1,220000
2025,2,1,341243
2024,1,1,70650
2024,1,1,105700
2024,0,1,65500
2025,0,1,150000
2024,2,1,210788
2024,1,0,110000
2024,1,1,138500
2023,2,1,239748
2024,1,1,202233
2025,1,1,65600
2023,1,1,85000
2024,1,1,170100
2024,1,1,125000
2025,1,1,115600
2024,2,1,104000
2025,2,1,96600
2024,2,1,187000
2025,2,1,178090
2024,2,1,138500
2024,2,1,128656
2024,1,1,200000
2024,1,1,70000
2025,1,1,117300
2024,1,1,80500
2025,2,1,188100
2023,2,1,110000
2024,1,1,235400
2024,2,1,273700
2023,2,1,147100
2024,1,0,276760
2024,2,1,67200
2025,3,1,383910
2024,1,1,125000
2024,1,1,184662
2024,1,1,139400
2024,2,1,139360
2021,0,0,20000
2024,2,0,115000
2024,2,1,178250
2024,2,1,273000
2024,2,1,125100
2025,2,1,198750
2023,1,1,145000
2024,1,1,270000
2024,2,1,203275
2024,2,1,296000
2023,2,1,167500
2025,1,1,148000
2025,0,1,64000
2024,2,1,250200
2025,0,1,90000
2025,2,1,280000
2024,1,1,200000
2024,1,1,240500
2025,2,0,91000
2024,1,1,186956
2025,2,1,237908
2025,2,1,119800
2025,2,1,120000
2025,1,1,143100
2024,2,1,312200
2025,1,1,122000
2024,2,1,137600
2025,2,1,210706
2024,1,1,139360
2024,2,1,121500
2023,0,1,47423
2024,2,1,192700
2025,2,1,96390
2024,0,0,76546
2023,2,1,116960
2024,0,1,200875
2024,0,1,235410
2024,1,1,195500
2024,2,1,199200
2024,2,1,110100
2024,2,1,312200
2025,1,1,70600
2025,1,1,150400
2024,2,1,144000
2024,1,1,62395
2024,2,1,128800
2024,2,1,76848
2024,3,1,101000
2024,1,0,154300
2024,2,0,140000
2023,0,0,177177
2025,1,1,130000
2025,1,1,296300
2022,0,1,140250
2022,2,1,110000
2024,1,1,85000
2022,2,1,140100
2024,1,1,68000
2025,2,1,164000
2024,1,1,75650
2025,2,1,138500
2025,2,1,183000
2024,0,1,291340
2024,2,1,54525
2023,1,1,258000
2024,2,1,339250
2025,2,1,130500
2024,1,1,86320
2024,2,1,72473
2024,1,0,140000
2024,2,1,204500
2025,2,1,192000
2025,2,1,148000
2024,1,1,136000
2025,2,1,398500
2024,1,1,133903
2025,2,0,96600
2024,1,1,96250
2024,0,1,720000
2024,1,1,240240
2025,3,1,125760
2024,1,1,63260
2024,1,1,82764
2025,1,1,156000
2023,2,1,308000
2024,2,1,128000
2024,2,1,188000
2024,2,1,161788
2024,2,1,257600
2025,2,1,123200
2023,1,0,369120
2025,0,1,44000
2025,1,1,212600
2024,3,1,173000
2024,1,1,109100
2024,0,1,44956
2024,2,1,164000
2023,2,1,157550
2024,2,1,294000
2024,1,1,142800
2024,1,1,131596
2025,2,1,134438
2025,2,0,140920
2024,0,0,52000
2024,1,1,379620
2021,0,0,16228
2025,1,0,31578
2025,2,1,158000
2024,1,1,138500
2025,2,1,164780
2025,2,1,297000
2024,1,1,65600
2024,1,1,65000
2025,2,1,135700
2024,1,1,172100
2024,2,1,100700
2025,2,1,500000
2024,2,1,96600
2025,2,0,154736
2024,1,1,85000
2023,0,1,85000
2022,2,1,167000
2023,1,0,102200
2024,0,1,84000
2024,1,1,145000
2024,2,1,151300
2025,0,1,78300
2024,1,1,150000
2024,2,1,195500
2024,1,1,66500
2025,2,1,155542
2024,2,1,157000
2023,2,0,70000
2025,3,1,186626
2024,2,1,211920
2024,1,1,80000
2025,2,0,93611
2025,2,1,355000
2025,2,1,136190
2024,1,1,80420
2025,2,0,104650
2025,2,1,140000
2025,1,0,129800
2024,1,1,166000
2025,0,1,97776
2024,2,1,126400
2023,1,1,90000
2024,1,1,248700
2024,2,1,183700
2025,1,1,115000
2024,2,1,187000
2022,2,1,160000
2025,1,1,104000
2025,2,1,175000
2024,3,0,206200
2025,2,1,242000
2024,2,1,86840
2024,2,1,118267
2025,1,1,135000
2024,1,1,170000
2024,2,0,81600
2024,1,1,128000
2024,1,1,99400
2022,0,0,83171
2025,0,1,40000
2024,1,0,74270
2024,2,1,145400
2024,2,1,136600
2024,2,1,149240
2024,1,1,90000
2025,1,1,350000
2023,1,0,73824
2025,2,1,240000
2024,0,1,51810
2025,0,1,145000
2022,3,1,224000
2024,2,1,132000
2024,2,1,94640
2024,2,1,221000
2024,2,1,292000
2025,1,1,158500
2025,1,1,52000
2025,2,1,173100
2024,1,0,36000
2025,1,0,123800
2024,1,1,149200
2024,0,1,160000
2023,2,1,198200
2024,2,1,345000
2024,2,1,105100
2024,0,0,31250
2024,1,1,234000
2024,2,1,84500
2025,1,1,124950
2024,2,1,156800
2024,1,1,190000
2023,2,1,140900
2025,0,1,84600
2024,2,1,170000
2023,2,1,200000
2024,2,1,162000
2024,2,1,208300
2024,1,1,141300
2023,1,0,120000
2024,2,0,140000
2024,1,1,217476
2024,2,1,130300
2024,1,1,500000
2025,1,1,246200
2025,1,1,124000
2025,2,1,82000
2024,0,0,64000
2025,2,1,266000
2025,2,1,135700
2023,0,0,57223
2025,2,1,179098
2024,1,1,176000
2025,1,1,156310
2024,1,1,117300
2025,2,1,91400
2024,1,1,112100
2024,2,0,100000
2024,0,1,158000
2025,2,1,162000
2024,2,1,225000
2024,1,1,284900
2024,1,1,120000
2024,2,1,249600
2025,2,1,169340
2025,1,1,82100
2025,2,1,213000
2024,2,1,155000
2024,2,1,135200
2025,1,1,100000
2024,2,1,194000
2024,2,1,188885
2024,2,1,312000
2024,2,1,177632
2024,2,1,184000
2023,2,1,184700
2025,2,1,130295
2025,2,1,233600
2024,1,1,187268
2023,2,1,104000
2024,2,1,136850
2024,2,1,185000
2024,2,1,220000
2025,2,1,214087
2023,1,0,38868
2024,1,1,150000
2024,2,1,220000
2025,3,1,262500
2024,2,1,243400
2024,1,1,169000
2025,2,1,164000
2024,2,1,125000
2025,2,1,86000
2024,2,1,77000
2024,2,1,189000
2025,2,1,130000
2024,0,1,164000
2023,2,1,257000
2025,0,1,90000
2021,1,1,160000
2025,2,1,214000
2025,0,0,31578
2024,1,1,136800
2025,2,0,139240
2023,2,1,193200
2024,2,1,232900
2024,2,1,221950
2025,0,1,204600
2024,2,1,146000
2024,2,1,102500
2024,1,1,100000
2024,2,0,41333
2025,1,1,176490
2023,2,1,137500
2024,3,0,105452
2024,2,1,97100
2025,1,1,41500
2023,2,1,175000
2022,2,1,128875
2024,0,0,66924
2024,0,1,75600
2025,1,1,124300
2023,1,1,145000
2024,2,1,204360
2025,2,0,140000
2025,2,1,222000
2023,1,1,121000
2024,1,1,154800
2025,3,1,350000
2024,2,1,73000
2024,1,1,182400
2025,0,0,56962
2024,1,1,220000
2024,1,1,148045
2025,2,1,140700
2023,1,1,100000
2025,2,1,190137
2024,1,1,112600
2024,1,1,65000
2025,3,1,258750
2024,1,1,46000
2024,2,1,333913
2021,1,0,28369
2025,2,1,172000
2023,3,1,70000
2025,2,1,465000
2025,1,1,124176
2025,1,1,162000
2024,0,0,66666
2025,1,1,220000
2025,2,1,135300
2025,2,1,145000
2025,1,0,119000
2024,0,1,100000
2024,1,1,55000
2024,1,1,108750
2024,2,0,244400
2024,2,1,92500
2023,1,1,162000
2024,2,0,90000
2025,2,0,65696
2024,1,1,66800
2024,2,1,161200
2025,3,1,186900
2024,2,0,175000
2024,2,1,324500
2023,2,1,287700
2022,0,1,80000
2024,2,1,120000
2024,2,1,165000
2023,2,1,120500
2024,1,1,250200
2025,2,1,154412
2024,2,1,184300
2023,2,1,132000
2025,1,1,230000
2025,2,1,193000
2025,0,1,85760
2023,2,1,269500
2025,0,1,42000
2024,2,1,155200
2025,1,0,107682
2025,1,0,84000
2025,0,1,105914
2025,2,1,186000
2025,1,1,85000
2024,2,1,220842
2024,2,1,156500
2025,2,1,103400
2025,2,1,116438
2024,2,1,157500
2025,0,1,46800
2025,1,1,115400
2025,2,1,80500
2025,2,1,117800
2025,2,1,133859
2024,1,1,69329
2024,1,0,58888
2023,2,1,190000
2023,2,1,86000
2022,1,1,80000
2024,1,1,55000
2022,1,1,230000
2025,1,0,89473
2025,0,1,106300
2025,2,1,190000
2024,2,1,265200
2024,2,1,117400
2023,2,1,105200
2023,0,1,50000
2025,2,1,136925
2025,1,1,97000
2024,2,1,312200
2025,3,1,150000
2024,1,1,100000
2024,2,1,155600
2024,2,1,110100
2024,2,1,209000
2025,2,1,237500
2025,2,1,267162
2024,1,1,194000
2024,2,1,155376
2025,2,1,170000
2025,3,1,280000
2025,2,1,99400
2024,2,1,109200
2022,2,1,235000
2025,2,1,165000
2022,2,1,154545
2023,3,1,250000
2025,2,1,193000
2023,1,1,181500
2024,2,1,206800
2025,2,1,301320
2024,0,1,46000
2024,2,0,201600
2023,2,1,250000
2025,2,1,67681
2024,1,1,93000
2023,2,1,210000
2024,1,1,163000
2025,2,1,118450
2024,2,1,101844
2023,2,1,93300
2024,2,1,96038
2024,0,1,78600
2023,0,0,60207
2023,2,1,160000
2025,2,1,108800
2025,2,1,180000
2024,1,1,105000
2024,2,1,157322
2023,2,1,170000
2022,2,1,272550
2025,0,0,36526
2025,2,1,278900
2024,0,1,92700
2025,1,1,111000
2024,2,1,111260
2024,1,1,64000
2024,1,1,117300
2025,0,1,95680
2024,2,1,150000
2024,2,1,131000
2025,0,1,37000
2025,1,1,200000
2025,2,1,500000
2024,2,1,170000
2022,2,1,90000
2024,1,1,99996
2024,2,1,105100
2024,2,1,152400
2025,1,1,75670
2024,2,1,207900
2024,2,1,125000
2024,0,1,96000
2024,2,1,68000
2025,2,1,167800
2025,1,0,134865
2023,1,1,105380
2024,2,1,25000
2024,2,1,161500
2025,2,1,111100
2024,2,1,185000
2024,1,0,66447
2022,2,1,110000
2022,0,0,67000
2024,1,1,144800
2024,2,1,131000
2024,1,1,183600
2023,2,0,90000
2024,1,1,252000
2024,2,1,112800
2024,1,1,168888
2025,2,1,175000
2025,1,1,370000
2024,2,1,231000
2024,1,1,67200
2025,1,1,153200
2024,2,1,276000
2024,2,1,145537
2024,0,0,95000
2025,2,1,187950
2025,2,1,111843
2023,2,1,233000
2024,2,1,129400
2025,2,1,115000
2025,1,1,97000
2024,1,1,252800
2024,1,1,252000
2025,1,1,93556
2025,2,0,100000
2024,2,1,144600
2025,1,1,135148
2024,1,1,135000
2025,2,1,159000
2025,0,0,56300
2023,2,1,239000
2025,2,1,229000
2024,2,1,151800
2022,1,0,63040
2024,2,1,76000
2024,1,0,81250
2025,1,1,118000
2024,3,1,300000
2024,0,0,56250
2025,2,1,132000
2025,3,1,282500
2024,1,1,330146
2024,2,1,146875
2024,2,1,238650
2024,1,1,121586
2024,2,1,136000
2024,2,1,52488
2025,1,1,135000
2024,1,1,188100
2024,1,1,176000
2025,1,1,100082
2024,3,1,158800
2024,2,1,223000
2025,3,1,220000
2025,2,1,140000
2025,2,1,384000
2025,1,0,196202
2025,2,0,212000
2025,3,1,480328
2024,2,1,223000
2023,1,1,116000
2025,2,1,111100
2024,2,1,210000
2024,2,1,173650
2025,2,1,125000
2024,3,0,29706
2024,2,1,230000
2023,0,1,67500
2024,1,1,50000
2024,2,1,139000
2025,2,1,250200
2023,1,1,186000
2024,2,1,226800
2025,1,1,111000
2024,2,1,125600
2024,1,1,80000
2025,0,1,60000
2024,0,0,104197
2024,0,1,47840
2024,2,1,297100
2024,2,1,260400
2024,0,1,123000
2024,2,1,124000
2024,1,0,83576
2024,1,1,132500
2024,2,0,86666
2024,1,1,135200
2025,2,1,234240
2024,2,1,305000
2025,1,1,150995
2023,2,1,178492
2024,2,1,165000
2024,3,0,101700
2024,2,1,97500
2024,3,1,230000
2023,0,0,36912
2025,0,1,208800
2025,1,1,87000
2024,3,0,120000
2025,1,1,750000
2025,1,0,71578
2024,2,1,77000
2024,2,1,167000
2024,1,1,75000
2024,2,1,91000
2024,2,1,184000
2024,0,1,58000
2024,2,1,152600
2023,1,1,179000
2025,1,1,85000
2025,2,1,116000
2025,1,1,180959
2024,2,1,102900
2025,1,1,103826
2025,2,0,144900
2023,2,1,101570
2024,2,1,96560
2025,1,1,155000
2023,1,1,152375
2025,1,1,63500
2025,1,1,89300
2024,0,1,66000
2024,2,1,196000
2025,2,1,140000
2024,1,1,124800
2024,2,1,335000
2024,1,1,100000
2024,1,1,138300
2025,1,1,172000
2025,2,1,142320
2023,2,1,250000
2025,2,1,142800
2024,2,0,57777
2024,0,0,18000
2024,1,1,207600
2024,1,1,49000
2025,0,1,135000
2024,2,1,124800
2024,2,1,154000
2024,2,1,288000
2025,2,1,138260
2023,2,1,153088
2023,2,0,157000
2024,1,1,72150
2025,1,1,30000
2025,2,1,120000
2024,2,1,235000
2024,2,1,188750
2025,1,0,112690
2024,2,1,130000
2025,2,1,233200
2025,2,1,134500
2024,1,1,230000
2025,0,1,43200
2024,2,1,184700
2024,0,1,47840
2024,2,1,157000
2025,2,1,178100
2023,1,1,95000
2025,2,1,134550
2024,2,1,137600
2024,1,1,284900
2024,1,1,110000
2025,1,1,209000
2024,1,1,269640
2024,0,1,40000
2025,1,1,57800
2024,1,1,48000
2025,2,0,85714
2025,2,1,107657
2025,1,1,120000
2024,0,0,115000
2025,0,1,137000
2025,1,1,79175
2025,1,1,153925
2024,0,0,35555
2024,3,1,300000
2024,1,0,75000
2024,2,1,310000
2025,2,1,225400
2022,3,1,222640
2025,2,1,126000
2025,2,1,191840
2025,2,1,170500
2024,1,1,245000
2024,3,1,203800
2024,1,1,112000
2025,2,1,200000
2025,2,1,204000
2024,2,0,120000
2024,0,1,48000
2024,1,1,120470
2024,2,0,122000
2022,2,1,153600
2024,1,1,177100
2024,1,1,130000
2024,2,1,235000
2024,1,1,170000
2024,2,1,95000
2024,1,1,124000
2025,0,1,145537
2023,2,0,143000
2024,1,1,160000
2024,1,1,256000
2025,2,1,89040
2024,2,1,103700
2024,1,0,125000
2024,1,0,120000
2025,2,0,132513
2024,2,1,164000
2025,2,1,171000
2025,2,0,84210
2024,1,1,230600
2024,0,0,43750
2024,2,1,167400
2024,0,1,61800
2024,2,1,179000
2024,2,1,162563
2024,2,0,150000
2023,2,0,38868
2025,1,1,147900
2024,2,1,115100
2024,0,1,130400
2024,2,1,294000
2024,1,1,150000
2022,2,1,100800
2025,2,1,226900
2025,2,1,272000
2023,1,1,120000
2024,2,1,153374
2025,2,1,86990
2024,1,1,86000
2024,1,1,72320
2025,1,0,177367
2025,1,1,140200
2024,2,0,51400
2024,2,1,251500
2025,2,1,259000
2024,2,1,137972
2024,1,1,60900
2024,1,1,145000
2023,2,1,139500
2024,3,1,200000
2025,2,1,170000
2023,2,1,142600
2024,2,1,230000
2025,2,1,148230
2025,0,1,154000
2024,2,1,179000
2024,0,0,50000
2024,2,1,154000
2023,2,1,162540
2025,0,1,199000
2024,1,1,180000
2024,2,0,210000
2024,2,1,85500
2025,2,1,212000
2025,1,1,91000
2025,2,1,416000
2024,1,1,84000
2024,0,1,150000
2024,2,1,108000
2025,2,1,190000
2024,2,1,107658
2024,1,1,95000
2024,1,1,164000
2025,2,1,77500
2024,2,1,200000
2024,2,1,289700
2024,1,1,128400
2024,1,0,35000
2024,2,0,167000
2024,2,1,115605
2025,2,1,215800
2024,1,1,187000
2025,2,1,118000
2025,2,1,333000
2024,2,1,144000
2024,3,1,144300
2024,2,1,129800
2024,2,1,135000
2024,2,1,191061
2023,2,1,210000
2025,2,1,305600
2025,2,1,216000
2025,1,1,169000
2024,2,1,77000
2024,0,1,44850
2024,1,0,49533
2024,1,1,178000
2024,1,1,93101
2025,2,1,104000
2025,0,1,68000
2025,2,1,142800
2024,3,1,300000
2024,2,0,87222
2023,2,1,124400
2024,1,0,68500
2024,1,1,52853
2024,2,0,31200
2025,1,1,162000
2025,1,1,85000
2024,2,1,329334
2025,2,1,151800
2024,1,1,138225
2024,2,1,304750
2025,0,0,44303
2025,2,1,90300
2023,2,1,122900
2025,1,0,55162
2024,2,1,290200
2024,2,1,194000
2023,2,1,110600
2024,2,1,130000
2024,2,1,251000
2024,2,1,180000
2024,1,1,153000
2024,3,1,425800
2024,2,1,164000
2025,0,1,242000
2024,1,1,88000
2025,2,1,286000
2025,2,1,253000
2024,1,1,200400
2024,3,1,200000
2024,2,0,228000
2023,1,0,42030
2024,2,0,106512
2024,0,1,84398
2023,2,1,354200
2025,2,1,115400
2023,2,1,109500
2025,1,1,190000
2023,2,1,163000
2025,2,1,84000
2023,2,1,173000
2024,2,0,65300
2025,2,0,172000
2024,2,1,246000
2023,1,0,287500
2024,1,1,143750
2025,1,1,87741
2025,2,1,173000
2023,1,1,125000
2025,0,1,59000
2025,2,1,139597
2025,2,1,100900
2024,2,1,171350
2025,2,1,60792
2024,1,1,138000
2025,1,0,78315
2024,2,1,147000
2024,2,1,241600
2024,2,1,128500
2024,2,1,209700
2023,2,1,241000
2025,2,1,110000
2024,2,1,185000
2024,2,1,180600
2024,1,1,182000
2025,1,1,87000
2023,1,0,92280
2024,0,1,104000
2022,2,1,164000
2025,1,1,71727
2025,1,1,143100
2024,1,1,159100
2025,2,1,142000
2024,1,1,97344
2024,2,1,189000
2024,2,1,174800
2024,2,1,192500
2024,2,1,64300
2025,1,1,127000
2024,2,1,389500
2024,1,1,139809
2024,2,1,199800
2024,2,1,237500
2022,0,0,34672
2023,1,1,52100
2022,2,1,210000
2024,1,1,185000
2025,2,0,230000
2025,2,1,294000
2024,0,1,106100
2023,2,0,62442
2024,2,1,204000
2024,2,1,158950
2024,1,1,220000
2024,2,0,153000
2022,2,0,82477
2024,1,1,130680
2025,2,1,110400
2025,1,1,128400
2024,2,1,177700
2024,0,1,131100
2024,2,1,150000
2024,2,1,209500
2025,0,1,143000
2022,2,1,110925
2024,3,1,144200
2023,1,1,235000
2024,1,0,68200
2024,1,1,132000
2023,1,0,60462
2025,2,1,185250
2024,2,1,236000
2024,1,1,385000
2025,0,1,76128
2024,2,1,222000
2024,2,1,217400
2023,2,1,170000
2025,0,1,100791
2024,2,1,204800
2025,0,1,110000
2025,2,1,151300
2025,1,1,55500
2024,0,1,61650
2024,1,0,102000
2024,2,1,170100
2025,2,1,138000
2025,0,1,79310
2024,1,1,103000
2024,2,1,185000
2024,2,1,145700
2024,2,1,301600
2024,2,1,196100
2024,2,1,224300
2024,0,1,175633
2024,1,1,164509
2024,0,1,86000
2024,2,1,54500
2024,2,1,141000
2024,2,1,80500
2025,2,1,250000
2023,2,1,190100
2025,2,1,156200
2024,1,1,167000
2024,1,1,185000
2025,2,1,85125
2024,2,1,69230
2024,1,1,86500
2024,2,1,227299
2024,1,1,90000
2025,2,1,226408
2024,1,0,30000
2024,2,1,76119
2025,2,1,120000
2024,1,1,161500
2025,2,1,124200
2023,0,1,74300
2023,2,1,293000
2023,1,1,217000
2024,2,1,126600
2025,0,1,106260
2024,1,1,122200
2024,0,0,124038
2024,2,0,50000
2024,2,1,64974
2025,2,1,110000
2023,2,1,117100
2025,2,0,237000
2024,1,1,222200
2024,2,1,234000
2024,2,1,185400
2024,1,1,55631
2023,2,1,161000
2025,2,1,190800
2025,1,1,115000
2025,1,1,63300
2023,2,1,292000
2025,2,1,130000
2025,1,1,158200
2024,0,1,144600
2025,2,1,128600
2025,0,1,75000
2024,0,1,220000
2025,1,1,107000
2024,2,1,67060
2024,3,0,150000
2023,2,1,166000
2025,2,0,189873
2025,2,0,54736
2025,1,0,130000
2025,2,1,55176
2024,2,1,176446
2024,2,1,179101
2024,2,1,156550
2024,1,0,24820
2025,2,1,112300
2024,1,1,195474
2025,2,1,113200
2025,2,1,269000
2024,0,1,234000
2024,2,1,265080
2024,2,0,124000
2024,3,1,143244
2024,1,1,149300
2024,2,0,70666
2024,2,1,161450
2024,1,1,140000
2024,2,1,306000
2024,1,1,220900
2025,2,1,184100
2024,1,0,79545
2024,1,1,120000
2024,1,1,95000
2024,3,1,374350
2025,2,1,95800
2024,1,1,113000
2025,3,0,183544
2025,2,0,75789
2024,1,1,70300
2024,1,1,47586
2024,0,1,114400
2024,3,1,175000
2025,2,1,186754
2024,1,1,112000
2024,2,1,84500
2024,1,1,73819
2025,1,1,70000
2024,2,1,118200
2024,1,0,45028
2024,2,0,55000
2024,1,1,145307
2025,2,1,127000
2024,2,1,159000
2024,2,1,333000
2024,2,1,190000
2024,2,1,139600
2024,2,1,223000
2024,1,1,170000
2024,2,1,151700
2024,0,1,74100
2024,0,1,225500
2022,1,1,175000
2024,2,1,300000
2025,1,1,79000
2025,1,0,245000
2025,1,1,50000
2025,2,1,150000
2023,2,1,107400
2025,1,1,150400
2024,2,1,72150
2024,1,1,75000
2025,1,1,87000
2023,1,1,192000
2024,2,1,303400
2025,3,1,155000
2025,1,1,60840
2023,2,1,141600
2024,2,1,157500
2025,2,1,206000
2024,1,1,308000
2024,2,1,223900
2024,2,1,118450
2024,1,1,86424
2025,1,1,164000
2024,2,1,286000
2024,2,1,176000
2025,2,1,185000
2024,2,0,100000
2023,2,1,263100
2025,2,1,210000
2023,2,1,104000
2025,2,1,211000
2024,1,1,160000
2025,1,1,323000
2025,0,1,175000
2024,0,1,132300
2024,1,1,65900
2025,0,1,131906
2025,2,1,73400
2023,1,1,310000
2024,2,1,115590
2025,2,1,222000
2024,2,1,138800
2025,2,0,632911
2024,3,1,248000
2021,1,0,116914
2024,1,0,149500
2024,2,1,85000
2025,1,1,150100
2025,2,0,101265
2025,2,1,87000
2024,2,1,324000
2024,1,1,222500
2025,2,1,260000
2023,2,0,148500
2025,2,1,207800
2025,3,1,122000
2025,2,1,180000
2024,0,1,103440
2025,1,1,115000
2025,2,1,105000
2024,2,1,176720
2024,1,1,85000
2024,1,0,108888
2024,2,1,159000
2025,2,1,188700
2024,1,1,56900
2025,2,1,66000
2024,1,1,251600
2025,1,1,170000
2025,3,1,239900
2025,1,1,97000
2025,2,0,159493
2024,2,1,69400
2024,2,1,172700
2025,2,1,84604
2025,1,1,120000
2024,1,1,117120
2024,0,0,60000
2025,0,1,43680
2024,2,1,95264
2024,2,1,199000
2025,2,1,308700
2025,2,1,290180
2024,2,1,195000
2025,2,1,262600
2024,2,0,150000
2025,2,1,89000
2022,1,1,63900
2024,1,1,94000
2024,1,1,208000
2025,1,1,141000
2024,2,1,147700
2024,2,1,82560
2024,0,1,145500
2024,1,0,126000
2025,2,1,85000
2024,2,1,178560
2024,1,1,108000
2023,1,0,73824
2024,2,1,220000
2024,3,1,292500
2024,2,1,131712
2024,2,1,330764
2024,2,1,235000
2025,1,1,283400
2024,2,1,114000
2023,1,0,36000
2024,1,1,365000
2025,1,1,233000
2025,2,0,130000
2025,2,1,324000
2025,0,1,154000
2024,2,1,176000
2022,2,1,136000
2023,1,1,125000
2025,0,1,70000
2024,3,1,170000
2024,2,1,500000
2024,2,0,120000
2025,1,1,405000
2024,0,1,177777
2025,2,1,79601
2024,2,1,97100
2023,2,1,115000
2024,1,1,159100
2024,0,1,168090
2024,2,1,107000
2024,1,1,79400
2024,2,1,170375
2024,1,1,128600
2024,1,1,122200
2023,1,0,280000
2025,3,1,87280
2025,0,1,94000
2024,1,1,203280
2025,1,1,130000
2022,2,1,250000
2025,2,1,273100
2024,2,1,119317
2024,3,1,255000
2024,1,0,60000
2022,1,1,108000
2022,2,1,110000
2025,0,0,75000
2025,1,1,97000
2023,2,1,176080
2024,3,1,150000
2024,2,1,97000
2025,2,1,132300
2025,0,1,440000
2023,2,1,125600
2025,2,1,250000
2025,2,1,144650
2025,2,1,107300
2024,1,1,101900
2024,2,1,139900
2024,2,1,94300
2024,0,0,60806
2024,2,1,297000
2025,1,1,120000
2024,0,1,52760
2024,2,1,144200
2024,1,1,60000
2024,1,1,76300
2025,2,1,177567
2025,2,0,151898
2022,0,0,40000
2024,2,1,141000
2025,1,1,91900
2024,2,1,128840
2025,1,0,82278
2025,2,1,214300
2025,2,1,125900
2023,1,1,73100
2024,1,1,210900
2025,2,1,264200
2025,2,0,63291
2024,1,0,73076
2024,0,1,166000
2024,2,1,80226
2024,1,1,66000
2025,2,1,106900
2024,1,1,185000
2025,2,1,202500
2025,2,1,105000
2025,0,1,100000
2025,2,1,108050
2024,2,1,136850
2024,0,1,75289
2023,2,1,210000
2024,1,1,115000
2025,2,1,113840
2025,1,1,85150
2024,2,0,146408
2024,0,1,102800
2024,2,1,294000
2025,2,1,68040
2024,2,0,132784
2024,1,1,170000
2024,2,1,158000
2024,0,1,104000
2023,2,0,185000
2025,1,1,95000
2023,2,0,152900
2025,2,1,220500
2024,1,1,203900
2024,0,1,84000
2024,1,1,184320
2023,2,1,140100
2024,2,1,119100
2025,2,0,30315
2025,2,1,107993
2023,2,1,206000
2024,2,1,295000
2025,2,1,259600
2025,2,1,76000
2023,0,1,203000
2024,1,1,223500
2021,1,1,93000
2024,1,1,76200
2024,3,1,250000
2025,1,1,54400
2025,0,1,79800
2023,2,1,185000
2024,1,1,375000
2024,2,1,88973
2023,2,1,283780
2023,1,1,125000
2025,2,1,174000
2024,0,1,50000
2022,2,1,135000
2024,2,1,95723
2024,1,1,229000
2025,1,0,217857
2024,1,1,95825
2024,1,1,97300
2024,2,0,107600
2025,2,1,150000
2024,2,1,208766
2023,2,1,75000
2024,1,1,110400
2025,2,1,137900
2024,3,1,200000
2024,2,1,101400
2025,2,1,136000
2024,2,1,177735
2025,2,1,334600
2025,2,1,140000
2024,1,1,203000
2025,2,1,195500
2024,1,1,198300
2024,1,1,200000
2025,1,1,126720
2025,2,1,185250
2024,1,1,250600
2024,2,1,188748
2025,2,1,184300
2024,2,1,136300
2023,2,1,203300
2023,2,1,235400
2024,2,1,289800
2024,1,1,147900
2024,1,1,189000
2024,1,1,95500
2024,2,1,212300
2024,2,1,74286
2025,1,1,146000
2024,1,1,61200
2024,3,1,203800
2025,1,1,81400
2022,1,1,54000
2025,2,1,173000
2024,2,1,140000
2024,2,1,156800
2025,0,1,48000
2024,2,1,276000
2023,1,1,53000
2024,2,1,83200
2024,1,1,165500
2025,2,0,153200
2024,2,0,220000
2024,2,0,212200
2025,2,1,155000
2024,2,1,239600
2025,2,1,186200
2025,1,0,88607
2025,2,1,281000
2024,1,1,49997
2025,3,0,227848
2024,1,1,124000
2025,2,1,314400
2025,2,1,210350
2024,1,1,120000
2024,1,1,167000
2025,2,1,55000
2024,1,1,80000
2024,2,1,79200
2024,2,0,100006
2024,2,1,115000
2024,2,1,89900
2025,2,1,133784
2024,3,1,300000
2023,1,1,96750
2025,2,1,163000
2024,2,1,201250
2024,2,1,325000
2024,1,1,293800
2025,1,1,95000
2022,2,0,73880
2025,2,1,250200
2025,2,1,80400
2024,2,1,149966
2024,0,1,68000
2024,1,1,128300
2024,2,1,128452
2024,2,1,155400
2024,2,1,161000
2024,1,1,145580
2024,1,1,112000
2023,2,1,112000
2023,1,1,122000
2024,0,0,82900
2024,1,0,116000
2024,2,1,163420
2022,1,1,216200
2024,2,1,254000
2024,2,1,157500
2024,2,0,230000
2024,1,0,91464
2024,2,1,215000
2024,2,0,226750
2025,2,1,117000
2024,2,1,250000
2024,2,1,85000
2023,2,1,174500
2023,2,1,120000
2023,2,1,172800
2024,1,1,296300
2025,1,1,167000
2024,2,1,193000
2023,2,1,188600
2024,1,1,207575
2023,1,1,102500
2025,1,0,82338
2025,2,1,224000
2025,2,1,150000
2024,2,0,172261
2025,3,1,100000
2025,2,1,211600
2024,1,0,485000
2024,2,1,206591
2025,2,0,178100
2025,1,1,220000
2023,0,0,49216
2025,1,0,21052
2023,2,1,197000
2024,2,1,193200
2024,2,1,76107
2024,2,1,81978
2022,3,1,110000
2025,2,1,285300
2025,0,1,62935
2025,1,1,175800
2024,0,1,166363
2024,2,1,116979
2025,2,1,145000
2025,2,0,160000
2024,2,1,118450
2024,1,1,70197
2024,1,1,127600
2024,2,1,99890
2025,2,1,257600
2023,2,1,209000
2024,1,0,30000
2025,1,1,160500
2024,0,0,43750
2024,2,1,277000
2025,2,1,204900
2025,1,1,100000
2025,2,1,251000
2025,1,1,91000
2024,2,1,109746
2024,1,1,134400
2025,2,1,237000
2024,2,1,256500
2024,3,1,338600
2025,1,1,212175
2023,1,1,136000
2025,2,1,190300
2025,2,1,88000
2024,2,1,185000
2025,1,0,180600
2024,2,1,200750
2025,1,1,230000
2025,2,1,132000
2023,2,1,330000
2025,2,1,237000
2024,0,0,135450
2024,2,0,137930
2025,2,1,94000
2024,1,0,100000
2025,2,1,196000
2024,2,1,161100
2024,1,0,103798
2025,2,0,53797
2024,2,0,137500
2023,1,1,115500
2025,2,1,85300
2024,2,1,184250
2023,0,1,149800
2025,2,1,277138
2024,1,1,175457
2023,1,1,170884
2024,0,1,98100
2024,0,0,84813
2024,1,1,137510
2024,2,1,161500
2024,1,1,81500
2024,1,1,143000
2024,2,0,125000
2025,1,1,140000
2024,2,1,314200
2024,1,1,57800
2024,2,1,285200
2025,2,1,186700
2024,2,1,185000
2024,2,1,183000
2025,1,1,60800
2024,1,0,171210
2025,1,1,52300
2023,1,1,135000
2024,1,1,50470
2024,2,1,223000
2024,2,1,82852
2025,0,1,79900
2023,2,1,138750
2025,1,1,190000
2024,2,1,107657
2025,0,1,144400
2025,2,1,135000
2025,2,1,298000
2024,1,1,113800
2025,1,1,140000
2025,2,1,188200
2025,1,1,203500
2024,3,1,156000
2024,1,1,190900
2024,2,1,192250
2024,1,0,180000
2025,1,1,95000
2024,1,1,210000
2024,2,1,206300
2024,2,1,255000
2023,2,1,240000
2024,1,1,181800
2024,2,1,120000
2024,2,1,156400
2025,2,0,101265
2024,1,1,260100
2024,2,1,134500
2025,2,1,500000
2024,1,1,73013
2025,2,1,184600
2024,2,1,226000
2025,0,1,55000
2025,2,1,150400
2024,1,1,172200
2024,1,1,270000
2024,2,1,64160
2024,2,1,136100
2024,3,1,237500
2025,1,1,114000
2025,2,1,120000
2024,1,1,102000
2025,3,1,140000
2025,0,1,92250
2025,2,1,245300
2024,1,1,120000
2025,3,0,300000
2025,0,1,52000
2024,1,1,143000
2025,2,1,209000
2025,1,1,185000
2024,1,1,270250
2025,1,1,218000
2024,1,0,69600
2025,1,1,174000
2025,2,0,105000
2024,1,1,189000
2024,2,0,150000
2025,1,1,107536
2025,2,1,184000
2024,1,1,132759
2025,2,1,262000
2023,2,1,72200
2024,1,1,149414
2024,0,0,63750
2025,2,1,223676
2024,1,0,42352
2024,1,1,223000
2024,1,1,124000
2024,1,0,69756
2025,2,1,144400
2024,2,0,84981
2025,1,1,85150
2025,1,0,180166
2025,2,1,160700
2025,2,1,110000
2024,2,1,114375
2024,1,1,97400
2021,1,1,20000
2024,0,0,46666
2024,2,1,169100
2025,2,0,88607
2025,2,1,92900
2024,2,1,82887
2024,1,1,78000
2025,1,1,172000
2023,1,1,80000
2025,1,1,62000
2024,2,1,102200
2024,2,1,207120
2023,2,1,261500
2024,2,1,158200
2024,2,1,60000
2024,3,1,142500
2024,2,1,124800
2024,2,1,130000
2024,1,1,101300
2025,0,0,57450
2025,2,1,130400
2025,1,1,87180
2025,2,1,224000
2023,1,1,125000
2024,1,1,213400
2024,2,1,276000
2024,0,1,190000
2024,2,1,122500
2025,2,1,87100
2024,2,1,96500
2024,1,0,100000
2024,1,0,155700
2024,1,0,64752
2025,2,1,110000
2024,3,1,129840
2025,2,1,111000
2025,2,0,164000
2025,2,1,176720
2025,2,1,130000
2024,2,1,160000
2025,3,1,125760
2025,3,1,170000
2025,2,1,159000
2025,2,1,135400
2024,2,1,180700
2025,2,1,277000
2025,2,1,161158
2024,2,1,168000
2025,1,1,162405
2025,1,1,236300
2024,0,1,95000
2024,2,1,215500
2025,1,1,95500
2025,2,1,750000
2024,1,1,101073
2024,1,1,97100
2024,2,1,122000
2024,1,1,48000
2025,2,1,145100
2024,1,1,134000
2024,1,1,202000
2025,2,1,93244
2025,2,1,115000
2025,2,1,142500
2025,2,1,230000
2025,2,1,162100
2025,0,1,89990
2025,2,1,195000
2024,0,1,83203
2025,1,1,111400
2024,1,1,145000
2024,2,1,178250
2024,1,1,155000
2024,2,1,108000
2023,2,0,36912
2023,1,1,130000
2024,1,1,125000
2024,0,1,146000
2024,1,1,400000
2024,2,1,170400
2025,2,0,139240
2024,2,0,92190
2025,2,1,182900
2025,1,1,185800
2024,1,1,167000
2022,3,1,297500
2025,2,1,161000
2023,2,1,166500
2024,1,0,58717
2024,2,1,81250
2023,2,1,205318
2024,1,1,147000
2025,2,1,151500
2024,1,1,210700
2022,2,1,159699
2024,2,1,163116
2024,0,0,84709
2025,2,1,180000
2025,1,1,143000
2024,2,1,117400
2025,3,1,166310
2024,1,1,204598
2024,1,1,134561
2024,2,1,100000
2022,2,1,150000
2025,2,1,139000
2025,1,1,141200
2025,2,0,84000
2024,1,1,94000
2025,1,1,138000
2025,2,1,161900
2025,2,0,292500
2024,2,1,304800
2025,2,0,250000
2025,1,1,117000
2023,1,1,179000
2023,0,1,131000
2024,2,1,145400
2025,1,1,62800
2025,1,1,105000
2023,3,0,100416
2024,1,1,350000
2025,2,1,230000
2024,1,1,158920
2025,2,1,77600
2025,1,1,157195
2025,2,0,110880
2024,1,1,92196
2025,2,1,114080
2024,2,1,155000
2025,1,0,88607
2024,2,1,173000
2025,2,1,100000
2024,0,1,154500
2024,2,1,206000
2025,1,1,136800
2024,0,0,57277
2025,2,1,203900
2024,1,0,46155
2024,2,1,182700
2024,1,1,147500
2024,0,1,154700
2025,1,1,118800
2025,0,0,69000
2024,2,1,150000
2024,0,1,176000
2025,2,1,168154
2024,2,1,163000
2024,2,1,370000
2024,2,1,160000
2025,2,1,173000
2024,2,0,52650
2025,2,1,178100
2025,2,1,160000
2024,1,1,127600
2023,2,1,128250
2024,0,1,159870
2025,1,1,89000
2024,2,1,251600
2024,2,1,111000
2025,1,1,245000
2024,1,1,173953
2025,1,1,92426
2024,1,1,166000
2024,2,1,180000
2024,2,1,116000
2025,2,1,211255
2023,2,1,90000
2024,2,1,141300
2025,2,1,220000
2024,1,1,100000
2025,1,1,145800
2025,2,0,88607
2024,2,1,153000
2024,2,1,157850
2024,2,1,149000
2023,2,1,139700
2024,3,1,133700
2025,2,1,312200
2024,2,1,190000
2024,2,1,109800
2023,1,1,73000
2024,2,1,196000
2025,2,1,223400
2023,1,1,127075
2025,2,1,599947
2024,2,1,300000
2024,2,0,117000
2024,0,1,155800
2025,1,1,66000
2024,0,1,116706
2023,1,1,100000
2024,2,1,150000
2024,1,1,136800
2025,1,1,145000
2025,1,1,222000
2024,2,0,175000
2024,2,1,150450
2024,1,0,150000
2024,2,1,253198
2024,2,1,128000
2024,0,1,133900
2024,1,1,67700
2025,0,1,67000
2025,1,1,87000
2024,1,1,144660
2023,2,1,142000
2024,2,1,101400
2021,2,0,225000
2025,0,0,16000
2024,1,1,141700
2021,2,0,63831
2025,2,1,143700
2024,2,0,65290
2024,2,0,81250
2025,2,1,245900
2024,2,1,201040
2023,2,0,112000
2024,1,1,106300
2025,2,1,166372
2024,0,1,66100
2025,2,0,178200
2024,2,0,125000
2024,2,1,135000
2024,2,1,174250
2024,2,1,106000
2024,2,1,156800
2024,2,1,40000
2025,2,0,108000
2024,2,1,204600
2024,0,1,101520
2024,1,1,196900
2024,2,1,190000
2025,0,1,98000
2024,2,1,88000
2024,2,1,115590
2024,0,1,34000
2024,1,1,355000
2024,0,1,110000
2024,1,1,79350
2024,1,1,127000
2025,2,1,160965
2025,2,1,81210
2024,2,1,202800
2025,1,0,51789
2024,2,1,172500
2024,2,1,293400
2024,2,0,187900
2024,2,1,70200
2025,0,1,50000
2025,2,1,245760
2024,2,1,120500
2025,1,1,166000
2024,1,1,78000
2024,2,1,140000
2025,1,1,132600
2024,1,1,90200
2024,2,1,148017
2022,1,1,140000
2025,2,1,165000
2023,1,1,130500
2024,2,1,125700
2025,2,1,140600
2024,2,1,233856
2025,2,1,179000
2024,1,1,191000
2025,2,1,98100
2022,0,1,50000
2024,1,1,117600
2024,0,0,80000
2025,2,0,92400
2025,2,1,175000
2024,2,1,282000
2024,3,1,273000
2024,1,1,258000
2024,2,0,100000
2024,1,1,173264
2024,1,1,281000
2024,2,1,138900
2024,2,0,178000
2024,1,1,149925
2024,1,1,73100
2024,2,1,112000
2025,1,1,126880
2024,2,1,154100
2024,2,1,78800
2022,2,1,175000
2024,3,0,268500
2024,1,1,69960
2025,1,1,104000
2023,2,1,167850
2024,0,0,77777
2025,2,1,117390
2024,2,1,304000
2025,1,1,146400
2024,1,0,145000
2025,1,1,65000
2025,2,1,104981
2024,2,0,133000
2025,1,1,116706
2024,1,1,104936
2025,2,1,172000
2024,1,1,211000
2025,2,1,160900
2024,2,1,191100
2025,1,1,106300
2023,2,1,96200
2024,2,1,90000
2025,2,1,220200
2024,1,1,199500
2025,1,1,177905
2023,1,1,148000
2024,2,1,243500
2025,2,1,176000
2024,1,1,130000
2025,2,1,150000
2025,1,1,204000
2023,1,1,106500
2025,2,0,141000
2025,1,1,179374
2023,1,1,130000
2025,2,1,269000
2025,2,1,118000
2025,2,1,350000
2025,1,1,240300
2025,2,1,172000
2025,1,1,117811
2023,2,1,110000
2025,3,0,88607
2024,1,1,121550
2024,1,1,138500
2023,3,1,177200
2024,1,1,105500
2024,2,1,144660
2023,2,1,64980
2023,2,1,158000
2024,2,1,197800
2025,2,1,230000
2024,1,1,111500
2025,0,1,40000
2024,2,1,163116
2025,1,1,209000
2024,1,1,105000
2024,2,1,203500
2025,0,1,252000
2024,2,1,75000
2024,1,1,500000
2024,2,1,103100
2024,0,0,34666
2024,2,1,190000
2025,1,1,235000
2024,2,1,125000
2025,2,0,180000
2024,1,1,169200
2025,2,1,65000
2024,2,1,395000
2024,1,1,85000
2023,2,1,141000
2024,1,1,124500
2025,2,1,128250
2025,1,1,79800
2025,2,1,234000
2025,2,0,253000
2024,2,1,155250
2024,2,1,214000
2024,0,0,75600
2024,0,1,90000
2025,1,1,58461
2025,0,1,152000
2025,2,1,152000
2025,2,1,174000
2024,1,1,130125
2025,3,1,220000
2021,1,1,200000
2024,2,1,538400
2025,2,0,95040
2024,1,1,170500
2025,2,1,184300
2024,2,1,94000
2024,2,1,115000
2024,1,1,117000
2024,2,1,169200
2025,2,1,235750
2023,2,1,83900
2024,2,1,225000
2024,2,1,132400
2025,1,1,109000
2024,1,1,156000
2025,3,1,156000
2024,1,1,218600
2025,2,1,200000
2024,0,1,89180
2024,0,1,86555
2025,0,1,54000
2025,2,1,149076
2024,2,1,106250
2024,2,0,116666
2024,2,1,75000
2025,1,1,222000
2024,2,1,141340
2024,1,1,123000
2024,0,0,52500
2024,3,1,79120
2024,1,1,137972
2025,1,1,105600
2024,2,1,234000
2024,1,1,190000
2024,0,1,71800
2024,2,1,105353
2024,1,0,165070
2025,1,1,150700
2024,1,1,143800
2023,2,1,125000
2024,2,1,126500
2024,0,1,208800
2023,2,1,112000
2024,2,1,126500
2025,2,0,120253
2024,1,1,92700
2024,0,0,50500
2025,0,1,72700
2024,2,1,216700
2024,2,1,142000
2024,2,1,155000
2024,1,1,42400
2024,1,0,193412
2025,2,0,84000
2024,2,1,279427
2023,2,1,147100
2025,1,1,96800
2024,2,1,196700
2024,1,1,179000
2024,2,1,313000
2024,2,1,170000
2024,2,1,122000
2025,1,1,182700
2025,1,1,156000
2025,2,1,204900
2024,1,1,162150
2025,1,1,200000
2025,2,1,255000
2024,0,1,49400
2024,1,1,170500
2024,1,1,65600
2024,1,1,269200
2025,2,1,168000
2024,1,1,143100
2024,2,1,55000
2024,2,1,238000
2025,2,0,214000
2025,1,1,116000
2025,2,1,65832
2024,2,1,389500
2024,2,1,144500
2024,1,1,105000
2024,2,1,110760
2024,2,0,87500
2024,1,1,137750
2025,2,1,204000
2024,0,1,72000
2025,2,1,224000
2025,2,0,75789
2024,2,0,57777
2024,2,1,203591
2024,2,1,73200
2024,1,1,120000
2025,1,1,96400
2025,1,1,130600
2024,1,1,135600
2024,1,1,132100
2025,0,1,178392
2023,2,1,114080
2024,3,1,305000
2022,1,0,51716
2024,2,1,156000
2024,2,1,86700
2025,2,1,170000
2024,0,1,158200
2023,2,0,214000
2024,2,1,197292
2022,1,1,108000
2024,2,1,167000
2024,2,1,80109
2024,2,1,392251
2024,3,1,175000
2024,1,1,153000
2025,1,1,82000
2025,2,1,141721
2024,1,1,83600
2023,1,1,150000
2024,1,1,133000
2024,0,1,110400
2024,1,1,137000
2025,2,1,139000
2025,1,1,285000
2024,2,0,78750
2024,2,1,209169
2024,2,0,230000
2025,2,1,72700
2023,2,1,205000
2024,0,1,158000
2024,1,0,250000
2025,0,1,129450
2024,2,1,245500
2025,1,1,71668
2025,2,1,107025
2025,1,1,212800
2023,2,1,145500
2024,2,1,150000
2025,2,1,165100
2024,2,0,75000
2025,2,1,128200
2025,2,0,55162
2024,2,1,207000
2024,2,1,238600
2023,2,1,240000
2025,1,1,260600
2024,0,1,180000
2025,1,1,375000
2024,2,1,105301
2024,1,0,84300
2024,2,1,369000
2024,1,1,160000
2024,2,1,143300
2023,2,1,200000
2024,3,1,278400
2024,1,1,89000
2025,2,1,161230
2025,2,1,190000
2023,0,1,100000
2024,1,1,156000
2024,1,1,97500
2025,1,1,77350
2025,1,1,186000
2025,2,1,159800
2024,1,1,88000
2024,1,1,201000
2024,3,0,65066
2023,2,1,126000
2023,2,1,85000
2024,2,1,174500
2024,2,1,120000
2022,3,0,115222
2024,2,0,52574
2024,1,1,173000
2025,2,1,104000
2024,2,0,105555
2024,1,1,150000
2025,1,0,133768
2024,1,0,58000
2025,1,1,90225
2025,2,1,212800
2024,2,1,135000
2024,0,1,60400
2025,2,1,228790
2025,1,1,237100
2025,2,1,171500
2025,2,1,129000
2024,2,1,218000
2024,1,1,256500
2024,1,1,100000
2025,2,1,256400
2023,0,1,162170
2024,2,0,120275
2025,1,1,59995
2024,2,1,246000
2025,2,0,50526
2024,0,1,70800
2022,2,1,131300
2024,1,1,86520
2024,3,1,110000
2025,0,1,138000
2024,2,1,234500
2024,0,0,84788
2024,1,1,100000
2025,2,1,81094
2024,1,1,200000
2025,0,1,100000
2025,2,1,196930
2024,2,0,153000
2025,1,1,60500
2024,1,1,24000
2024,2,1,213900
2024,3,1,140000
2024,1,1,85900
2025,2,1,140000
2023,0,0,30663
2025,1,0,47055
2023,2,1,86000
2024,1,1,120000
2025,2,1,101000
2024,1,0,56250
2024,1,1,175600
2025,1,1,210000
2024,2,1,94200
2025,1,1,118000
2024,2,1,104603
2024,2,1,169700
2024,1,0,93800
2024,0,1,210000
2024,2,1,124100
2025,2,1,200000
2025,2,1,140700
2024,1,1,155975
2025,3,1,261000
2024,1,1,112200
2024,2,1,165000
2025,2,1,458000
2025,0,1,125000
2024,2,1,216000
2025,0,1,119600
2025,1,1,134121
2025,2,0,46989
2024,2,1,299000
2025,2,0,125000
2024,3,1,280000
2024,2,1,100000
2024,1,1,177777
2025,2,1,79400
2024,2,1,126350
2024,1,1,117200
2024,0,0,85000
2024,2,1,66000
2024,1,1,108000
2024,2,1,223400
2024,2,0,112241
2025,2,1,204840
2025,1,1,166000
2025,2,1,145209
2025,1,1,77760
2024,0,1,83552
2025,2,1,111240
2024,0,1,45500
2025,1,1,119574
2025,1,1,193283
2024,2,1,142200
2025,0,0,50632
2025,2,1,130100
2023,1,0,86128
2024,2,1,140000
2025,0,1,53100
2025,2,1,96601
2025,2,1,141700
2024,2,1,167000
2025,2,1,72000
2025,3,1,161068
2025,2,1,155000
2024,1,1,97000
2025,1,1,65000
2025,2,0,42000
2024,1,1,99900
2024,1,1,82600
2025,2,1,153000
2024,2,1,240960
2024,2,1,160680
2024,1,1,75000
2025,2,1,254400
2024,1,0,84000
2024,2,1,161500
2024,2,1,143500
2024,0,1,136200
2023,2,1,248100
2025,1,1,192950
2025,1,1,165400
2024,2,1,243500
2024,2,1,239400
2024,2,1,137300
2024,2,1,218185
2023,2,1,140100
2025,1,1,85000
2024,2,1,115000
2025,2,1,315000
2025,1,1,84600
2025,1,1,200200
2025,2,1,115000
2024,2,1,140000
2025,2,1,139776
2025,3,1,217500
2024,2,1,176000
2024,0,1,112000
2024,2,1,121750
2024,1,0,71250
2024,1,1,68200
2024,1,1,113500
2024,1,1,238280
2025,0,1,179000
2024,0,1,75065
2024,2,1,140000
2024,1,0,80290
2022,1,1,90000
2024,0,1,55000
2025,1,1,98300
2025,2,1,160440
2025,1,1,110000
2025,1,1,190000
2024,1,1,80000
2024,2,1,102200
2025,2,1,162150
2025,1,1,272000
2024,2,1,320500
2024,2,1,172000
2025,2,1,81978
2024,1,1,138000
2025,2,1,114000
2024,2,1,321000
2024,2,1,177300
2024,0,1,79900
2025,1,1,68000
2025,2,1,216000
2024,3,1,130920
2025,1,1,287600
2024,0,1,110400
2025,2,0,48421
2025,2,1,180000
2024,1,1,131300
2025,1,1,131000
2024,2,1,246000
2024,1,1,142000
2025,0,0,63291
2025,2,1,171100
2025,2,1,104500
2025,2,1,151986
2024,2,1,195000
2024,0,0,47778
2025,2,1,111000
2024,2,0,91375
2024,2,1,164050
2025,2,1,154000
2024,3,1,312300
2024,0,0,55200
2025,0,1,36300
2024,1,1,176000
2023,2,0,51824
2024,2,1,180000
2025,2,1,161230
2023,1,1,116700
2024,2,1,178200
2025,2,1,233800
2025,1,1,297600
2024,1,1,73008
2023,1,1,165000
2024,2,1,258470
2024,2,0,114486
2025,2,0,78571
2025,2,1,400000
2025,2,1,122500
2024,2,1,111260
2024,2,1,167200
2023,2,0,138666
2025,0,0,16000
2023,1,0,95000
2023,2,1,197600
2025,2,1,170000
2021,1,0,16904
2025,0,1,139360
2023,3,1,155000
2024,1,1,84700
2024,2,1,389500
2025,2,1,230000
2025,1,1,88900
2025,0,0,29090
2024,2,1,121538
2025,1,1,173000
2025,2,1,410000
2025,1,1,177000
2025,2,1,265000
2025,1,1,248700
2024,1,1,91000
2022,3,1,160000
2025,2,1,54000
2024,2,1,135000
2025,2,1,179200
2024,2,1,184300
2024,2,1,101000
2025,2,1,205600
2024,2,1,184200
2024,2,1,151800
2025,1,1,260400
2024,2,1,219700
2023,1,1,109000
2023,1,0,55368
2024,2,1,238600
2024,2,1,101400
2024,2,1,75000
2025,2,1,183600
2024,2,1,181600
2024,2,1,205800
2025,2,1,165200
2024,1,1,121000
2024,1,1,358000
2024,1,1,250000
2024,1,0,47868
2024,2,0,72000
2024,2,0,99769
2023,2,1,190400
2025,2,1,530000
2025,1,1,208800
2025,3,1,180000
2024,2,0,72000
2025,2,1,96000
2024,2,1,156000
2024,2,1,146000
2025,2,1,80000
2023,0,1,92700
2025,2,1,145000
2024,2,0,36014
2025,2,0,42105
2024,2,1,56280
2023,2,1,155000
2025,2,0,78947
2025,2,1,170400
2024,2,1,229000
2024,1,1,134000
2024,2,1,130000
2023,2,1,164000
2024,2,1,182750
2025,0,1,140625
2024,2,1,109500
2023,1,0,49216
2024,2,1,105200
2024,2,0,178000
2024,2,1,139300
2025,1,1,144000
2024,2,1,156000
2024,0,1,122000
2023,1,0,15680
2024,1,1,106807
2025,2,1,104000
2024,2,1,215800
2024,1,1,189750
2023,2,1,90700
2025,2,1,99500
2025,2,1,134000
2025,2,1,221000
2025,2,1,137000
2025,3,1,182000
2024,0,1,116150
2024,2,1,194000
2025,1,0,65000
2025,0,1,46000
2024,1,1,122300
2025,1,1,166000
2023,1,1,90000
2024,1,1,140600
2024,2,1,205850
2025,2,1,202800
2024,2,1,124200
2024,2,1,196350
2022,2,1,180000
2024,1,0,46500
2023,2,1,119200
2025,2,1,221000
2024,2,1,212800
2025,2,1,318000
2024,2,1,115700
2024,1,1,97125
2024,1,1,102000
2024,1,1,157550
2024,1,0,182614
2025,2,1,115000
2024,1,1,530000
2024,1,1,212000
2025,2,1,120000
2025,1,1,84100
2024,1,1,198800
2023,2,1,146600
2025,2,1,112188
2025,1,1,153700
2023,2,1,230000
2023,1,1,55000
2025,2,1,114000
2024,0,1,83000
2025,0,0,55604
2024,1,1,183800
2024,1,1,175800
2024,0,0,96250
2024,0,1,124800
2024,2,1,255000
2025,2,0,223300
2025,1,1,130800
2024,3,1,150000
2024,2,0,188645
2025,1,1,62300
2025,2,1,84571
2024,2,1,123500
2024,1,1,86700
2024,0,1,139360
2025,2,1,295000
2025,1,1,50000
2024,1,1,145000
2024,2,1,324000
2024,2,1,114400
2023,2,1,204500
2025,2,1,205000
2025,2,1,78022
2025,1,1,208800
2024,2,0,143750
2024,2,1,111400
2024,0,1,180000
2023,2,1,170000
2025,2,1,193000
2025,2,1,165400
2025,1,0,130000
2025,1,1,205500
2024,2,1,158500
2024,2,1,110100
2023,1,0,102927
2023,1,0,110736
2024,0,1,85500
2025,1,1,64000
2025,2,1,142803
2024,2,1,182800
2023,2,1,154000
2025,2,1,179442
2024,1,0,36000
2025,2,1,79100
2024,2,1,178100
2024,2,0,110000
2024,2,1,118450
2024,1,0,136000
2025,2,1,259200
2023,2,1,209450
2024,2,0,88000
2023,1,1,144500
2025,1,1,128600
2024,1,1,195000
2024,2,1,103920
2025,2,1,231400
2024,2,0,165200
2024,2,1,159120
2024,2,1,80000
2024,2,0,75000
2024,2,1,142800
2025,1,1,88452
2025,2,1,168152
2025,2,1,180000
2024,2,1,96200
2024,2,1,214560
2025,2,1,335720
2024,3,1,130000
2025,2,1,226000
2024,2,1,148000
2024,1,0,89861
2024,2,0,165384
2025,3,0,208810
2024,2,1,130000
2025,2,1,178500
2024,2,0,152100
2025,2,1,378700
2025,0,1,150400
2025,1,0,122400
2025,0,1,72000
2025,2,1,130000
2024,2,1,193880
2025,1,1,150043
2024,1,1,174000
2025,2,1,156000
2024,1,1,59500
2025,0,0,54126
2024,2,1,88858
2024,1,1,112500
2022,1,1,150000
2025,1,1,178100
2025,1,1,231400
2023,1,1,79350
2024,1,1,129200
2025,2,1,244950
2025,1,0,114354
2024,1,1,129200
2024,3,1,312287
2024,1,1,87000
2024,0,0,87500
2024,1,1,140000
2024,0,1,145000
2025,1,0,148700
2024,1,1,119000
2024,1,1,112500
2024,1,1,167700
2025,2,1,145000
2025,2,0,88430
2024,2,1,236000
2024,1,1,180000
2025,2,1,140670
2024,1,1,185000
2024,1,1,81000
2025,2,1,327750
2025,2,1,229200
2024,2,1,345000
2024,2,1,159000
2023,2,1,235000
2024,1,1,208800
2021,2,1,105000
2024,2,0,107730
2024,2,1,183600
2025,2,1,201300
2025,2,1,170000
2024,2,1,315000
2023,1,1,133000
2024,2,0,210000
2025,3,1,164780
2025,1,1,160000
2025,2,1,270000
2025,1,0,71300
2024,2,1,209000
2025,2,1,135000
2024,2,1,170000
2025,1,1,107000
2025,1,1,50000
2025,2,1,156900
2024,2,0,75000
2025,1,1,192000
2024,2,1,167047
2025,2,0,297600
2020,0,1,100000
2023,2,1,93918
2024,2,1,97200
2025,0,1,81300
2024,1,1,154000
2024,2,1,186000
2025,1,1,216000
2024,1,0,88888
2024,2,1,75000
2024,2,1,97870
2025,2,0,41684
2024,1,1,153216
2024,2,1,155300
2025,2,1,120000
2025,0,0,29473
2025,2,1,129935
2024,2,1,312200
2024,1,1,182000
2025,2,1,82512
2024,2,1,136675
2025,2,1,236900
2022,2,0,60000
2024,2,1,265000
2023,2,1,182000
2024,1,1,93704
2023,3,1,145000
2024,0,1,159850
2025,1,1,110600
2025,2,1,77868
2023,1,1,205000
2024,1,1,114750
2024,1,1,131000
2024,2,1,175800
2024,2,0,130000
2024,2,0,219100
2025,1,1,76500
2025,2,1,210000
2025,2,0,140920
2024,1,1,61110
2023,2,1,342810
2024,2,1,106371
2024,2,1,144600
2024,1,0,75000
2024,2,1,323400
2024,2,1,109200
2023,2,1,159300
2024,2,1,207900
2025,1,1,55530
2024,2,1,143200
2024,0,1,250000
2025,2,1,263160
2024,2,1,72000
2025,0,1,54600
2025,2,1,95680
2024,2,0,196000
2025,1,0,28421
2024,1,1,58219
2023,1,1,100000
2024,2,1,173000
2024,3,1,100000
2024,2,1,64000
2024,1,1,332000
2024,2,1,372900
2024,1,1,62000
2024,2,1,163116
2023,3,1,258750
2025,0,1,88000
2025,2,1,133195
2024,2,1,212000
2024,2,1,220000
2024,2,1,400838
2025,2,0,39966
2024,2,1,99800
2024,1,1,139577
2024,2,0,66666
2025,2,1,116000
2025,1,1,62800
2025,2,1,133784
2025,2,1,163977
2024,2,0,48000
2024,2,1,220000
2024,2,1,96750
2024,1,1,177000
2024,2,1,192300
2024,1,1,101080
2024,1,1,193200
2024,2,1,145990
2025,0,1,57500
2024,1,1,77350
2024,2,1,130000
2025,1,1,212000
2024,2,1,130100
2023,2,1,133000
2024,2,1,222634
2024,1,1,107925
2025,2,1,79000
2024,2,1,155000
2024,2,1,123800
2024,2,1,117300
2024,2,1,293800
2025,0,0,110073
2020,0,0,39916
2024,2,1,134000
2025,3,1,253950
2025,1,1,80770
2025,1,1,203000
2024,1,1,116600
2025,2,1,84600
2024,0,0,40000
2024,1,1,120715
2024,2,0,70000
2024,2,1,84600
2024,2,1,86320
2024,1,0,436848
2024,2,1,129700
2024,2,1,181000
2025,1,0,80449
2024,0,1,38000
2025,2,1,165000
2025,0,0,102000
2024,0,0,63336
2024,0,1,59100
2025,2,1,222480
2024,3,1,185000
2024,2,1,175000
2024,2,1,200000
2024,2,1,197500
2024,2,1,91260
2025,2,1,106000
2025,1,1,227950
2025,2,1,125000
2025,2,1,118300
2025,1,0,79654
2024,1,1,154000
2022,2,1,165220
2025,0,1,93000
2025,2,1,110000
2024,2,1,212500
2024,2,0,141418
2023,1,0,110000
2025,2,1,229500
2023,3,1,170000
2024,1,1,129000
2025,0,1,356500
2024,0,1,57300
2024,2,0,130000
2025,3,1,150000
2025,1,1,138000
2023,1,1,80000
2023,2,1,185100
2024,0,1,83200
2025,0,1,28000
2024,0,1,71864
2023,2,1,225300
2024,2,1,118976
2024,1,1,68500
2024,2,1,172000
2024,2,1,100900
2024,2,1,107500
2025,1,0,67857
2025,2,1,250200
2024,1,1,213000
2024,1,1,98900
2024,1,1,154500
2024,2,1,147500
2025,2,1,150000
2024,1,1,138900
2024,2,1,107000
2025,1,1,199000
2024,2,1,175000
2024,1,1,173040
2024,2,1,300000
2024,2,1,138911
2025,2,1,204000
2024,1,1,216429
2024,1,1,197412
2025,2,1,136200
2024,1,1,110000
2025,1,1,150000
2025,1,0,50632
2025,0,1,86825
2025,2,1,225000
2024,1,1,105060
2025,0,1,119200
2024,1,1,168000
2025,3,1,218760
2025,2,1,191265
2025,2,1,163000
2024,1,1,218500
2025,2,1,155000
2025,1,1,75456
2024,0,1,76100
2025,2,1,217000
2024,2,1,151300
2023,2,1,120350
2025,1,1,80170
2025,2,1,320000
2024,2,1,275000
2024,3,1,167000
2024,2,1,60900
2025,1,1,73700
2024,2,1,141200
2025,1,1,225000
2024,1,0,50308
2023,2,0,210000
2024,1,1,195200
2025,0,1,65000
2023,0,1,126000
2024,1,1,299000
2024,2,1,250200
2024,1,1,113500
2023,2,1,179820
2024,1,1,276000
2023,3,1,160000
2025,1,0,60759
2023,0,1,250800
2024,2,1,177886
2024,1,0,100000
2024,2,1,140000
2024,1,1,115000
2025,1,1,204000
2024,1,1,250000
2024,0,0,111250
2024,2,1,419750
2024,2,1,220000
2025,1,1,70000
2025,1,1,170000
2025,2,1,140000
2024,1,1,246400
2024,2,1,168300
2023,1,1,65100
2024,2,1,141700
2024,1,0,107997
2024,1,1,151400
2023,2,1,136000
2024,1,1,92700
2024,2,0,206250
2025,2,1,106900
2025,1,1,102900
2021,1,1,93150
2025,2,1,247228
2025,2,1,110300
2025,1,1,207600
2023,1,0,63980
2025,2,1,270000
2023,2,1,264846
2024,2,0,35386
2024,1,1,154273
2024,2,1,153018
2025,1,1,385000
2024,2,1,245588
2022,2,1,247500
2024,2,0,56250
2024,2,1,156750
2024,2,1,84533
2025,2,1,256000
2025,2,1,220000
2024,2,0,150000
2025,2,1,101000
2024,1,1,77760
2025,1,1,176801
2024,0,1,196500
2023,2,1,154600
2024,1,1,245500
2024,2,1,175000
2024,1,0,73750
2024,0,1,140000
2025,1,1,189175
2024,2,1,304000
2024,2,1,151000
2024,2,1,351000
2024,2,1,252000
2025,3,1,125000
2023,1,1,104000
2024,2,0,115384
2025,1,1,385000
2025,1,1,43680
2024,0,1,192500
2022,2,1,150260
2025,2,1,199920
2023,2,1,212800
2025,2,1,179428
2024,2,1,144501
2024,2,0,187000
2025,2,0,92050
2024,1,1,112300
2024,2,1,127890
2025,1,1,110000
2023,2,1,260000
2024,2,1,252400
2024,2,0,110000
2024,1,1,79933
2024,1,1,350000
2024,1,1,160000
2025,0,0,40000
2024,1,1,126000
2024,1,1,107100
2023,1,0,120000
2025,0,0,34810
2024,2,1,118000
2024,1,1,174000
2022,1,0,25000
2024,1,1,65000
2024,1,1,201600
2024,2,1,134561
2025,0,0,92096
2024,0,1,126300
2022,1,1,90000
2025,2,0,163200
2025,1,1,158250
2025,1,1,100000
2025,2,1,156400
2025,1,1,95000
2025,0,1,181000
2025,2,1,102800
2024,1,1,96300
2024,2,1,180393
2024,1,0,56453
2025,1,1,228000
2024,1,1,170000
2024,2,1,174000
2023,2,1,205485
2024,2,1,142200
2023,2,1,221484
2025,2,1,108800
2024,1,1,166600
2025,2,1,119076
2024,0,1,37154
2025,0,1,66700
2023,2,1,119000
2025,2,1,250200
2025,0,0,52800
2024,2,1,337250
2025,2,1,122200
2024,2,1,310000
2025,2,1,255000
2025,1,1,129800
2023,1,1,165000
2025,2,1,134000
2025,2,1,173700
2023,0,1,90000
2025,2,1,195100
2024,1,1,93100
2025,2,1,117200
2024,1,1,59110
2024,2,0,89100
2025,0,0,115000
2024,0,1,50000
2024,0,1,55751
2024,2,1,203000
2022,2,0,227200
2024,2,1,202500
2024,1,1,145000
2024,2,1,114900
2024,2,1,131400
2024,1,1,46400
2025,1,1,137510
2023,0,1,113800
2024,2,1,200200
2024,2,1,202300
2024,2,1,176300
2025,2,1,181000
2024,0,0,113400
2024,2,1,212000
2024,0,1,101520
2024,2,1,95000
2024,2,0,169200
2025,2,1,98400
2025,1,1,122760
2024,2,1,123570
2024,1,1,84600
2025,2,1,220000
2024,1,1,246000
2024,0,1,80800
2025,1,1,166700
2025,2,1,200000
2025,1,1,163200
2025,2,1,85040
2024,2,1,72647
2024,2,1,225000
2024,1,1,248700
2023,1,1,200000
2025,0,0,44197
2024,2,1,87100
2024,0,1,93500
2024,1,1,119076
2025,2,1,175250
2025,0,1,66979
2024,1,1,81000
2024,2,1,176700
2024,0,1,137000
2025,3,1,168350
2024,0,1,85800
2024,1,0,36000
2025,2,0,113924
2025,1,1,73500
2024,1,0,136800
2024,2,1,106500
2024,1,1,61933
2024,2,1,137400
2024,0,1,82000
2025,2,1,273200
2024,0,1,146000
2024,2,1,212000
2025,2,0,82000
2025,2,1,117400
2024,0,1,76218
2023,2,0,61541
2024,2,1,314800
2025,3,1,110000
2025,1,1,60000
2024,2,1,211650
2025,1,1,150000
2025,1,1,216200
2025,2,1,86900
2024,2,1,234500
2025,0,0,16000
2025,2,1,175000
2024,0,1,47433
2024,2,1,182000
2025,1,1,95300
2024,2,1,76000
2024,1,1,184600
2025,2,1,158500
2024,2,1,96600
2025,1,1,55439
2025,2,1,116000
2025,1,1,168000
2024,0,1,45000
2024,0,0,51403
2023,1,0,32834
2025,2,1,336000
2024,1,1,93500
2024,1,1,168084
2025,2,0,31200
2024,2,0,118750
2025,2,1,297000
2025,1,1,161600
2024,0,0,144300
2025,2,0,48000
2024,1,0,166666
2024,1,1,341734
2025,2,1,177600
2024,2,1,265000
2025,1,1,216000
2024,1,1,212310
2024,2,1,93300
2025,2,0,31200
2025,2,1,204480
2024,2,1,220000
2024,2,1,200000
2024,2,1,233040
2024,2,1,110000
2024,1,1,139500
2025,0,1,90593
2025,2,1,211650
2025,0,1,99336
2025,1,0,60900
2024,2,1,210000
2025,2,1,268400
2024,0,1,237500
2024,2,1,190000
2024,1,1,114500
2024,2,0,164000
2024,2,1,257000
2024,2,1,118011
2024,2,1,249000
2024,1,1,85000
2024,2,0,100000
2024,2,1,171303
2024,2,1,331640
2024,2,1,94700
2025,2,1,149000
2024,1,1,178200
2024,2,1,217000
2024,1,1,185000
2022,2,1,216200
2024,2,1,133100
2024,1,1,145800
2025,1,1,210000
2024,2,1,280400
2025,3,1,166310
2024,1,0,87500
2025,2,1,104000
2024,1,1,280000
2025,2,1,82000
2024,1,1,123365
2025,1,1,250000
2025,2,1,177600
2025,2,1,144700
2024,2,1,157250
2024,3,0,200070
2025,2,1,299300
2024,2,1,174557
2025,2,1,261500
2025,2,1,169100
2025,1,1,170000
2024,0,1,112700
2023,2,1,372000
2024,1,0,100000
2024,2,1,115800
2023,0,0,54137
2023,1,0,142000
2024,1,0,163100
2025,1,1,60400
2024,2,0,159000
2025,1,1,67810
2024,1,1,200000
2024,2,0,567300
2024,3,1,113840
2025,2,1,85150
2024,2,1,237500
2024,2,1,190000
2025,2,1,212800
2024,1,1,136300
2025,2,1,234500
2024,2,0,176000
2023,2,1,194000
2025,1,1,158000
2024,1,1,60400
2025,2,1,127000
2024,2,1,161900
2023,2,1,229000
2024,1,0,125821
2024,2,1,265000
2024,3,1,120000
2024,2,1,176500
2024,1,1,130900
2025,2,0,75000
2025,2,1,100000
2024,1,1,135000
2024,2,0,199700
2024,2,1,285000
2024,1,1,116400
2023,2,1,182200
2025,2,1,189000
2024,2,1,136100
2025,1,1,148500
2024,1,0,45555
2024,1,0,84375
2025,2,0,73684
2024,2,1,105100
2023,2,1,214000
2024,1,1,97300
2024,1,1,260000
2024,2,1,94200
2024,2,1,102795
2022,2,1,132320
2023,0,1,65000
2024,2,1,95000
2024,1,1,62500
2024,1,1,113500
2024,0,1,72176
2024,2,0,100000
2024,1,1,142896
2022,2,1,89200
2024,1,1,150000
2025,2,1,169900
2024,2,1,197760
2025,2,1,104200
2024,1,1,70400
2025,2,0,135443
2021,2,1,185000
2024,1,1,70666
2024,2,1,150000
2025,1,1,225000
2023,2,1,160000
2024,2,1,190000
2025,1,1,157590
2025,2,1,73000
2025,1,1,425000
2024,2,1,146500
2025,0,1,60000
2024,2,1,510000
2024,0,1,148000
2024,0,1,76000
2025,2,1,431250
2025,2,1,100000
2024,0,1,170000
2025,2,1,105230
2025,2,1,86634
2024,2,1,127000
2025,1,1,140000
2025,2,1,109000
2025,2,1,190137
2025,0,1,65000
2025,2,1,180000
2024,0,1,46200
2024,2,1,228000
2024,2,1,117400
2024,2,1,184000
2025,3,1,230000
2024,2,1,126700
2024,0,1,89760
2024,0,1,37000
2024,2,1,210000
2024,2,1,234000
2024,2,1,100000
2025,1,0,47348
2024,2,1,119000
2024,1,1,160000
2025,2,1,189620
2024,2,1,137000
2024,2,1,222480
2025,1,0,84600
2024,2,1,128900
2024,2,1,66000
2025,2,0,124000
2024,2,1,122400
2024,2,1,129300
2024,1,1,210000
2024,2,1,211000
2025,0,1,51900
2025,2,1,64000
2024,1,1,400000
2024,2,1,110000
2025,2,1,90263
2024,2,1,135300
2025,1,1,72400
2025,2,0,50632
2024,1,1,218500
2024,1,1,78000
2024,1,1,95000
2025,2,1,230670
2025,1,1,120900
2025,1,1,188600
2024,1,1,170700
2025,2,1,131000
2024,2,1,242000
2024,2,1,183000
2025,2,1,314400
2024,2,1,171000
2025,3,0,254500
2024,1,1,324000
2024,3,1,143000
2024,2,0,112000
2024,2,1,89250
2024,2,1,210600
2024,2,1,146500
2024,1,1,159865
2024,2,1,148500
2025,0,1,105000
2025,2,1,188640
2024,2,1,189400
2024,1,1,78000
2024,2,1,142500
2024,1,1,385250
2024,1,1,83187
2024,2,1,500000
2025,1,1,75000
2025,3,0,200000
2025,3,1,500000
2023,1,1,116990
2024,2,1,187500
2024,1,1,312866
2024,1,1,78000
2025,1,1,238000
2024,2,1,290200
2023,2,1,205500
2025,2,1,323400
2024,2,1,184486
2024,0,1,70000
2024,2,0,287000
2024,1,1,90000
2025,3,1,410000
2024,1,1,139250
2024,2,1,95000
2025,2,1,294000
2024,2,1,275300
2024,1,1,150000
2023,2,1,89600
2025,1,1,118657
2024,1,1,62100
2025,2,1,172500
2024,2,1,97335
2024,2,0,63671
2025,1,1,120000
2024,1,1,469000
2024,2,1,220800
2024,1,1,138900
2024,2,1,136000
2024,2,1,160500
2024,2,1,137600
2024,0,0,60000
2025,2,1,279000
2025,2,1,117300
2025,0,1,172000
2024,2,1,206333
2024,2,1,265324
2025,2,1,208300
2024,2,1,231600
2024,2,1,171000
2024,2,1,281700
2024,2,1,142133
2024,2,1,166600
2025,0,1,67569
2024,0,1,63750
2024,2,1,273931
2024,1,1,124300
2025,2,1,125500
2023,2,1,101500
2024,2,1,145600
2025,2,1,240000
2022,1,0,85000
2025,2,1,162000
2024,0,0,67500
2024,2,0,81250
2023,2,1,143750
2024,1,1,141000
2025,2,1,334500
2025,1,1,131300
2023,2,1,280000
2024,1,1,158755
2025,0,0,100000
2024,2,1,175000
2024,0,0,60000
2024,2,1,171814
2024,0,1,114400
2025,2,1,323659
2025,1,0,50945
2024,1,1,67920
2024,0,1,42662
2025,1,1,225000
2023,1,0,16417
2024,2,1,102000
2024,1,0,105000
2025,2,1,217700
2025,2,1,130295
2023,2,0,104000
2024,1,1,318090
2025,1,1,64000
2024,0,1,88888
2025,1,0,151898
2025,2,1,186000
2022,2,1,96000
2024,1,1,59000
2025,2,0,69620
2024,2,1,110000
2025,2,1,175000
2025,1,1,75000
2025,2,1,148420
2024,1,1,117200
2025,0,1,78729
2024,1,1,213400
2022,1,1,165000
2025,1,1,160000
2024,2,1,22300
2025,2,0,85714
2025,2,1,199750
2025,1,1,115000
2024,2,1,142826
2024,0,1,91300
2024,0,1,66000
2024,1,1,74100
2024,2,1,200875
2023,2,1,234100
2022,0,1,130000
2023,2,1,350000
2023,3,1,106500
2024,2,1,360000
2023,2,1,224000
2024,0,1,47000
2025,2,1,125800
2024,1,1,205500
2025,2,1,227500
2024,2,1,138000
2025,2,1,212500
2025,0,1,137750
2025,2,1,115000
2025,3,1,60792
2025,2,1,73632
2025,2,1,170000
2024,2,1,236250
2024,2,0,80000
2025,2,1,101300
2025,1,1,81936
2024,2,1,235200
2025,2,0,174980
2024,0,1,137000
2024,2,1,171000
2025,2,1,183050
2025,2,1,150000
2024,2,1,209700
2025,1,1,299000
2025,1,1,99000
2024,2,1,196000
2025,2,1,117200
2024,2,1,308200
2024,2,1,230000
2025,0,1,98300
2024,0,1,60000
2021,1,0,119059
2023,2,1,150000
2025,1,1,250000
2023,1,1,150000
2024,1,1,152800
2024,1,0,75000
2024,2,1,161250
2024,1,1,212800
2025,0,1,193000
2025,0,1,69772
2024,2,1,171500
2024,2,1,188500
2025,2,1,264200
2025,0,1,141450
2025,2,1,220000
2024,2,1,160000
2025,2,1,179000
2024,2,1,144300
2024,1,1,183500
2022,2,1,146200
2024,2,1,155975
2025,2,1,239700
2025,2,1,183175
2024,2,0,109000
2024,2,1,40000
2024,2,1,167000
2024,2,1,168700
2024,2,1,214471
2022,2,1,138750
2024,1,1,119830
2024,2,1,96700
2024,2,1,184662
2022,1,1,120000
2024,2,0,224100
2022,2,1,68400
2024,1,1,179000
2024,1,1,144000
2025,2,1,328500
2024,2,1,114000
2025,2,1,70800
2024,0,1,99882
2025,2,1,280000
2025,1,1,208800
2024,1,1,115000
2025,2,0,156200
2024,1,1,179000
2024,1,1,77000
2024,2,1,198650
2025,2,1,73432
2025,1,1,135000
2024,0,0,56250
2024,1,1,172000
2025,1,1,81700
2024,1,1,110000
2023,2,1,133800
2024,1,0,137900
2025,1,1,92300
2024,0,1,84068
2024,2,1,148049
2024,1,1,184379
2024,2,1,151300
2024,2,1,157000
2024,2,1,280000
2024,1,1,183500
2024,1,1,81000
2024,0,1,69900
2025,2,1,235000
2023,2,1,307100
2025,1,1,105000
2025,1,1,243080
2024,2,1,335000
2025,1,1,139600
2024,0,1,232000
2024,2,1,101400
2025,1,1,178200
2025,2,1,720000
2024,0,0,34646
2025,1,1,174600
2024,0,0,99548
2025,0,1,113100
2024,2,1,368000
2024,1,1,168000
2024,1,1,173650
2024,2,1,212800
2024,2,1,183580
2024,2,1,72700
2024,1,0,148700
2025,1,1,117100
2025,2,1,175000
2025,2,1,148900
2023,1,0,53984
2023,2,1,85000
2025,2,1,86694
2024,2,1,60400
2024,0,1,70000
2024,2,1,192500
2025,0,1,85600
2024,2,1,175000
2024,2,0,117000
2025,1,1,237000
2025,2,1,290004
2021,1,0,46597
2024,0,1,45400
2024,2,1,251931
2025,1,0,233500
2024,1,1,101722
2024,2,0,81538
2025,0,1,40380
2023,2,0,107968
2024,1,1,201250
2024,2,1,75000
2023,1,0,96313
2025,3,1,395450
2024,1,1,58000
2025,2,1,198000
2024,2,1,145000
2023,2,1,152000
2025,2,0,162200
2024,2,1,183695
2025,1,1,92290
2025,2,1,223000
2024,2,1,200200
2025,1,1,95000
2024,1,1,196075
2025,0,1,52030
2025,2,1,176000
2025,2,1,81978
2023,2,1,150000
2024,1,1,290180
2024,2,1,211888
2024,0,1,100000
2024,0,0,90000
2024,2,1,188126
2024,0,1,106960
2025,1,0,41334
2024,2,0,155555
2025,0,0,37974
2024,1,1,108500
2024,2,1,144000
2024,2,1,180000
2024,1,0,156200
2025,1,1,155375
2024,2,1,100200
2024,1,1,224000
2024,1,0,24000
2024,1,0,210100
2024,2,1,161000
2024,2,0,155937
2024,1,1,124230
2025,1,0,85000
2025,0,1,120000
2023,2,1,253000
2024,0,1,110000
2022,2,0,82280
2024,2,1,335000
2024,2,0,148000
2025,2,1,220000
2024,1,0,145730
2023,1,1,70800
2025,1,1,92000
2024,1,1,75500
2024,2,1,100000
2023,2,1,283780
2025,1,0,84813
2025,2,1,256100
2025,2,1,150500
2022,1,0,44365
2024,2,1,101250
2024,2,0,88830
2023,1,0,98432
2024,1,1,49900
2024,2,1,120750
2024,0,1,73424
2025,0,1,154700
2022,2,1,140000
2024,2,0,77777
2025,1,1,137049
2023,2,0,172800
2024,1,1,126500
2024,2,1,82471
2024,0,1,117200
2024,2,1,160000
2025,2,1,151300
2025,3,1,148800
2023,2,1,65000
2025,1,0,56939
2024,2,1,500000
2024,2,1,175662
2025,2,1,165000
2024,1,1,78100
2025,1,1,160000
2024,0,0,58717
2023,2,1,222405
2024,2,1,90000
2024,1,1,102350
2024,3,0,175270
2024,0,1,44850
2024,2,1,241000
2025,1,1,135000
2025,1,1,172400
2025,2,1,119795
2025,2,1,212800
2024,2,1,245000
2023,2,1,118500
2024,2,1,240000
2024,0,1,99700
2024,1,0,172000
2025,2,1,188640
2023,2,1,134200
2024,0,1,86000
2024,2,1,151800
2024,2,1,294000
2025,2,1,240000
2025,0,1,57949
2024,2,1,242000
2024,1,1,98000
2025,2,1,88200
2025,1,1,140000
2024,1,1,155000
2024,1,1,131000
2025,0,1,176150
2024,1,1,96761
2023,2,1,84000
2023,2,1,124500
2024,1,1,115000
2025,2,1,143600
2024,1,1,98300
2023,2,1,254000
2024,0,1,147000
2025,1,1,203000
2024,1,0,108463
2024,1,1,88100
2024,1,1,85150
2025,2,1,220000
2025,2,0,148101
2022,2,1,120160
2025,1,1,91200
2024,1,1,101239
2025,0,0,20210
2024,2,1,339250
2024,1,1,128000
2024,2,1,120000
2024,1,1,125760
2024,1,1,250000
2024,2,1,150000
2025,2,1,182725
2024,1,1,253430
2025,2,1,141440
2024,2,1,203500
2024,0,0,37500
2025,1,1,114000
2024,1,1,358000
2023,2,0,43779
2024,1,1,128000
2024,0,1,152776
2023,2,1,234000
2024,2,1,218900
2024,0,0,45150
2025,1,1,123200
2024,1,1,86555
2023,2,0,160000
2024,2,1,205600
2025,1,1,93400
2024,1,1,96250
2025,2,1,278000
2023,2,1,266000
2025,0,0,84364
2023,2,1,305100
2025,1,1,190000
2024,2,0,250000
2024,2,1,471500
2024,2,0,145548
2024,2,0,279000
2025,2,1,215280
2024,1,1,334750
2025,2,1,133400
2023,2,0,124233
2024,2,1,151300
2024,1,1,127300
2024,2,1,243500
2024,1,1,81500
2024,1,1,123200
2025,1,0,91000
2022,2,1,188700
2025,0,0,65684
2023,1,0,190000
2024,1,1,214500
2022,2,1,139600
2024,2,0,150000
2022,2,1,95000
2024,1,1,155000
2024,1,1,185849
2025,1,1,132700
2024,2,1,242000
2024,3,1,260000
2024,1,1,242500
2025,1,1,149000
2024,2,1,169233
2024,0,1,74160
2023,2,1,140000
2024,2,1,265000
2024,2,1,130500
2024,0,0,44381
2025,2,0,144650
2025,1,1,108806
2025,0,1,134500
2025,2,1,356500
2024,2,1,230000
2024,0,1,60000
2025,2,1,109000
2025,1,0,69473
2025,2,1,108200
2025,1,0,145200
2024,1,0,82900
2024,0,1,63750
2024,0,1,81100
2024,2,1,176356
2023,2,1,272400
2025,1,1,135000
2025,2,1,238500
2024,2,1,207000
2024,1,0,83000
2025,2,1,94000
2024,3,1,207000
2024,2,1,95500
2025,1,1,125000
2025,2,1,82000
2024,1,1,77000
2022,2,1,141300
2023,2,1,110000
2024,1,1,126000
2024,1,1,74600
2023,2,1,305000
2024,2,1,88400
2024,2,1,162400
2023,1,1,212800
2022,2,1,192500
2024,0,1,110240
2024,1,1,81250
2025,1,1,161500
2025,1,1,166100
2024,2,1,128100
2023,1,1,285000
2024,2,1,111900
2025,2,1,216000
2024,2,1,150000
2024,2,1,144560
2025,2,1,530000
2024,2,1,193034
2025,1,1,250000
2025,1,1,95379
2024,2,1,130000
2025,2,0,46736
2025,0,1,100000
2025,1,1,164400
2024,2,1,114750
2025,2,1,243000
2024,2,1,231000
2024,2,1,169374
2024,2,1,143300
2024,1,1,173000
2025,1,0,171600
2024,1,1,130100
2025,1,0,51789
2023,0,1,61800
2024,2,1,172080
2024,1,1,77000
2025,3,1,245000
2025,1,1,130000
2024,2,1,104981
2025,1,1,75750
2025,2,1,69863
2024,1,1,94300
2024,1,1,113000
2024,2,0,122222
2025,2,1,157872
2025,2,1,173700
2024,2,1,165000
2024,2,1,94400
2025,1,1,160850
2025,0,1,124000
2025,2,1,223600
2024,1,1,203065
2023,2,1,253792
2024,2,1,188640
2024,0,1,105600
2025,2,0,78947
2024,2,1,96800
2025,2,0,120000
2024,0,1,85068
2025,0,1,100000
2024,2,1,119401
2025,1,1,175000
2025,2,1,96400
2024,3,1,191857
2024,1,1,440000
2024,2,1,279500
2024,2,1,161700
2025,1,1,101386
2025,2,1,191500
2025,1,1,140000
2023,2,1,160000
2024,1,1,232320
2023,2,1,138700
2023,2,1,176100
2024,1,1,54300
2022,3,1,135000
2025,1,1,107502
2024,0,1,194240
2025,0,1,163116
2024,1,0,59842
2020,2,0,91237
2024,2,1,130000
2025,1,1,150000
2024,2,1,125000
2024,1,1,72100
2025,2,1,195400
2025,1,0,44303
2025,3,1,200000
2024,2,1,116200
2024,2,0,77777
2025,2,1,218160
2024,2,1,184000
2024,2,0,93125
2025,1,1,190700
2025,2,0,151898
2024,2,0,63000
2024,2,1,97500
2024,2,1,205000
2023,1,0,25912
2024,2,1,147700
2021,1,0,30000
2024,2,1,250200
2024,1,1,140000
2025,2,1,147700
2025,0,0,40989
2022,1,1,85000
2024,1,0,221000
2024,1,1,185586
2024,1,1,134000
2025,1,0,144200
2025,2,0,192000
2024,2,1,170038
2025,2,1,112174
2025,2,1,143000
2024,2,0,90600
2025,0,1,84257
2024,2,1,341700
2024,2,1,320000
2025,1,1,155000
2024,2,1,208300
2025,1,1,120000
2023,2,1,107000
2023,2,1,207611
2025,2,1,121924
2024,2,1,103000
2025,0,0,193680
2024,1,1,86600
2025,2,1,124200
2025,1,1,190900
2024,1,1,214000
2025,2,0,61575
2025,2,1,180600
2025,2,1,143000
2024,1,1,243300
2024,1,0,110000
2024,1,1,166500
2024,2,1,141462
2025,2,1,110424
2024,2,0,56250
2025,1,1,143100
2025,0,1,62645
2025,1,1,385000
2024,2,0,84857
2024,1,1,167500
2025,1,1,137500
2024,2,1,110000
2025,0,0,34700
2022,2,1,50000
2022,0,1,20000
2024,1,1,73000
2025,1,1,144000
2024,2,0,95717
2024,1,1,150000
2022,1,1,105000
2024,1,1,91322
2024,0,0,84375
2025,1,1,94300
2024,2,1,119500
2024,2,1,147430
2023,2,1,146000
2024,3,1,148720
2025,2,1,173000
2025,2,1,147600
2024,2,0,87930
2024,2,1,109000
2024,2,1,214280
2025,2,1,136000
2025,2,1,181000
2024,0,1,84100
2025,2,1,63720
2024,2,1,178320
2024,2,1,99445
2025,2,1,245000
2023,2,1,170200
2025,1,1,137000
2024,2,1,168000
2024,1,1,93300
2023,2,1,165000
2024,2,1,204000
2025,2,1,150000
2024,2,1,135800
2025,1,1,96000
2024,1,1,107712
2024,1,1,99705
2025,1,0,177215
2025,2,1,95100
2025,1,0,93734
2025,1,1,167325
2025,2,1,115000
2024,2,1,81000
2024,2,1,110000
2025,2,1,115800
2020,3,1,300000
2024,0,1,149500
2025,1,0,68000
2024,0,1,111400
2025,2,1,166600
2024,1,1,151700
2025,1,0,113697
2025,1,0,42442
2025,2,1,177500
2024,2,1,276400
2025,2,1,113145
2024,2,1,105900
2024,1,0,29720
2025,2,1,160680
2025,1,1,264200
2024,2,0,150000
2023,2,1,166400
2025,1,1,60000
2025,2,1,137439
2025,2,1,285000
2024,1,1,100000
2024,0,0,75000
2025,1,1,121000
2024,1,1,145000
2024,1,0,110000
2024,2,0,70000
2025,1,0,183600
2024,1,1,68123
2025,1,1,55000
2024,1,1,110000
2025,2,1,270000
2025,1,1,145000
2024,1,0,210000
2024,2,1,290000
2025,0,1,181364
2023,2,1,75000
2025,2,1,170500
2024,2,1,255600
2025,2,1,220000
2025,1,1,121400
2025,0,1,74000
2024,2,1,99500
2025,1,1,120000
2024,1,1,105555
2024,2,1,115000
2023,2,1,112500
2024,2,1,213000
2024,1,1,329600
2024,2,1,127500
2025,2,1,110240
2024,2,1,86100
2022,2,1,99000
2025,1,1,68600
2024,0,1,67000
2025,3,0,213710
2025,2,1,145600
2024,2,1,281000
2025,2,1,131531
2024,1,0,77500
2025,0,1,80500
2024,0,1,85000
2025,1,1,147400
2025,0,0,16000
2024,1,1,85700
2024,2,1,191699
2024,0,1,119000
2025,2,1,177567
2022,2,1,240000
2025,0,1,117000
2024,2,0,643750
2025,2,1,112500
2024,1,1,99000
2025,1,1,207000
2025,1,1,65520
2025,1,0,33724
2023,1,1,155000
2024,2,0,50000
2024,2,0,62500
2023,2,0,174000
2024,2,0,61106
2024,1,0,66560
2024,2,0,123076
2024,2,1,203000
2024,2,1,510000
2025,0,1,140000
2024,2,1,110000
2025,2,1,183700
2025,1,1,137000
2024,2,1,136600
2025,0,1,50000
2023,2,1,137500
2024,2,1,133100
2025,1,1,85850
2025,0,1,74775
2025,1,1,175000
2025,2,1,102600
2024,1,1,161000
2024,0,1,96000
2024,2,1,51100
2023,2,1,237000
2024,2,1,87000
2024,1,1,188500
2024,0,1,104235
2022,3,1,200000
2024,2,1,278700
2025,2,1,274300
2024,2,1,93700
2025,2,1,202500
2025,1,0,75949
2024,2,1,236800
2024,2,1,312200
2025,2,1,84600
2025,3,1,175000
2024,1,1,142500
2025,1,1,90000
2024,2,1,165490
2025,0,1,127000
2025,2,0,88607
2025,2,1,138000
2024,2,1,157750
2025,1,1,125500
2024,2,1,146600
2025,2,1,306700
2024,0,1,127000
2025,2,0,199733
2025,2,1,126000
2024,1,1,132324
2023,2,1,136505
2024,2,1,123000
2024,1,1,155000
2023,2,1,155600
2024,2,1,265200
2024,2,1,161900
2025,2,1,185900
2025,2,1,178000
2022,1,0,126080
2023,1,1,70000
2024,0,0,51250
2024,1,1,155000
2025,2,1,125000
2024,2,1,204300
2023,2,1,151200
2025,2,0,259200
2024,1,1,80420
2023,2,0,41027
2023,2,1,151090
2024,2,0,89786
2025,1,1,154800
2024,0,1,149820
2024,0,1,78000
2025,2,1,177100
2024,1,1,77000
2023,1,1,90300
2024,2,1,148000
2023,1,0,78125
2024,0,1,80000
2025,2,1,142000
2024,2,1,65000
2025,0,1,74755
2024,1,1,110000
2024,2,0,164000
2024,1,0,56981
2025,0,1,130000
2024,1,1,77000
2025,1,1,129300
2025,1,1,220000
2025,2,1,122500
2024,2,1,96400
2025,3,1,260000
2024,2,0,116000
2024,1,1,167000
2024,1,1,108000
2025,2,1,96600
2024,1,1,223600
2023,1,1,60000
2025,2,1,267800
2024,1,1,90000
2024,1,1,281100
2023,2,1,236500
2024,1,1,130000
2024,1,1,143100
2024,2,1,101846
2024,2,0,100000
2023,2,1,130000
2024,1,0,90000
2025,2,1,363600
2024,1,1,133000
2025,2,1,147720
2025,2,1,137439
2025,0,1,69900
2024,2,1,120529
2024,1,0,112500
2024,1,1,330000
2025,1,0,160000
2022,3,0,120000
2025,2,1,175000
2024,2,1,145000
2023,2,1,117000
2025,1,1,214400
2025,2,1,107657
2024,2,1,138750
2024,0,0,59018
2025,3,1,183800
2024,2,1,252000
2024,1,1,113000
2024,1,1,160470
2023,2,1,110250
2024,2,1,440000
2024,1,1,67700
2025,0,1,44650
2025,1,1,103000
2024,1,1,120500
2025,2,0,70500
2024,2,1,107925
2025,1,1,165200
2024,2,0,200000
2023,1,0,200000
2025,2,1,218900
2024,0,1,78700
2023,2,1,96000
2024,1,1,174300
2025,2,1,199400
2024,1,1,140000
2025,1,1,137629
2024,1,1,94900
2024,2,1,56200
2025,1,0,84210
2024,2,1,153000
2024,0,1,112850
2024,1,1,68400
2023,2,1,163200
2024,1,1,141000
2024,1,0,122062
2022,0,0,50000
2024,2,1,275000
2024,2,1,135800
2025,2,1,143320
2024,2,1,74100
2025,2,1,170000
2024,2,1,235000
2024,0,1,93000
2024,2,1,149000
2024,1,1,200000
2023,2,1,171250
2024,1,1,146125
2024,2,1,139776
2024,1,1,93890
2024,2,1,247000
2025,1,1,190000
2025,2,0,67857
2024,1,1,115700
2025,1,1,209500
2024,1,1,206690
2025,2,1,154000
2024,1,0,33333
2023,1,0,55368
2024,1,1,72534
2024,3,1,117500
2024,2,1,178200
2024,1,0,74250
2023,2,1,158494
2024,2,0,105555
2025,0,1,133260
2024,2,1,284900
2024,1,1,119207
2023,2,1,128500
2024,1,0,30666
2024,2,1,148045
2024,0,1,137900
2025,2,0,108058
2025,0,1,76925
2025,1,1,405000
2024,1,1,64000
2024,1,1,90500
2024,1,1,127660
2023,2,1,136000
2023,2,1,127000
2025,0,0,25263
2025,2,1,203000
2024,1,1,210600
2024,2,1,95000
2024,1,1,116000
2025,1,1,250000
2025,2,1,186754
2024,1,1,195500
2025,1,1,100000
2025,2,1,158200
2022,1,1,75000
2023,1,1,204500
2024,0,1,172000
2024,2,1,105000
2023,2,1,194992
2021,1,0,75774
2024,1,1,213345
2024,1,1,189473
2023,2,1,188200
2025,2,1,236000
2022,1,0,73880
2024,1,1,143750
2025,1,1,104575
2024,2,1,144600
2025,2,1,127600
2024,1,1,86600
2024,2,1,95776
2025,2,1,191800
2023,2,1,258900
2024,1,0,215000
2024,2,1,188427
2025,2,1,239000
2025,2,1,253200
2025,1,1,105600
2025,1,1,117000
2024,1,1,72100
2024,2,0,139000
2024,1,1,99000
2024,0,1,157600
2024,1,1,143300
2024,1,0,276760
2024,1,0,149500
2024,1,1,53950
2024,2,1,161000
2024,2,1,106000
2024,2,1,210000
2024,2,1,192780
2024,2,0,287500
2024,2,1,214500
2022,2,1,215000
2025,2,1,223300
2025,2,1,357000
2024,2,1,105800
2024,2,0,151562
2025,1,1,115000
2024,2,1,192000
2025,2,1,278738
2025,1,0,259200
2025,2,1,158000
2025,2,1,165400
2025,2,1,171500
2025,2,1,173728
2023,2,1,68550
2025,2,1,167200
2025,3,1,250000
2024,1,1,181800
2022,2,1,125000
2025,2,1,176875
2024,1,1,131600
2024,1,0,78666
2024,0,1,57275
2024,2,1,162540
2025,1,1,158364
2024,2,1,155000
2024,2,0,165555
2024,1,1,116100
2025,1,1,235750
2025,1,1,98400
2022,2,1,243900
2024,2,0,107692
2025,2,1,252000
2024,2,1,81250
2024,1,0,110550
2024,1,0,87600
2024,2,0,100257
2024,1,1,137500
2022,2,1,119300
2024,2,1,132500
2025,1,1,96400
2024,2,1,257500
2023,0,1,62000
2023,3,1,235000
2025,2,1,196000
2024,3,1,200000
2025,2,1,311525
2024,2,1,120000
2025,2,1,209000
2025,2,1,99000
2024,1,1,176490
2024,2,1,269400
2025,2,1,122400
2024,1,1,211536
2022,2,1,191475
2024,1,1,124000
2025,2,0,211200
2023,1,0,44294
2024,1,1,121909
2025,1,1,154500
2024,2,1,167700
2024,2,1,135000
2025,2,1,221800
2025,1,1,95060
2024,3,1,173500
2024,1,1,114080
2025,2,1,180000
2024,2,1,103685
2025,1,1,275000
2025,2,1,200000
2025,2,0,82555
2023,2,1,197500
2025,0,1,140000
2024,2,1,103000
2024,2,1,174000
2024,2,1,168000
2024,0,0,66250
2024,2,1,159400
2024,2,1,99500
2024,2,1,156000
2024,1,1,117500
2024,2,0,125555
2025,2,1,233000
2024,2,1,114700
2024,1,0,88888
2022,1,0,104697
2023,2,1,192000
2024,1,1,84500
2023,2,1,155850
2025,1,0,146518
2024,2,1,321800
2024,2,1,103800
2024,0,1,169600
2024,0,0,117363
2025,2,1,224300
2024,0,1,92000
2024,2,0,246092
2024,1,1,64000
2024,2,1,163000
2023,2,1,104000
2024,2,1,202800
2024,2,1,227000
2024,1,1,152000
2024,0,1,68145
2024,0,0,58333
2024,0,1,104000
2025,2,1,199200
2025,2,1,254400
2024,2,1,145250
2024,2,1,193725
2025,2,1,144900
2025,1,1,141500
2024,2,1,80000
2025,0,1,115890
2024,2,1,140000
2024,1,1,86700
2025,2,0,181300
2024,1,1,111000
2024,2,1,212800
2024,1,1,115000
2023,2,1,174000
2023,1,1,84000
2025,2,1,135000
2024,3,1,224000
2025,2,1,207000
2024,2,1,155000
2025,2,1,133120
2024,3,1,175100
2024,2,1,97100
2025,2,1,74500
2024,2,1,95200
2025,2,1,234240
2024,2,1,244000
2025,1,1,130000
2024,0,0,47756
2025,2,1,123000
2025,1,1,115000
2024,2,1,266875
2024,2,0,60592
2024,2,1,157250
2024,2,1,218185
2024,1,0,50000
2022,2,1,135000
2025,2,1,191000
2025,2,0,74800
2024,2,0,93750
2023,2,1,203920
2025,1,1,198800
2024,2,0,60000
2025,1,1,161000
2024,2,1,130425
2025,2,1,90000
2025,0,1,87500
2025,2,1,177000
2022,2,0,255000
2024,2,1,220000
2025,3,1,110000
2025,2,1,140800
2025,2,1,318500
2025,1,1,138780
2024,2,1,69800
2024,1,1,75000
2025,2,1,111400
2025,2,0,36000
2025,1,1,168790
2025,1,1,180060
2025,2,0,174400
2025,0,1,179240
2024,2,1,117000
2022,2,1,220000
2024,2,0,60000
2025,2,1,219400
2024,2,1,201250
2025,2,0,63157
2024,2,1,248000
2023,2,1,146400
2024,2,1,235745
2024,2,1,110900
2024,2,1,146000
2024,1,0,57027
2024,1,1,83000
2025,1,1,105000
2024,2,1,115000
2024,1,1,179688
2024,1,0,92000
2024,1,1,273260
2025,1,1,190000
2024,2,1,191180
2024,2,0,81250
2024,2,1,97000
2024,1,1,185000
2025,2,1,103700
2024,0,1,107000
2024,2,1,187450
2025,1,1,110000
2024,2,1,152600
2025,2,1,227620
2024,1,1,93400
2024,2,1,308000
2024,2,1,213840
2025,2,1,142771
2025,2,1,190387
2024,2,1,150000
2024,1,1,46400
2024,1,1,342000
2024,1,1,155995
2025,2,0,91000
2022,2,1,102100
2024,2,1,157000
2024,1,1,124800
2025,1,1,95000
2025,2,1,163977
2024,2,1,231100
2025,2,1,168000
2024,2,1,171400
2024,2,1,151700
2024,1,0,110990
2023,2,1,144000
2024,1,1,187000
2024,1,1,75300
2024,1,0,59999
2024,2,1,226000
2025,2,1,125000
2025,2,0,65263
2023,1,1,68274
2025,2,1,140000
2024,1,0,170000
2023,2,0,156000
2025,2,1,218900
2025,2,0,197800
2023,2,1,176000
2025,2,1,166000
2024,2,0,141610
2024,2,1,134000
2025,3,1,168350
2024,0,0,57777
2025,1,1,155000
2024,0,1,132000
2023,2,1,193600
2025,2,0,411392
2024,2,1,86000
2025,2,0,284810
2022,2,0,92350
2023,2,1,184000
2024,2,0,210000
2022,2,1,185900
2023,2,1,172800
2024,2,1,114586
2024,2,1,315000
2024,1,1,120000
2024,1,1,59837
2024,2,1,203000
2024,0,1,168480
2023,2,1,200000
2024,2,1,241875
2024,1,1,93500
2024,2,0,75000
2024,1,1,200000
2024,0,1,136500
2024,2,1,230000
2024,2,1,141440
2024,2,1,217900
2024,1,1,93000
2024,1,1,164200
2025,2,0,90710
2025,2,0,41747
2025,1,1,180200
2025,2,1,514500
2024,0,1,170000
2024,2,1,205563
2025,2,1,185000
2025,0,1,73476
2025,0,0,75949
2024,1,1,65000
2023,1,0,27568
2024,2,1,158080
2023,2,1,166000
2024,2,1,139900
2024,2,1,170000
2025,0,0,56633
2024,2,0,210000
2025,0,1,111632
2024,2,1,126600
2024,1,1,201450
2024,2,0,215000
2025,3,1,150000
2025,2,1,200000
2025,2,0,230000
2024,2,0,85252
2024,2,1,77000
2025,1,1,138000
2024,2,1,94000
2025,0,1,87200
2025,0,0,100000
2024,2,0,125000
2025,2,1,125600
2024,1,0,51283
2024,1,0,163600
2025,1,1,169442
2024,1,1,185135
2023,2,1,95000
2024,0,0,34666
2025,1,1,240000
2023,2,1,160000
2024,1,1,112000
2024,1,1,117300
2024,2,1,113169
2023,2,1,235000
2024,1,0,49100
2025,2,1,135400
2022,2,1,128000
2025,2,1,106900
2025,2,1,153925
2024,1,1,179100
2024,2,1,210662
2025,0,0,56962
2023,2,1,158900
2023,2,1,93919
2025,0,1,29000
2025,2,0,53210
2024,1,1,75000
2024,1,1,89040
2024,1,1,135500
2024,1,1,83100
2025,2,1,176583
2024,2,1,296100
2024,1,1,176000
2024,2,1,126600
2023,1,1,176490
2025,2,1,107375
2025,1,1,371500
2024,3,1,168854
2025,1,0,56962
2023,2,1,230000
2025,2,1,98940
2024,2,1,60000
2025,1,0,127112
2024,2,1,205000
2024,1,1,105490
2025,2,1,170000
2025,0,1,114000
2024,1,1,81400
2025,2,1,269640
2024,2,1,385000
2025,1,1,84600
2024,2,1,310500
2023,2,1,167000
2024,1,1,120000
2024,0,0,79874
2024,2,0,100000
2024,0,1,120012
2025,2,1,259335
2024,1,1,90950
2024,1,1,126200
2025,2,1,169500
2025,2,1,158100
2025,2,0,49833
2024,1,1,207900
2024,1,1,93150
2025,0,1,70560
2024,1,1,165500
2025,1,1,194862
2024,1,0,120000
2025,2,1,160600
2025,2,0,119960
2024,2,1,137500
2024,1,1,93876
2024,2,1,120600
2024,2,1,84200
2022,2,1,127000
2024,1,0,118300
2025,2,1,199150
2025,2,1,141274
2024,2,1,100080
2023,1,1,50000
2025,1,0,76355
2025,1,1,100000
2024,2,0,118585
2022,2,0,65000
2025,1,1,67700
2024,1,1,228600
2024,2,1,260000
2025,1,1,140800
2024,2,1,123626
2025,1,1,88500
2024,2,1,250000
2024,2,1,129400
2025,1,1,137300
2025,2,1,250800
2024,1,1,228000
2025,2,1,172000
2024,2,0,91111
2024,2,1,117000
2024,2,1,204800
2024,2,1,300000
2024,1,1,67000
2025,2,1,224000
2024,1,1,112200
2025,1,0,200714
2023,2,1,302000
2023,2,1,129100
2024,1,0,63671
2024,2,1,327500
2025,2,1,130500
2024,2,1,144650
2025,2,1,252000
2024,1,0,178000
2025,2,1,176793
2024,2,1,181300
2024,1,0,93734
2024,2,1,159000
2024,1,1,195500
2024,2,1,148500
2025,2,1,245960
2024,2,1,59833
2023,2,1,152000
2024,1,1,191800
2025,2,1,128900
2024,1,1,65000
2025,2,1,165360
2024,1,1,65000
2022,1,0,97712
2025,1,1,170000
2023,2,1,182200
2024,3,1,230000
2025,1,1,258000
2024,0,1,60000
2024,1,1,90634
2025,1,1,173000
2024,0,1,145440
2023,2,1,187259
2024,2,1,168100
2024,2,1,118700
2025,2,1,294100
2025,2,1,260000
2024,1,0,76313
2025,2,1,172100
2024,1,1,252000
2024,2,1,65500
2024,2,1,168110
2025,1,1,106680
2024,2,1,110800
2025,2,1,216720
2024,2,1,90400
2024,0,1,86000
2024,2,1,250000
2023,2,1,136850
2023,2,1,121000
2025,2,1,150100
2024,2,1,254937
2024,0,0,85000
2025,0,1,141000
2024,2,1,179000
2025,2,0,270200
2024,2,1,156500
2024,2,1,170000
2024,3,1,136000
2023,2,1,247500
2024,1,1,110400
2024,2,1,217000
2024,1,1,340000
2024,2,1,113100
2025,2,1,178484
2024,2,1,140000
2024,0,1,50000
2025,1,1,178250
2024,2,1,265200
2024,2,1,190800
2022,1,0,92350
2024,2,1,110400
2024,2,1,94200
2024,2,1,140000
2024,1,1,100000
2024,0,1,65300
2025,1,1,266300
2024,1,1,180000
2025,2,1,312200
2024,1,0,95000
2024,1,1,177000
2023,1,1,62000
2024,1,1,181600
2025,2,1,210250
2024,2,1,164900
2023,2,1,107250
2024,1,1,103000
2024,0,1,79643
2024,0,1,355000
2025,2,1,131500
2025,1,1,73407
2025,1,1,141400
2024,1,1,76960
2024,2,1,370000
2024,1,1,205000
2024,2,0,67275
2024,0,0,61208
2025,0,1,140700
2025,1,1,145000
2025,1,1,425000
2025,1,1,101887
2022,2,1,206000
2024,1,1,154800
2024,1,0,43750
2025,1,0,120000
2025,1,1,270000
2024,1,1,204000
2025,3,1,100000
2025,2,1,120400
2024,1,1,138500
2024,2,0,75000
2025,1,0,83600
2020,1,0,62726
2024,2,1,106500
2024,2,1,127200
2024,0,1,65000
2024,0,0,73464
2025,0,0,56962
2025,1,1,197200
2025,2,1,85150
2025,0,1,162150
2024,1,0,116259
2024,2,1,197500
2022,1,0,92350
2024,1,1,60000
2024,2,1,200000
2025,2,1,153965
2025,0,0,35368
2024,0,1,162240
2025,1,1,279400
2024,0,0,26000
2025,1,1,65000
2025,2,0,140920
2025,2,1,154200
2022,2,1,192000
2024,0,1,69862
2024,2,0,329200
2024,2,1,166694
2024,1,1,231250
2025,0,1,35317
2024,1,0,25000
2025,1,1,162019
2024,1,1,125000
2022,1,1,105000
2025,2,1,100000
2025,3,1,251000
2025,2,0,86075
2024,2,1,117300
2024,2,1,97400
2023,2,1,115000
2024,2,1,160000
2024,0,1,77159
2023,1,1,123800
2025,1,1,155000
2025,2,1,105000
2025,1,1,78228
2024,1,1,85500
2024,2,1,139700
2023,1,0,70748
2024,3,1,90000
2024,1,1,110000
2024,2,1,175000
2024,2,1,254400
2024,2,1,346000
2025,1,1,167000
2025,2,1,217000
2024,1,1,128355
2024,2,1,195000
2025,1,0,94936
2024,2,1,220000
2022,1,0,107093
2024,2,0,220000
2023,0,1,141100
2024,0,1,104880
2025,0,0,80326
2023,0,1,50000
2025,2,1,139000
2025,2,1,217200
2025,2,1,180400
2025,1,1,96200
2025,1,1,77000
2024,1,1,200500
2024,2,1,214000
2023,2,1,297000
2024,1,1,114000
2025,1,1,128000
2024,1,1,94763
2024,2,1,120500
2024,2,1,116974
2024,0,0,37500
2024,2,1,129200
2025,2,0,67656
2025,2,1,169100
2024,1,1,249000
2024,1,1,251094
2024,2,1,120000
2025,0,1,85135
2024,1,1,68000
2025,2,1,180000
2025,1,1,134200
2025,2,1,210000
2025,1,1,118000
2023,2,1,240000
2024,2,1,122000
2025,1,1,182000
2025,2,0,136000
2024,2,1,106400
2024,2,1,173100
2025,2,1,163300
2025,2,1,172100
2025,2,1,135600
2023,2,1,142200
2022,2,0,36773
2024,0,1,42700
2024,2,1,100100
2025,2,0,110000
2025,2,0,75949
2021,2,0,20171
2023,2,0,48000
2024,2,0,154000
2025,2,1,260050
2025,1,1,132000
2024,0,1,112200
2025,0,1,85469
2025,1,1,111740
2025,2,0,132800
2023,1,1,93400
2025,2,1,165900
2025,0,1,42000
2025,2,1,266000
2025,1,0,68421
2024,2,0,78592
2023,2,1,126500
2022,1,1,110000
2025,2,1,210000
2024,1,1,100000
2025,2,1,157500
2024,0,0,98461
2024,1,1,147463
2025,2,1,93000
2024,1,1,223000
2024,1,1,175250
2024,2,1,336500
2024,1,1,95264
2025,2,1,168480
2025,2,1,130000
2024,2,1,247296
2025,0,1,60792
2024,2,1,123318
2025,0,1,94400
2024,2,1,170000
2025,2,1,343200
2025,1,1,95000
2023,2,1,151800
2024,1,1,169000
2025,2,0,92400
2024,2,0,150000
2024,2,1,95680
2025,2,1,201600
2024,2,1,177905
2025,3,1,230800
2024,2,1,316000
2024,2,1,265000
2025,2,1,77216
2024,1,1,86700
2024,2,1,145125
2025,1,1,163000
2024,1,1,237500
2025,2,1,179000
2023,0,1,119200
2024,2,1,241700
2025,2,1,89000
2024,2,1,306500
2024,1,1,80766
2025,2,1,50000
2024,2,1,209797
2024,0,1,119200
2024,0,0,21333
2025,1,1,114000
2024,3,1,173100
2023,2,1,85500
2023,1,1,76300
2023,1,1,160000
2024,1,1,410000
2024,1,1,140190
2024,1,1,104000
2024,0,1,61360
2025,2,1,193000
2023,1,1,180000
2025,1,1,180583
2023,1,0,55368
2024,2,1,116100
2024,2,1,133600
2024,0,1,32591
2024,1,1,284900
2022,2,1,141300
2025,2,0,160759
2025,2,1,212790
2025,1,1,104600
2024,1,1,80000
2025,2,0,164500
2025,2,1,145537
2024,2,1,135000
2024,1,0,47777
2024,2,1,220067
2024,2,1,60300
2023,2,1,294000
2025,0,1,124000
2025,1,1,107855
2024,2,1,156400
2024,2,1,224000
2024,2,0,119700
2024,1,0,180000
2025,2,1,161700
2023,2,1,197802
2025,1,0,75949
2024,0,0,59623
2024,2,1,100300
2024,2,1,88031
2024,2,1,203000
2025,2,1,198500
2024,2,1,78000
2025,0,0,52027
2024,2,1,291900
2023,1,1,134000
2024,0,1,74500
2024,2,0,262000
2023,1,0,122000
2023,2,0,72000
2024,2,1,310000
2024,2,1,120840
2024,1,1,720000
2024,1,1,165000
2025,2,1,212964
2024,1,1,165000
2025,2,1,185150
2024,0,1,75371
2024,1,1,122100
2024,2,1,99900
2025,1,1,165000
2023,2,1,116000
2025,2,1,200000
2024,1,0,58106
2025,1,1,211000
2025,0,1,96800
2024,2,1,100000
2025,1,0,52631
2024,1,1,95000
2024,1,1,315000
2025,2,1,93000
2024,2,1,145400
2024,0,1,39500
2024,2,1,179800
2024,1,1,197000
2022,1,0,84053
2024,2,1,193032
2024,2,1,109800
2025,2,1,238000
2024,1,1,127000
2024,1,1,253900
2025,2,1,210250
2024,1,1,265080
2025,2,1,210750
2024,1,1,70000
2025,2,1,300000
2025,1,1,104000
2024,2,0,183300
2025,2,1,240000
2024,2,1,204000
2025,1,1,225000
2024,0,1,250600
2024,1,1,158000
2024,1,1,76320
2024,1,1,79900
2025,1,1,88000
2024,2,1,213580
2025,2,1,101000
2022,2,1,160395
2025,2,0,240000
2024,2,1,202500
2021,2,0,53192
2025,1,1,108100
2022,2,1,110000
2023,1,1,133000
2025,2,0,120000
2024,1,0,312500
2024,3,1,335600
2025,1,0,240000
2024,2,1,218213
2023,3,1,150000
2024,1,1,180960
2024,1,1,204600
2024,2,1,199500
2025,2,0,170000
2025,2,1,195500
2023,1,1,120000
2024,1,1,130900
2024,2,1,212000
2023,2,0,260000
2025,2,1,165000
2025,2,0,149000
2024,2,1,261500
2024,0,1,115200
2024,2,1,153000
2024,2,1,84700
2023,2,1,198200
2025,2,1,245000
2025,2,1,147000
2024,1,1,143100
2025,1,1,86400
2024,2,1,100000
2025,0,1,62900
2025,2,0,58000
2024,2,1,272700
2025,2,1,183800
2024,2,1,123046
2024,0,1,68964
2024,2,1,118000
2024,1,1,145350
2024,2,1,142000
2024,2,1,186000
2024,2,0,65555
2025,1,1,168000
2025,2,1,222400
2025,2,1,597478
2024,2,1,270000
2024,2,1,102000
2024,2,1,115000
2024,2,1,120000
2025,1,1,104000
2024,1,1,194750
2024,1,1,264200
2024,0,1,193000
2023,1,0,123040
2024,1,1,174000
2024,2,1,287100
2025,0,1,102186
2024,0,1,154000
2024,2,1,215000
2024,1,0,135500
2024,2,1,179982
2024,2,1,141480
2024,1,0,103798
2024,3,1,130000
2024,1,1,136800
2024,0,1,70700
2022,1,1,82900
2024,1,1,66000
2023,2,1,115000
2025,2,1,176720
2024,2,0,64200
2024,2,0,85000
2025,2,1,100473
2025,1,1,80000
2023,1,1,186000
2024,2,1,337250
2024,2,0,72500
2024,2,1,145000
2024,2,1,103700
2025,2,1,197400
2025,0,1,44000
2025,2,1,210000
2024,2,1,127000
2024,2,1,202750
2024,2,1,183300
2024,1,1,100000
2024,0,1,65000
2024,0,1,77000
2025,2,0,72000
2025,2,1,139800
2024,1,1,98300
2024,2,1,93400
2024,1,1,164000
2025,1,1,141000
2024,1,1,169223
2025,1,1,231100
2025,2,0,148000
2024,2,1,231000
2025,2,1,238000
2025,1,1,220800
2023,3,1,140000
2023,0,1,83300
2024,2,0,300000
2025,2,1,136190
2024,0,0,42500
2023,2,1,148594
2024,0,1,139650
2024,1,1,250800
2024,2,0,130000
2024,1,1,67500
2024,2,1,194100
2025,1,0,83600
2025,3,0,107368
2024,1,0,67700
2024,2,1,160800
2024,2,1,144138
2024,1,1,56264
2024,0,1,106000
2024,2,1,282200
2024,2,1,189000
2025,2,1,267500
2024,3,1,173600
2024,2,1,201650
2024,1,0,52250
2024,2,0,64000
2024,2,1,176000
2024,0,0,57146
2024,2,1,94400
2025,1,1,144900
2024,1,0,72000
2021,3,1,250000
2024,2,0,56250
2024,0,1,94000
2025,3,1,172750
2024,2,1,251000
2024,0,0,34666
2024,0,1,70000
2024,2,1,143800
2024,1,0,26666
2025,0,1,90500
2024,1,1,116300
2022,2,1,186000
2024,0,1,59700
2024,1,1,211600
2025,2,1,135000
2024,3,1,265000
2024,1,1,191070
2025,2,0,82278
2024,2,1,96700
2024,2,0,140000
2025,2,1,67700
2023,1,0,43064
2024,2,0,286000
2024,2,1,137600
2025,1,1,85800
2025,0,1,200000
2025,1,1,113850
2024,2,1,72400
2025,2,1,82783
2023,1,0,135344
2024,0,0,49107
2024,2,1,153075
2025,1,1,90300
2025,2,1,227620
2025,2,1,441300
2025,1,1,109000
2024,0,1,56051
2024,2,1,183000
2025,2,1,100000
2023,1,1,257400
2023,2,1,168000
2023,1,1,200000
2024,1,1,112000
2025,2,1,158000
2024,2,1,84750
2025,1,1,212750
2025,1,0,53562
2024,1,1,211000
2023,2,1,145000
2024,2,1,131000
2025,1,1,135000
2025,1,1,170000
2024,2,1,68750
2024,2,1,246000
2024,1,1,264800
2025,1,1,137400
2024,2,1,200034
2025,1,1,65686
2022,2,1,135000
2024,2,1,100000
2023,2,1,140000
2024,1,1,86462
2024,1,0,56453
2024,2,1,180000
2025,2,0,227700
2025,2,1,154000
2025,2,1,214000
2024,2,1,331640
2024,1,0,184800
2025,1,1,99000
2024,2,1,178310
2023,2,1,62000
2024,2,1,175000
2025,0,0,33409
2025,1,1,173040
2024,2,1,136032
2024,1,0,87500
2024,0,0,62000
2025,2,1,70000
2025,2,1,138681
2024,2,1,218600
2024,2,1,246500
2024,2,1,145000
2025,2,1,195700
2024,2,1,310700
2024,2,1,116000
2025,2,1,143100
2024,1,1,296300
2024,1,1,149183
2022,1,0,430967
2025,1,1,223400
2024,2,1,293800
2024,2,1,190000
2024,2,1,340000
2024,1,1,237000
2024,0,1,58000
2021,2,1,200000
2024,2,1,214560
2025,1,0,75000
2025,0,1,47500
2024,2,1,98200
2023,2,1,173000
2024,0,1,80000
2025,1,1,122000
2024,2,1,188000
2025,2,1,259600
2023,1,1,83500
2025,0,1,73800
2025,2,1,73164
2024,2,1,70600
2024,2,0,108100
2023,1,1,155000
2024,2,1,339250
2024,0,0,62400
2023,2,1,119600
2024,2,1,98960
2022,1,1,158000
2024,2,1,205000
2023,2,1,151000
2025,2,1,185000
2024,0,1,222900
2025,1,1,135000
2024,2,1,113580
2024,1,1,81250
2024,1,1,149000
2025,2,1,207000
2024,0,1,79968
2025,2,1,120700
2024,2,1,263600
2024,2,1,357600
2025,1,1,165500
2024,2,1,117000
2024,2,1,235000
2024,1,1,378700
2025,2,1,168900
2024,2,1,125000
2024,0,1,46000
2024,0,1,75000
2024,2,1,274600
2024,0,1,78175
2024,0,1,100000
2024,1,1,81300
2025,2,1,230000
2025,2,0,121000
2025,0,1,69800
2023,2,0,38868
2024,2,1,64000
2023,2,0,75577
2024,2,1,119000
2023,2,1,70374
2024,1,1,176532
2025,3,1,142320
2020,1,0,35735
2025,2,1,114900
2025,2,0,228000
2025,1,1,65100
2024,2,1,168300
2025,2,1,189000
2023,0,1,120000
2024,1,1,130000
2025,2,1,240600
2024,1,1,337250
2024,1,0,117718
2022,2,1,119000
2024,1,1,153200
2024,2,1,220000
2025,1,1,113500
2025,1,1,107900
2024,2,1,186350
2025,1,1,245000
2025,2,1,231500
2024,3,1,214500
2025,1,0,84555
2024,1,1,121100
2025,2,1,171000
2024,2,1,145000
2025,1,1,287700
2022,1,0,57872
2024,1,1,74750
2024,2,0,44444
2025,2,0,50008
2024,1,1,162955
2025,2,1,392430
2023,2,1,169000
2023,2,1,208200
2025,1,0,168130
2025,1,1,60400
2025,2,1,120600
2025,2,1,328500
2024,0,1,131900
2024,2,1,111000
2025,3,1,56000
2024,2,1,132000
2024,2,1,180000
2025,0,1,101475
2024,1,1,102690
2022,2,1,108800
2024,2,1,136000
2025,2,1,95000
2025,2,1,213000
2024,2,1,308000
2024,2,1,99000
2024,2,1,174117
2024,0,1,92100
2023,0,0,92280
2024,2,1,276000
2025,2,1,235000
2024,1,1,180000
2024,2,1,124800
2024,1,1,70000
2024,1,1,55955
2025,2,1,98000
2024,0,1,74000
2025,1,0,75880
2024,1,1,160220
2024,1,0,60000
2024,2,0,133400
2025,2,1,90000
2024,1,1,254000
2024,1,1,151600
2024,2,0,203000
2024,1,0,175000
2025,2,1,195000
2025,1,1,113840
2024,0,1,145000
2024,0,1,60000
2024,2,1,278000
2024,1,1,264200
2023,2,1,133000
2024,1,1,75000
2025,1,0,125000
2025,2,1,102600
2025,2,0,51898
2022,0,1,64000
2023,2,1,78000
2025,1,1,138000
2025,2,1,162800
2022,3,1,116100
2023,2,1,204500
2024,2,1,161715
2023,2,1,178560
2025,2,1,364254
2025,2,0,57002
2025,2,1,134000
2023,2,1,156275
2025,2,0,100000
2025,1,1,130000
2024,0,1,91062
2024,1,1,253529
2025,1,1,101500
2025,2,1,118000
2025,2,1,119628
2023,1,1,120000
2025,1,1,108135
2023,2,1,90600
2025,1,1,185000
2024,1,0,52500
2023,1,1,106250
2022,2,1,168400
2024,0,0,37500
2024,1,1,129960
2024,1,1,150000
2023,2,1,125000
2024,2,1,273500
2025,1,1,151000
2025,0,1,60000
2024,2,1,184900
2024,2,1,252000
2024,2,1,179310
2024,1,1,143100
2024,2,0,62500
2024,1,1,159000
2024,0,1,170000
2024,1,1,360200
2024,1,1,83595
2023,2,1,170000
2023,2,1,247500
2023,2,1,149000
2024,0,1,61700
2022,1,1,225000
2025,0,1,32000
2025,0,1,72099
2025,2,1,141000
2024,2,1,170000
2025,2,1,188400
2025,2,1,142140
2025,3,1,160300
2025,1,0,31578
2025,2,0,100000
2024,0,1,101000
2025,2,1,174000
2024,2,0,111155
2025,2,1,198000
2023,2,1,275300
2024,2,1,152000
2023,2,1,180000
2025,2,1,297000
2024,2,1,106500
2024,1,1,177200
2023,2,1,158000
2025,1,1,200000
2025,2,1,84000
2024,1,1,115500
2024,1,1,86600
2025,1,1,105000
2025,1,1,143800
2025,2,1,240240
2025,1,1,90063
2025,2,1,206000
2025,0,1,87900
2024,2,1,160000
2024,2,0,101400
2024,1,1,124000
2025,1,1,63000
2025,0,1,87500
2024,1,1,103400
2024,2,1,247100
2024,1,1,159000
2024,2,1,200000
2024,2,1,223500
2024,0,1,235200
2025,0,1,108000
2023,2,1,127600
2025,2,1,269075
2025,2,1,124000
2023,2,1,162500
2025,2,1,213480
2025,1,1,153500
2024,2,1,213480
2025,2,1,223700
2024,0,1,62100
2023,1,1,405000
2025,1,1,118507
2023,2,1,155000
2025,2,1,234240
2025,2,1,143900
2023,0,1,160000
2024,1,1,89611
2025,1,1,102100
2023,2,1,199200
2025,1,1,150280
2025,1,1,180000
2024,0,1,107000
2024,2,1,337000
2025,2,1,385000
2024,1,1,160000
2024,2,1,97000
2025,2,1,191000
2024,1,1,360000
2025,1,1,65000
2023,2,1,220000
2021,1,1,109000
2025,0,1,98200
2022,2,1,189500
2024,2,1,116800
2024,1,1,226000
2024,0,1,102082
2025,2,1,96200
2022,1,1,24000
2025,1,1,60000
2025,1,1,200000
2025,2,1,211700
2024,2,1,202000
2022,2,1,230000
2024,2,1,159300
2025,1,0,81600
2025,2,1,199000
2023,1,1,115000
2025,1,1,120200
2025,2,1,191000
2024,2,1,272290
2024,2,1,187040
2024,2,1,120000
2025,1,1,62000
2024,1,1,90279
2025,1,1,90000
2024,2,1,128000
2025,2,1,155000
2025,2,1,79000
2025,0,0,125000
2025,1,1,100118
2023,1,1,106720
2025,1,1,125000
2025,1,1,85400
2024,1,1,143700
2025,0,1,74000
2024,1,1,237440
2022,2,1,175100
2025,1,1,148900
2024,1,1,122800
2025,2,1,370000
2024,2,1,204200
2025,3,1,155000
2025,0,0,97700
2024,0,0,21333
2023,2,0,141000
2025,1,1,36000
2024,2,1,213000
2024,2,1,136850
2025,1,1,135000
2025,2,1,137400
2024,0,0,56250
2023,1,1,172200
2024,2,1,260000
2024,1,1,120000
2024,3,1,219650
2024,2,1,270000
2024,2,1,104000
2024,2,1,70690
2024,2,1,110100
2025,2,1,155000
2024,2,1,132400
2024,1,1,89600
2024,0,1,51688
2025,2,1,165300
2024,0,1,113000
2024,1,1,130000
2024,1,1,293000
2025,1,0,134000
2024,1,1,125000
2024,0,1,85648
2024,1,1,143376
2024,2,1,208000
2024,2,1,79000
2025,2,0,84210
2023,2,1,132300
2025,2,1,94676
2024,2,1,132000
2023,2,1,235000
2024,1,1,88125
2025,1,1,43000
2024,2,1,268750
2024,1,1,120000
2023,2,1,184000
2023,1,0,86128
2025,1,1,144000
2025,1,0,82278
2023,2,1,159375
2024,1,0,123000
2025,1,1,86000
2024,2,1,120000
2024,1,1,56331
2024,2,1,253000
2024,1,0,193000
2025,2,1,175000
2025,1,1,122200
2024,2,1,149000
2024,2,1,186700
2024,2,1,204000
2025,1,1,160000
2023,2,1,183924
2025,2,1,152000
2025,1,1,78000
2025,2,0,124400
2024,2,1,143200
2024,1,0,40000
2024,1,1,259400
2024,1,0,87000
2024,3,0,183060
2025,3,1,250000
2024,2,1,124000
2024,2,1,142250
2023,0,1,120000
2023,2,1,196000
2024,1,1,134200
2024,1,1,94900
2024,0,1,129600
2025,1,0,85839
2025,2,1,136850
2025,3,1,241200
2024,1,1,130000
2024,0,1,99237
2024,1,1,120100
2024,3,1,60000
2024,0,1,82000
2024,2,1,256500
2022,2,1,90000
2023,2,0,242000
2024,2,1,245500
2023,1,0,94100
2025,1,1,126000
2025,3,1,213390
2024,2,0,136800
2024,2,1,235008
2024,2,1,280000
2024,1,1,160000
2025,3,1,184000
2024,0,1,142381
2025,1,1,63800
2024,2,1,283800
2022,2,1,150000
2025,1,1,82450
2023,1,0,18241
2024,1,1,63525
2025,2,1,200000
2024,2,1,178090
2024,2,1,86250
2025,2,0,46739
2025,2,0,303797
2024,3,1,320000
2025,1,1,190000
2025,2,1,166000
2024,2,1,92000
2024,2,1,140000
2024,1,1,311600
2024,1,0,75000
2024,1,1,137000
2023,2,1,370000
2025,2,1,56000
2024,0,1,140800
2024,2,1,309100
2024,2,0,350000
2024,1,1,83500
2024,2,1,303400
2025,1,1,150924
2024,2,1,158500
2023,1,0,17000
2025,1,1,60000
2025,2,0,185500
2024,2,1,188640
2024,2,0,56250
2024,1,0,87500
2024,1,1,149300
2025,2,1,121400
2025,2,1,158600
2024,2,1,168700
2025,1,1,234000
2025,2,1,346500
2025,2,1,140000
2024,2,1,150000
2024,3,1,213480
2023,2,1,180400
2025,2,1,228000
2024,2,1,166000
2024,1,1,171040
2024,2,1,225500
2020,1,0,115000
2024,2,0,181250
2024,1,1,115000
2024,2,1,105000
2022,0,0,15129
2023,2,1,254900
2025,2,1,148000
2024,2,1,77000
2024,1,1,85000
2023,2,1,138000
2024,1,1,295000
2024,1,1,91000
2024,1,1,117000
2024,1,1,95000
2025,1,0,125000
2023,2,1,180000
2025,2,1,130000
2024,2,1,76300
2024,2,1,149000
2025,1,1,169957
2024,1,1,195000
2024,2,1,238000
2023,2,1,112000
2024,2,1,145258
2023,2,1,245000
2024,1,1,140000
2023,2,1,134000
2024,3,1,213000
2024,2,1,178360
2024,0,1,98700
2023,1,0,67672
2024,2,1,212800
2025,2,1,111240
2025,2,1,85000
2025,1,1,128600
2024,1,1,140000
2023,1,1,100000
2023,2,1,212000
2024,2,1,84600
2025,0,1,155000
2025,0,0,45734
2024,1,1,207600
2025,1,0,92207
2024,2,1,164200
2024,1,1,168700
2024,1,0,110000
2025,0,1,70000
2023,0,1,64200
2025,2,0,62105
2022,1,0,69133
2025,2,1,235000
2025,2,1,220000
2025,2,1,89000
2024,2,1,176800
2023,2,1,125000
2025,2,1,106000
2024,0,1,134150
2025,1,0,62105
2024,1,1,84600
2025,1,1,129800
2024,0,1,65000
2025,2,0,121052
2025,2,1,261500
2023,2,0,90599
2024,3,1,176900
2024,1,0,40370
2023,2,0,100017
2025,3,1,160000
2024,1,1,62100
2024,1,1,123844
2025,2,1,132000
2024,2,1,238700
2025,1,0,41052
2024,2,1,246400
2025,2,1,238000
2024,0,1,110000
2025,1,0,166800
2024,2,0,75000
2024,2,1,204662
2024,3,1,205800
2025,2,1,179000
2025,2,1,145000
2023,2,1,143860
2025,2,1,89180
2025,2,0,75789
2024,0,1,88000
2025,2,1,216000
2023,2,1,207000
2024,1,1,259000
2022,2,1,180000
2024,2,1,222000
2024,2,0,220000
2024,2,1,204400
2025,1,1,70560
2025,2,1,194000
2023,1,1,158000
2024,2,1,235700
2024,2,1,116050
2024,2,1,288300
2024,0,0,40000
2025,2,1,56000
2024,2,1,143706
2024,2,1,240901
2025,2,1,293800
2025,1,1,205000
2024,2,1,111300
2024,2,1,239880
2024,2,1,167538
2024,1,1,183000
2024,1,1,69127
2024,0,1,120000
2024,1,1,185800
2024,0,1,78800
2025,2,1,297000
2025,2,1,127900
2025,0,0,63291
2024,1,1,250900
2025,1,0,140000
2023,1,0,72000
2024,1,1,151200
2024,1,1,221000
2024,2,1,273675
2024,1,1,159250
2024,0,1,56200
2025,1,0,120000
2024,2,1,120000
2024,0,1,160000
2024,0,1,152500
2024,0,1,56000
2025,2,0,74526
2024,3,1,239662
2024,1,1,98000
2025,1,1,45000
2024,1,1,100000
2025,1,1,158000
2024,2,1,305280
2024,1,1,224087
2024,2,1,237000
2025,1,1,226500
2024,2,1,235000
2025,1,1,210750
2024,2,1,142600
2025,1,0,114000
2024,0,1,89180
2024,3,1,255000
2024,2,1,277000
2024,1,1,122000
2025,2,1,223200
2024,2,1,105920
2025,1,1,250000
2024,2,1,191250
2025,2,1,110000
2024,2,1,385250
2025,1,1,165880
2025,2,1,90000
2025,1,1,112300
2024,2,1,90000
2023,2,1,262500
2024,2,1,151500
2024,2,0,114000
2025,1,1,94320
2024,2,1,258524
2025,2,1,152065
2025,0,1,110000
2024,1,1,160000
2024,0,1,137000
2023,1,1,166000
2025,1,1,219600
2024,2,1,185800
2024,3,1,246100
2024,2,1,289400
2025,2,0,91200
2024,1,1,100000
2024,0,1,208800
2024,0,1,34000
2024,2,1,193000
2024,2,0,57692
2024,1,1,144200
2025,0,1,105000
2024,2,0,83000
2023,2,0,118539
2025,1,1,156700
2022,1,1,98000
2025,1,1,109400
2025,2,1,98124
2024,2,1,168500
2025,1,1,72000
2025,2,1,187600
2024,2,1,103300
2021,1,1,151000
2024,1,1,137500
2024,2,1,285000
2022,2,1,130000
2025,2,1,150000
2024,2,1,500000
2025,2,1,115440
2024,2,1,101400
2023,2,1,184000
2025,0,0,18644
2025,1,1,129800
2024,1,1,108900
2024,2,1,82918
2024,2,1,160400
2023,2,1,126277
2024,2,1,209300
2025,2,1,125000
2022,1,1,100000
2023,2,1,145000
2024,1,1,62000
2025,2,1,137600
2024,0,1,225000
2024,0,1,77998
2024,1,1,91000
2024,2,1,206000
2024,2,1,215896
2024,1,1,65000
2023,2,1,223400
2024,2,0,74270
2024,0,1,136800
2024,2,1,85000
2023,1,0,46755
2024,1,1,164000
2024,2,1,123700
2024,2,0,130766
2024,2,1,322300
2025,2,1,240000
2024,2,1,140179
2024,0,1,65000
2024,2,1,160000
2023,2,1,135000
2024,2,1,355752
2024,2,1,136800
2025,2,1,280000
2024,2,1,88000
2025,2,1,720000
2024,1,1,79643
2025,2,1,123000
2024,2,1,288400
2025,2,1,192668
2024,2,1,340100
2024,1,0,57000
2024,3,0,314000
2025,0,1,89700
2023,2,1,50000
2024,1,1,183037
2024,1,1,71000
2024,2,1,208300
2024,3,1,281800
2024,1,1,69240
2024,2,1,169000
2025,1,0,100000
2025,0,1,120900
2024,2,1,256600
2024,1,1,234700
2024,0,1,192300
2025,1,1,237000
2023,2,1,189000
2024,2,1,270400
2025,1,1,180000
2024,1,1,107000
2024,2,1,234240
2025,1,1,132765
2024,2,1,230000
2025,0,1,97760
2024,2,1,122304
2024,1,1,70800
2025,1,1,119076
2023,1,1,170200
2025,1,1,127262
2024,2,1,126000
2024,2,1,118800
2025,2,1,136000
2025,2,1,110000
2024,1,1,125000
2024,2,1,218900
2024,2,1,206800
2024,1,0,59842
2023,2,0,121200
2025,2,1,184700
2023,2,1,370000
2023,3,1,180000
2024,2,1,168520
2025,2,1,500000
2025,0,0,76944
2024,1,1,122500
2025,1,1,165000
2025,2,1,240000
2025,1,1,90600
2024,2,1,132300
2023,2,0,92280
2023,2,1,123400
2024,2,1,123000
2025,1,1,167500
2025,2,1,86700
2025,0,1,197100
2025,2,1,186800
2023,2,0,106400
2025,1,1,166600
2024,2,1,240000
2024,0,0,67832
2024,0,1,51700
2025,2,1,238520
2024,1,0,101500
2024,2,1,185000
2025,2,0,272000
2025,1,1,218030
2024,0,1,222200
2025,2,1,144900
2024,2,1,163000
2024,2,1,154000
2025,1,1,149000
2024,2,1,315000
2025,2,1,210000
2023,2,1,93919
2024,2,1,183580
2024,2,1,118000
2025,0,1,137100
2025,2,1,174000
2025,1,1,99500
2024,2,1,130425
2024,2,1,183300
2024,1,1,234000
2024,2,0,61111
2024,2,1,190400
2025,1,1,114000
2025,2,1,278300
2024,0,1,135510
2025,0,1,120000
2024,1,1,258773
2024,2,1,251250
2025,2,1,49997
2023,2,1,232200
2024,1,1,86100
2024,1,1,125000
2025,2,1,186622
2024,2,1,101500
2024,1,0,54000
2025,1,0,95000
2025,1,1,122200
2025,2,1,175400
2024,2,1,228800
2024,2,1,212500
2024,2,1,75000
2025,2,1,103000
2025,2,1,156900
2024,2,1,65900
2022,2,0,248400
2025,2,1,129000
2024,1,0,74222
2025,2,1,212160
2024,1,1,76500
2025,1,1,143100
2024,3,1,260800
2024,0,1,84000
2024,1,0,48000
2025,1,1,116000
2021,1,0,18000
2025,1,1,220000
2025,0,0,59368
2025,2,0,50632
2024,2,1,219800
2025,2,1,154700
2024,1,1,105600
2025,2,1,113300
2024,1,0,87325
2024,2,1,135400
2025,2,1,115481
2025,2,1,72100
2024,2,1,210700
2024,2,1,174000
2024,2,1,252800
2025,2,1,327200
2024,1,1,240960
2024,1,1,145000
2024,2,1,158680
2025,2,1,215000
2024,2,1,296400
2024,3,1,172800
2024,2,1,131000
2024,2,1,215846
2024,1,1,114800
2024,2,1,241393
2024,2,1,125257
2025,1,1,175000
2025,2,1,46000
2023,1,1,87000
2024,1,1,59850
2025,2,1,184800
2023,2,1,120000
2024,1,1,144600
2024,2,1,112000
2024,2,1,128000
2025,2,1,148764
2024,2,1,189000
2024,2,1,220850
2022,2,1,177500
2025,2,1,175100
2025,2,1,158600
2025,2,1,158600
2023,1,1,210400
2024,1,1,170200
2024,2,1,149500
2024,1,0,136800
2022,2,1,105000
2024,0,0,65000
2025,2,1,132770
2025,0,1,125680
2024,1,1,115000
2025,2,1,176138
2024,1,1,125700
2025,0,1,240000
2021,3,0,141846
2024,1,1,28000
2025,1,1,180800
2024,2,1,203550
2024,2,1,78800
2024,1,1,303000
2024,2,1,148000
2024,2,0,132475
2024,2,1,168500
2023,2,0,29301
2022,2,1,161500
2024,2,1,202800
2024,2,1,217100
2024,1,1,213000
2024,2,1,199500
2023,2,1,110200
2024,2,1,306500
2025,1,1,147000
2024,0,0,32500
2025,2,1,119700
2023,2,0,53984
2024,0,1,168326
2024,2,1,178200
2023,2,0,143000
2024,1,1,60000
2024,1,1,132000
2024,2,1,159408
2023,2,1,240500
2025,2,1,160000
2025,0,1,78735
2024,2,1,210000
2024,1,1,176580
2024,1,0,49183
2023,1,1,115092
2024,2,1,280000
2024,1,1,60000
2025,1,1,107735
2025,1,0,57000
2025,2,1,105500
2024,2,1,389500
2025,1,1,79091
2024,2,1,117000
2024,2,0,336000
2024,1,1,161800
2024,2,1,95000
2024,1,0,96600
2025,2,1,110000
2024,2,1,129700
2025,0,0,16000
2023,2,1,186300
2024,1,1,166600
2023,2,1,174990
2025,0,0,48505
2024,2,1,296300
2024,2,1,187500
2025,2,1,220000
2025,2,1,113000
2023,2,1,196000
2025,1,1,180370
2024,3,1,250000
2024,0,1,118000
2025,2,1,45000
2024,2,1,159660
2025,1,0,85000
2024,1,1,188586
2024,1,0,312000
2025,1,1,154000
2024,2,1,159500
2023,1,0,61520
2024,2,1,191000
2024,2,1,295194
2024,1,1,287000
2024,2,1,180000
2025,2,1,178200
2024,1,1,104080
2025,1,1,91100
2025,1,1,405000
2025,2,1,163700
2024,2,1,136000
2024,1,1,128000
2025,2,1,101000
2025,3,1,230100
2024,2,1,194361
2025,1,0,69620
2021,2,1,250000
2024,1,1,166500
2024,1,0,106930
2024,2,1,165000
2024,2,1,159300
2025,2,1,273000
2022,2,0,73546
2024,2,1,238500
2025,2,1,85150
2025,0,1,104000
2023,2,1,159350
2024,0,1,208800
2023,2,1,157000
2023,2,0,64781
2024,1,1,153925
2023,1,1,90000
2024,1,1,125500
2024,1,1,103200
2025,2,1,145000
2025,2,1,192688
2025,2,1,177000
2024,0,0,56437
2024,2,1,142320
2025,2,1,183500
2025,2,1,182300
2024,2,1,180000
2024,1,1,150000
2025,1,1,82900
2024,1,1,38000
2024,1,1,300000
2024,1,1,136800
2024,3,1,160000
2024,2,1,300000
2025,2,1,151000
2024,1,0,68846
2025,1,0,51789
2023,2,1,196000
2024,1,1,132567
2024,2,0,95584
2024,1,0,75223
2024,3,1,220900
2025,1,1,112200
2023,2,1,99000
2024,1,1,165120
2025,2,1,182750
2024,1,1,97344
2025,2,1,79091
2024,0,1,75145
2025,2,0,131500
2024,2,1,110985
2024,2,1,128400
2025,1,1,154000
2024,1,0,84021
2025,2,1,233625
2025,2,1,166000
2022,1,1,100000
2024,0,1,75554
2024,2,1,121600
2025,2,1,320000
2024,2,1,228800
2025,1,1,128500
2025,0,0,130800
2024,2,1,200000
2025,1,1,168300
2024,2,1,195600
2025,0,1,60000
2024,1,1,210700
2025,2,1,220000
2024,1,0,46840
2024,2,1,151000
2024,2,1,221900
2025,1,1,132000
2025,2,1,125760
2025,0,1,51000
2024,2,1,154000
2024,0,1,207000
2024,0,1,60200
2024,1,1,74100
2024,2,1,126847
2023,2,1,93000
2024,2,1,217000
2023,2,1,178000
2024,1,1,219200
2025,1,1,126000
2025,0,1,122500
2024,2,0,149600
2024,2,1,150000
2025,1,1,55000
2024,2,1,165000
2024,0,1,65000
2024,1,1,200200
2024,2,0,98600
2025,1,0,51262
2025,1,1,195000
2024,1,0,73333
2025,2,1,126000
2023,2,1,160000
2025,2,1,85000
2025,2,1,310000
2024,2,1,177100
2024,2,0,235000
2024,2,1,147500
2024,1,1,84000
2024,3,1,51352
2024,1,0,102000
2025,2,1,260000
2025,2,1,90673
2025,1,1,108000
2024,2,1,165500
2025,2,1,130900
2025,3,1,175100
2024,1,1,100000
2024,1,1,110000
2025,1,1,86300
2024,1,1,211000
2024,1,1,155000
2025,2,1,180000
2024,1,1,70400
2024,2,1,134530
2025,2,0,128102
2025,0,1,114333
2024,2,1,146200
2024,2,1,302470
2024,2,1,196800
2024,2,0,115200
2024,2,1,128250
2023,2,1,95000
2024,2,1,87000
2024,1,1,206800
2025,2,1,235000
2022,2,1,122000
2024,2,1,350000
2025,2,1,70907
2025,2,1,178500
2024,1,1,221046
2024,2,1,181000
2024,1,1,185000
2024,1,1,106250
2024,0,1,61846
2024,3,1,163000
2025,1,1,64700
2023,1,1,200000
2025,2,1,198500
2024,2,1,183015
2022,2,1,170000
2024,1,0,60400
2025,2,1,140700
2024,3,1,170760
2024,1,1,82222
2024,2,1,196267
2025,2,1,129100
2024,2,1,300000
2024,2,1,124000
2024,0,1,86800
2024,1,1,56281
2025,2,1,290000
2024,0,0,106240
2024,2,0,180000
2024,2,1,226700
2025,1,1,90900
2024,0,0,45333
2024,3,0,45000
2024,2,1,190000
2024,1,0,32332
2023,2,1,245000
2025,1,0,27789
2024,2,1,203000
2023,2,1,213600
2024,2,0,97300
2023,2,1,138900
2025,1,1,98500
2025,2,1,119700
2024,2,1,102000
2024,0,0,60000
2024,0,1,90000
2025,2,1,184000
2024,2,0,60000
2023,2,1,130000
2024,1,1,504000
2024,0,1,62500
2025,2,1,240800
2024,1,1,59000
2025,2,1,150000
2024,2,0,214500
2023,2,1,142200
2024,2,0,79500
2025,1,0,60000
2025,1,1,133000
2024,1,1,127650
2025,2,1,140000
2025,2,1,75600
2025,1,0,44794
2024,2,1,173000
2025,3,0,115789
2024,0,1,237500
2024,2,1,81978
2024,0,1,153500
2023,2,0,172000
2024,2,0,143750
2025,2,1,124700
2025,2,1,101600
2025,0,1,179000
2024,2,1,138200
2024,2,1,97500
2024,0,1,91400
2023,1,0,55368
2024,2,1,250800
2024,1,1,125500
2024,2,1,250200
2024,2,0,48128
2025,2,1,117500
2025,2,1,249900
2024,2,1,150600
2024,2,1,179000
2024,1,1,125000
2024,0,1,89400
2025,2,1,89000
2024,3,1,185000
2024,1,1,168700
2024,2,1,136038
2025,1,1,245150
2024,1,1,170000
2023,2,1,189000
2024,2,1,125000
2025,1,1,485000
2025,3,1,274327
2025,2,1,78000
2024,0,0,285000
2025,2,1,270700
2024,2,1,190000
2024,2,1,104828
2025,2,1,222560
2021,0,0,20000
2024,2,1,281700
2025,1,1,121971
2024,1,0,86163
2025,2,1,132704
2023,1,1,166000
2024,2,1,142000
2025,2,1,111000
2024,2,1,297000
2024,2,1,112500
2024,2,1,143300
2024,2,0,80000
2022,2,0,200000
2024,3,1,402500
2023,2,1,190000
2024,1,1,176090
2025,2,1,184175
2023,1,1,204500
2024,2,1,206000
2025,2,1,126000
2024,1,1,146400
2023,2,1,200800
2025,2,1,102300
2024,2,1,264000
2025,2,1,204000
2024,1,1,94000
2025,2,1,210000
2024,2,1,177000
2024,2,1,70000
2024,1,1,88000
2025,1,0,21473
2024,1,1,137750
2024,2,1,280500
2025,2,1,325500
2024,2,1,137600
2024,0,1,108806
2024,2,0,96600
2025,1,0,70000
2025,2,1,183000
2024,1,1,122500
2025,2,1,125000
2024,2,1,155600
2024,1,1,138391
2025,0,1,42000
2025,0,0,16371
2023,1,0,55368
2024,2,1,192200
2024,1,1,136600
2024,2,0,138000
2025,2,1,44000
2024,1,1,250600
2023,2,1,90000
2025,2,1,131175
2024,2,1,244800
2024,1,1,86000
2024,0,1,70000
2024,2,1,210000
2025,1,1,100000
2024,2,0,228100
2023,0,1,135000
2025,1,1,213000
2025,2,1,100360
2024,0,1,139000
2024,2,1,124400
2025,1,0,37974
2024,2,0,137930
2023,3,1,195800
2025,0,1,90000
2024,3,1,185000
2024,2,1,123626
2024,2,1,192500
2025,1,1,156000
2025,2,1,107300
2025,2,1,251900
2024,2,1,77800
2024,2,1,219539
2025,1,1,98000
2025,1,1,159161
2023,0,1,58300
2024,2,1,118450
2025,0,0,16000
2023,0,1,156450
2024,2,1,193000
2025,1,1,110000
2023,1,0,300000
2024,2,1,100612
2025,0,1,36000
2023,3,1,185000
2025,2,1,129000
2024,1,1,289469
2025,2,1,165000
2024,1,1,212800
2024,2,1,220000
2023,0,1,110000
2025,1,0,130000
2024,0,0,117000
2024,1,1,171250
2025,2,1,256000
2024,2,1,204600
2025,2,1,85000
2025,3,0,101265
2024,1,1,153000
2025,1,1,86520
2024,1,0,53133
2025,2,1,141000
2024,1,1,205000
2024,2,1,64200
2023,3,1,200000
2022,1,0,73880
2023,2,0,108308
2025,2,1,160000
2024,1,1,183000
2023,0,0,79976
2025,2,1,150000
2024,0,1,69620
2024,1,1,92000
2024,1,1,85000
2024,2,1,185834
2025,2,1,110000
2025,2,1,244575
2024,2,1,112450
2024,2,1,161600
2024,2,1,339250
2024,1,1,245100
2024,2,0,186153
2024,2,1,94900
2025,2,1,356500
2024,2,1,278000
2025,2,1,312200
2025,0,1,63500
2025,1,1,68900
2024,1,1,425000
2025,1,1,180856
2024,0,1,135000
2025,2,1,170000
2025,2,1,90732
2024,1,1,184142
2025,0,1,92370
2024,2,1,170000
2024,2,1,211000
2024,2,1,132000
2025,1,1,187000
2025,1,1,230230
2024,1,1,165600
2023,2,1,231000
2025,2,1,142300
2025,2,1,172694
2025,2,1,100100
2024,2,1,115000
2023,2,1,131100
2023,2,1,222000
2025,2,0,77142
2024,2,0,199700
2025,1,1,93000
2025,2,0,71428
2024,1,1,199320
2024,0,1,47000
2024,1,1,119780
2024,1,1,180000
2024,2,1,162900
2024,1,1,209369
2024,0,1,53300
2025,2,1,248594
2024,2,0,207700
2024,2,1,219200
2023,0,1,118750
2024,0,1,177000
2025,2,0,177215
2024,2,1,120000
2024,1,1,93400
2025,2,1,425000
2025,2,1,119260
2024,2,1,146600
2025,0,1,130122
2024,1,1,142500
2024,2,1,210000
2024,1,1,197500
2024,0,0,51111
2024,0,1,162000
2024,1,1,202900
2024,0,0,46800
2025,2,1,197700
2025,2,1,140000
2022,1,1,135000
2025,2,1,167200
2025,2,0,31898
2025,3,1,231000
2025,2,1,75624
2024,1,1,114634
2024,0,1,103000
2024,1,1,116974
2024,2,1,236000
2023,2,1,100000
2024,2,1,110000
2024,2,1,130000
2024,1,1,92500
2024,1,1,74000
2024,2,1,341000
2024,1,0,43750
2025,2,1,108000
2024,2,0,62400
2023,2,1,284050
2024,2,1,86600
2024,2,1,190000
2024,0,1,76500
2025,1,1,175800
2024,2,1,76800
2023,2,0,80000
2024,1,0,145200
2025,2,1,252000
2024,1,1,250000
2024,0,0,44000
2024,1,1,142000
2024,0,1,80000
2025,3,1,200475
2025,0,1,63600
2024,0,1,68500
2025,2,1,204000
2025,2,1,163800
2025,0,1,188600
2023,1,1,69000
2024,0,1,146300
2024,0,1,116940
2024,2,1,134200
2024,0,1,182000
2023,2,1,161000
2025,1,1,93600
2025,1,1,72100
2025,1,1,136510
2024,2,1,139000
2024,2,1,112700
2024,1,1,54964
2025,2,0,135714
2025,1,1,120000
2025,0,1,109000
2024,1,1,197100
2025,1,1,150500
2024,2,1,103920
2024,2,1,51962
2024,1,1,85920
2024,1,0,115000
2025,1,1,152053
2024,2,1,349000
2024,2,1,290000
2024,2,1,156000
2025,2,1,355000
2025,2,1,220680
2023,2,1,192000
2025,0,0,44303
2025,2,1,221000
2024,2,1,233840
2025,2,1,164663
2024,0,1,54000
2025,2,1,351000
2024,2,1,205000
2024,0,1,166000
2025,2,0,65200
2024,2,1,163238
2024,1,0,96000
2024,2,0,73333
2024,2,1,140000
2024,2,1,339250
2025,1,1,156000
2025,2,1,290180
2025,1,0,303797
2024,1,1,153200
2025,1,1,128092
2024,2,1,113840
2024,1,1,100000
2023,1,1,110000
2024,2,1,145000
2023,1,1,175000
2025,1,1,70000
2023,2,1,120000
2024,2,1,152737
2024,2,1,140000
2024,1,1,112900
2024,2,1,144500
2025,2,1,281770
2024,2,1,185000
2023,2,1,330000
2024,2,1,25000
2024,0,1,68000
2025,0,1,84100
2025,1,1,560000
2024,2,1,190000
2024,1,1,175200
2024,1,0,37393
2024,0,1,225000
2025,0,1,160000
2025,1,1,294600
2025,1,1,141400
2025,2,1,84000
2025,2,1,175947
2024,1,1,85000
2024,2,1,200500
2024,2,1,112000
2025,0,1,80000
2024,1,1,170640
2024,3,1,180000
2025,2,1,125760
2024,2,1,164000
2024,2,1,189360
2024,1,1,72650
2024,2,1,144200
2024,1,1,43014
2024,1,1,247610
2025,2,1,157900
2025,2,1,187500
2023,2,1,129150
2023,1,1,131200
2025,2,1,143300
2024,2,1,70000
2024,2,0,90000
2024,0,1,145000
2025,2,1,131000
2024,1,0,96125
2023,3,0,92280
2025,0,1,173000
2024,2,1,138000
2025,2,1,64600
2025,2,1,250000
2024,2,1,209000
2024,0,1,76300
2023,1,0,17025
2025,2,1,156160
2024,2,1,280000
2024,2,1,225600
2024,1,1,300000
2024,1,1,128300
2023,2,1,126300
2025,2,1,72700
2025,2,1,184500
2024,1,1,139000
2024,2,1,241700
2025,1,1,200000
2024,3,1,248000
2025,2,1,215000
2025,2,1,137400
2024,2,1,97000
2024,2,0,55365
2024,2,1,150000
2024,2,1,207000
2025,2,1,231200
2025,1,1,69800
2024,1,1,440000
2025,1,1,313000
2025,2,1,122000
2025,2,1,214800
2024,1,1,130305
2024,2,1,190400
2025,1,1,171350
2024,2,1,163300
2024,2,1,101400
2024,2,1,299000
2024,0,1,57452
2023,2,1,91000
2024,2,1,278400
2024,1,1,252800
2025,1,1,141052
2025,2,1,118845
2025,2,1,167280
2024,2,1,181500
2025,1,1,279400
2024,1,1,147200
2024,2,0,67993
2024,1,0,101539
2024,3,1,323700
2024,0,1,102000
2024,1,1,90000
2025,2,1,156192
2024,2,1,283800
2025,1,1,80000
2023,0,1,94035
2024,1,1,130900
2025,2,1,140000
2024,1,1,125000
2024,2,1,175000
2024,0,1,142000
2025,1,1,178000
2025,2,1,173300
2024,1,1,75600
2023,2,1,201450
2024,1,1,136000
2024,2,0,153000
2024,2,1,217311
2023,2,1,196900
2024,2,1,198000
2023,2,1,175750
2023,2,1,165500
2023,1,1,140000
2024,1,0,88750
2023,2,0,92280
2024,1,1,91200
2024,1,1,84200
2024,2,1,81400
2024,1,1,143091
2024,2,1,270000
2024,2,1,46200
2023,2,1,95325
2024,2,1,219300
2024,2,1,206400
2024,1,1,220000
2025,2,1,276000
2023,2,1,233200
2020,0,0,49268
2025,1,1,125000
2025,1,1,82300
2025,2,1,213480
2024,2,1,85393
2025,2,1,253000
2024,1,0,95200
2025,2,1,191000
2024,2,1,339250
2023,2,1,174000
2023,2,0,92280
2025,2,1,215000
2024,1,1,140000
2024,1,1,68000
2023,2,1,70000
2024,2,1,131200
2024,1,1,132974
2025,1,1,216000
2024,0,0,88640
2024,1,1,86000
2024,2,1,128000
2024,1,1,102300
2025,2,1,107800
2024,2,1,114000
2024,2,1,214872
2025,2,1,84600
2024,1,1,240000
2024,0,1,53500
2024,2,1,131300
2024,2,1,180000
2024,2,0,61340
2024,1,1,248700
2024,2,1,144200
2025,0,1,45000
2024,2,1,223200
2024,2,1,144300
2025,2,1,155700
2021,1,1,90000
2024,1,1,129780
2025,3,1,180000
2024,2,1,200000
2024,1,1,146000
2023,2,1,143000
2025,1,1,86000
2023,1,1,93000
2024,2,0,262500
2024,1,1,125000
2025,2,1,101200
2023,2,1,215000
2025,2,1,147700
2024,2,0,253000
2025,2,1,124100
2023,2,1,52500
2024,0,1,140690
2025,0,0,27789
2024,1,1,146994
2025,0,0,16000
2024,2,1,245000
2025,2,0,140000
2025,0,1,75289
2024,2,1,165000
2024,3,1,293800
2024,2,1,140600
2024,2,1,118000
2024,1,1,288000
2024,2,1,149200
2025,2,1,74100
2025,0,0,24000
2022,1,0,84053
2025,0,1,65490
2024,2,1,269100
2024,1,1,138000
2024,2,1,170000
2025,2,1,86500
2025,0,1,107122
2025,1,1,127600
2025,1,1,95200
2024,2,1,191200
2023,0,0,40000
2025,2,1,136000
2024,0,1,97722
2025,2,1,252000
2024,1,1,154000
2024,2,1,140600
2025,2,1,114400
2024,1,1,155800
2024,0,1,52500
2025,2,1,160900
2021,2,0,60000
2025,1,1,198000
2023,1,0,80000
2025,2,1,162920
2025,0,1,77000
2025,1,1,146800
2025,2,1,237908
2024,2,1,174050
2025,3,1,140000
2025,3,1,252500
2025,1,1,74000
2023,1,1,111151
2025,2,0,126582
2024,2,1,136218
2024,1,1,238780
2023,1,1,95400
2024,1,1,75000
2024,1,0,50666
2024,2,1,149552
2025,2,0,180000
2025,2,1,129400
2025,2,0,55755
2025,2,0,144177
2023,2,1,118720
2025,2,1,247100
2023,2,1,125000
2025,0,1,275000
2025,2,1,104040
2025,2,1,105263
2024,2,1,350000
2025,2,1,40000
2025,1,0,98473
2023,2,1,288000
2025,1,1,121900
2024,3,1,209700
2024,2,0,77001
2024,2,1,121260
2024,2,1,250000
2025,0,1,84600
2024,0,1,94300
2024,2,1,117000
2025,2,1,119000
2025,1,1,222600
2024,2,1,137972
2025,1,1,66947
2025,2,1,217000
2024,2,1,101566
2024,1,1,210000
2024,1,1,100000
2023,2,1,142200
2025,2,1,85400
2025,0,0,102000
2025,2,1,82331
2024,0,1,90600
2025,2,1,300000
2025,2,1,358800
2024,2,1,212800
2024,2,1,137600
2024,2,0,66666
2024,3,1,195000
2023,1,1,250000
2024,2,1,315000
2024,0,0,75000
2025,2,1,214000
2024,2,1,120000
2025,2,1,115082
2024,0,1,82000
2025,2,1,223600
2025,1,0,136800
2023,1,1,222200
2023,2,1,85000
2024,1,1,89315
2024,2,1,266000
2024,2,1,144630
2025,2,1,310000
2024,0,1,130000
2025,1,1,97200
2025,1,1,380000
2024,2,1,126900
2023,1,1,150000
2025,0,1,100000
2025,1,1,191869
2025,1,1,195000
2025,3,1,132500
2024,2,1,81000
2025,2,1,195700
2024,2,1,192500
2024,2,1,97000
2024,1,0,162500
2025,2,1,96900
2024,2,1,136500
2024,2,1,138900
2024,2,1,220800
2025,1,1,80000
2024,0,1,200000
2025,2,1,150000
2024,1,1,127000
2025,1,1,110000
2024,2,0,111155
2024,1,1,106500
2024,2,1,290000
2025,1,1,96000
2025,0,1,78300
2024,2,1,123000
2024,2,1,287500
2025,2,1,290004
2025,2,1,188000
2024,2,1,172000
2024,1,1,144000
2024,2,1,200000
2023,2,1,123906
2024,2,1,78707
2025,2,1,94800
2024,2,0,57692
2024,2,1,114945
2025,1,1,73080
2022,2,1,148800
2024,2,1,148594
2024,2,0,29333
2023,1,1,52500
2024,0,1,83840
2025,3,1,92000
2024,2,1,90263
2024,1,1,104261
2024,2,0,75000
2025,2,1,233000
2025,2,1,125000
2024,3,1,134000
2024,1,0,112222
2024,1,1,117400
2024,2,1,205000
2024,2,1,128945
2025,1,1,95900
2024,1,1,55000
2023,2,1,179975
2024,2,1,216200
2024,1,1,66330
2024,1,0,41600
2025,2,1,86000
2024,1,1,72000
2025,3,1,206000
2024,1,1,134400
2024,2,1,144600
2025,2,1,58656
2024,2,1,182400
2024,2,0,115000
2025,2,1,149400
2024,3,1,205000
2024,1,0,130000
2024,0,1,64000
2023,2,1,70000
2025,2,1,137862
2023,1,1,140000
2024,2,1,96000
2024,2,1,116000
2023,2,1,296100
2025,2,1,275300
2024,2,1,212800
2024,0,1,84000
2024,1,1,205168
2024,3,1,408500
2025,2,1,193000
2024,2,1,223990
2025,2,1,88700
2025,2,1,127890
2025,1,1,53000
2024,1,1,192170
2023,3,1,236000
2025,2,1,302400
2025,2,1,79283
2024,1,0,112500
2022,1,1,134000
2024,2,1,134200
2025,1,0,136842
2024,2,1,262791
2024,2,1,120610
2024,1,1,250000
2024,2,0,100000
2023,2,1,141600
2024,1,1,119300
2024,1,1,85000
2025,1,1,117900
2025,2,1,141200
2024,2,1,171000
2025,1,1,133000
2024,1,1,246200
2025,2,1,68300
2025,0,1,35000
2025,1,1,598952
2025,2,1,80000
2024,2,0,68750
2025,2,0,59240
2024,2,1,197500
2024,2,1,368230
2024,2,1,160000
2025,1,0,200000
2023,2,1,700000
2024,1,1,161700
2024,1,1,189750
2024,0,0,88888
2024,1,1,142000
2024,1,1,419750
2025,1,1,48000
2023,2,1,90000
2024,0,1,70000
2024,2,1,116700
2025,1,1,152600
2025,1,0,82338
2024,0,1,68000
2024,2,0,66666
2025,0,1,88236
2024,2,1,234400
2024,1,0,111826
2024,1,1,55900
2023,2,1,108000
2024,2,0,115000
2024,2,1,145400
2024,2,1,231400
2025,1,1,75600
2024,0,1,137000
2024,2,1,142320
2025,2,1,328400
2024,2,1,87500
2024,2,1,212750
2024,2,1,102900
2025,2,1,303500
2025,0,1,58000
2024,1,1,92000
2025,1,1,95472
2025,2,1,65800
2024,2,1,100917
2024,0,1,67728
2024,2,1,309000
2024,0,0,62500
2024,0,0,31250
2024,1,1,127100
2024,1,1,158400
2025,2,1,106300
2024,2,1,178000
2024,0,1,100000
2024,3,1,145600
2023,2,1,166500
2023,2,1,187000
2023,2,1,284310
2025,2,0,171600
2025,2,1,215000
2025,2,1,84878
2023,0,1,166000
2024,2,0,154000
2025,2,1,283990
2024,0,0,28000
2024,2,1,123000
2025,2,1,300800
2024,2,1,486000
2024,1,1,92430
2024,0,1,54000
2024,2,1,236160
2025,2,0,130000
2025,2,1,156400
2024,0,0,65407
2025,1,1,192000
2024,1,1,74088
2024,1,1,220000
2025,2,1,187500
2024,2,1,72700
2025,2,1,162000
2024,1,1,130000
2025,2,1,145000
2022,2,1,178800
2025,2,0,203000
2025,0,1,75200
2023,2,0,61520
2025,1,1,134500
2024,1,0,43750
2025,0,1,100000
2024,2,1,207750
2024,1,1,189000
2024,0,1,88500
2025,2,1,209700
2025,1,1,99000
2024,1,1,95394
2025,0,1,287600
2024,2,1,186000
2024,0,1,68378
2025,1,1,159682
2024,2,1,236800
2024,2,1,60300
2024,1,1,131800
2023,1,1,160000
2025,1,1,154700
2024,1,1,133473
2024,2,1,171860
2025,1,1,72100
2024,2,1,142900
2023,3,1,260000
2025,1,1,153000
2024,1,1,132000
2025,2,1,120000
2023,2,0,117700
2025,2,1,167325
2024,2,1,157476
2024,2,0,145350
2024,0,1,198400
2025,2,1,294000
2024,2,0,187500
2024,2,1,147645
2024,1,1,93225
2025,1,1,66800
2025,1,1,83616
2025,1,0,75949
2024,2,1,114888
2024,1,1,143000
2024,1,1,105400
2025,1,1,94050
2023,2,0,140000
2023,2,1,160000
2025,2,1,158100
2024,0,0,68750
2022,1,0,61566
2024,1,1,251576
2024,2,1,123000
2025,1,0,125800
2022,2,1,70000
2025,2,0,100000
2025,2,1,89700
2024,1,1,154000
2025,2,1,192500
2025,2,0,30000
2025,2,1,230670
2024,2,0,211500
2025,1,1,188600
2022,2,1,180000
2025,2,1,77638
2024,2,1,327200
2024,2,1,209000
2025,2,1,107800
2025,2,1,140289
2024,1,0,39245
2024,1,1,223900
2023,3,1,180000
2024,2,1,91536
2024,2,1,177300
2024,1,0,46666
2024,1,1,72800
2024,1,1,173000
2024,1,1,175275
2025,2,1,162100
2025,2,1,174100
2024,2,1,285200
2024,2,1,199068
2024,0,1,75000
2024,0,1,81075
2025,0,1,52633
2024,3,1,204000
2024,1,1,161600
2024,0,0,124000
2024,2,1,137510
2025,0,0,79874
2025,1,1,122800
2024,1,1,43675
2024,1,1,146050
2025,2,1,99500
2025,1,1,137500
2024,2,1,92144
2024,2,1,132000
2025,2,0,40000
2024,2,1,118000
2025,1,1,110500
2024,1,1,101370
2025,2,1,111240
2024,2,1,117300
2024,2,1,300000
2024,1,1,91260
2025,1,1,215000
2024,3,1,200400
2024,1,1,91984
2025,1,1,70000
2025,2,1,218540
2025,0,0,53164
2024,1,1,114800
2025,2,1,173100
2024,0,1,138000
2024,2,1,135000
2025,3,1,182000
2024,2,1,150875
2024,2,1,96000
2023,0,1,50000
2024,0,1,126300
2025,2,1,160300
2022,2,1,164000
2023,2,1,106000
2025,2,0,202531
2024,0,0,110000
2024,0,1,99000
2025,2,1,177500
2023,2,1,170550
2024,2,1,339250
2025,1,1,143500
2025,2,1,136600
2023,2,1,196000
2024,1,1,160000
2024,2,1,115935
2023,2,1,122000
2024,2,1,135000
2024,2,1,206500
2025,2,1,47840
2024,2,1,99740
2024,0,1,81000
2024,1,1,100000
2024,1,1,183600
2024,1,1,104800
2023,2,1,260000
2025,0,1,65500
2024,2,1,171000
2025,1,1,183900
2024,1,1,53500
2025,2,1,125000
2024,1,1,84500
2024,2,0,156000
2024,2,1,207000
2024,2,1,228000
2025,2,1,173700
2025,1,1,177000
2024,3,1,200000
2024,0,1,188100
2025,0,1,85000
2024,1,1,115000
2025,2,1,149100
2025,2,1,105000
2024,1,1,85000
2024,2,1,140000
2024,2,1,103200
2025,2,1,100000
2025,1,1,30000
2025,0,0,66315
2023,1,1,147600
2024,0,0,39920
2024,0,1,64236
2024,0,1,84105
2024,1,0,229438
2024,2,1,216200
2024,2,1,105200
2025,1,1,78000
2024,1,1,79500
2024,2,0,111000
2022,2,1,90320
2025,0,1,70000
2024,2,1,160000
2024,0,1,187415
2025,2,1,148460
2024,0,1,48000
2024,2,1,153650
2022,2,1,130000
2024,2,1,198600
2024,1,1,110000
2025,2,1,328500
2025,2,0,88607
2025,1,0,142800
2025,2,1,176000
2025,2,0,85000
2024,0,1,84500
2024,1,1,179165
2025,2,1,187700
2025,1,1,96000
2024,2,1,199441
2024,2,0,98076
2024,2,1,208300
2024,2,1,154000
2025,0,1,90750
2024,1,0,137000
2023,2,1,240500
2024,2,1,152100
2024,0,1,82402
2025,2,1,320000
2024,0,1,86520
2024,1,0,331250
2023,2,1,132500
2025,1,1,149000
2024,2,1,164000
2021,0,1,100000
2023,2,1,160000
2024,1,1,177688
2024,2,1,99230
2025,1,1,204300
2023,2,1,190000
2024,2,1,203000
2024,1,1,116900
2025,2,1,256000
2024,1,1,102750
2024,2,1,215000
2024,2,1,149000
2024,0,1,129000
2025,2,0,97200
2025,1,1,128000
2024,1,1,130000
2024,0,1,120700
2024,2,1,121500
2025,2,0,105000
2025,1,1,120000
2024,2,1,152800
2025,3,1,284000
2024,2,1,185000
2023,2,1,297300
2025,0,1,110700
2025,0,1,84100
2025,2,1,322000
2024,0,1,50000
2024,2,1,169000
2024,0,1,99600
2025,1,1,147472
2024,2,0,65073
2025,2,1,207000
2025,2,1,170000
2025,1,1,180000
2025,0,0,100000
2024,1,1,105800
2024,1,1,156600
2024,2,1,296000
2024,0,0,26666
2024,0,1,39200
2025,2,1,179000
2025,0,1,80700
2023,2,0,153000
2023,2,1,82500
2024,2,1,130133
2025,1,1,72700
2024,1,0,58717
2025,2,0,126383
2023,2,1,130000
2024,1,0,62500
2025,2,1,362000
2025,2,0,105263
2025,1,1,129000
2024,1,1,97000
2024,1,0,61111
2025,1,1,110000
2022,2,1,93800
2024,2,1,202750
2025,2,1,121035
2020,0,0,21669
2024,2,1,265600
2024,2,1,113145
2023,1,1,108000
2024,1,0,56250
2024,1,0,127200
2024,2,1,115000
2024,1,1,138900
2025,1,1,77700
2024,2,1,284400
2025,2,1,210000
2024,2,1,172500
2024,1,1,143000
2023,3,0,184560
2025,2,1,111500
2025,1,0,25743
2023,2,1,210000
2025,2,1,93000
2024,2,1,146000
2025,1,1,99800
2024,2,1,167435
2025,2,1,190700
2024,2,1,168000
2024,2,1,170000
2024,0,1,21600
2024,2,1,114720
2024,0,1,83000
2025,0,0,20210
2025,1,1,115000
2025,2,1,212160
2024,1,1,280000
2024,2,1,319000
2025,1,1,165000
2023,3,1,207000
2024,0,1,81075
2024,2,0,157900
2024,2,0,112500
2024,0,1,152000
2024,1,1,221596
2024,1,1,174200
2025,2,1,150000
2024,2,1,137600
2025,2,1,252488
2025,1,1,76000
2024,0,0,105600
2024,2,1,184000
2024,2,1,76700
2024,2,1,228000
2023,2,1,214500
2025,1,1,280000
2024,2,1,98153
2025,1,1,246700
2024,3,1,250000
2024,2,1,130350
2025,2,1,164000
2025,2,1,185200
2025,1,1,66000
2025,2,1,248594
2024,2,1,152500
2023,2,1,139000
2025,0,1,196000
2025,2,1,272400
2025,2,0,205063
2025,2,1,175800
2024,2,1,211164
2025,2,1,175000
2024,2,1,170640
2025,2,1,146300
2024,1,1,560000
2024,2,1,173000
2024,2,1,265200
2024,2,1,220500
2023,3,1,265800
2024,3,1,208122
2024,1,0,149300
2025,2,1,149100
2025,2,1,223600
2024,1,1,183300
2025,2,1,106640
2025,2,1,182300
2025,2,1,360200
2025,2,1,300000
2024,1,1,60400
2025,2,1,260000
2024,0,0,28125
2024,1,1,109000
2023,1,0,430640
2022,1,1,75000
2024,2,1,302940
2024,1,1,105000
2024,2,1,135782
2024,3,1,223900
2023,2,1,172200
2025,2,1,120100
2024,2,1,50503
2025,1,1,169000
2024,1,0,50666
2024,1,1,211000
2024,2,1,258960
2025,2,1,54000
2025,2,1,104860
2025,1,0,130000
2024,1,1,141000
2020,0,1,72000
2024,2,1,193995
2023,0,1,187000
2024,2,1,268900
2024,2,1,130000
2024,0,1,85000
2024,1,1,172343
2024,1,1,83900
2025,2,1,190650
2024,1,1,152500
2024,2,1,195600
2023,2,1,144540
2024,2,1,297900
2024,2,1,204500
2025,1,1,195000
2024,2,1,200500
2024,0,1,79400
2024,2,1,151200
2024,0,1,125000
2025,2,0,113924
2025,2,1,250000
2025,0,1,104556
2025,2,1,168600
2025,2,1,81000
2024,2,1,250000
2025,2,1,66000
2025,1,1,80000
2025,2,1,251600
2024,2,1,167400
2025,0,1,75600
2025,2,0,208860
2025,2,1,115179
2024,1,1,152400
2023,2,1,280000
2024,1,1,52000
2024,2,1,77000
2024,2,1,140000
2024,0,1,177688
2025,2,1,186200
2025,1,1,96600
2024,1,1,103000
2024,1,1,60400
2025,0,1,98300
2024,1,1,120000
2024,2,1,94702
2025,2,1,312200
2025,1,1,203940
2024,2,1,92300
2025,2,1,129300
2025,2,0,117500
2023,2,1,176000
2024,2,0,86900
2025,1,1,85428
2024,3,1,243000
2024,1,1,92000
2025,2,1,124000
2024,1,1,235000
2024,0,1,107690
2025,1,1,355000
2024,2,1,149925
2024,2,0,164000
2024,0,1,40300
2025,1,1,97300
2023,2,1,211000
2025,2,1,130000
2025,1,1,95022
2025,2,1,160500
2023,2,1,178600
2024,1,1,95000
2024,2,1,163000
2024,2,0,156170
2025,2,1,168480
2022,0,0,61566
2025,2,1,190800
2025,1,1,109200
2024,1,1,190726
2024,0,1,63591
2025,2,0,150000
2024,0,1,60000
2024,2,1,225000
2024,1,0,55402
2022,2,1,145000
2025,1,1,140000
2025,1,1,104200
2025,2,0,135000
2025,1,1,465000
2024,2,1,101400
2024,2,1,179000
2023,2,1,177300
2024,1,1,138200
2024,1,1,150000
2023,1,1,185000
2024,2,1,155200
2024,2,1,243000
2024,0,1,59469
2023,2,1,258800
2025,0,0,16000
2025,2,1,170700
2024,2,1,177008
2023,0,1,65000
2025,2,1,98500
2024,2,0,150500
2024,2,1,165060
2024,2,1,155000
2025,1,1,213000
2025,2,1,129300
2025,1,1,259000
2024,1,1,73080
2022,2,1,216000
2024,2,1,234240
2025,2,0,112231
2024,2,1,234062
2025,1,1,96000
2024,2,1,237000
2024,1,1,102500
2024,1,1,143376
2024,2,0,238781
2024,0,1,73242
2025,2,1,84600
2025,2,1,162850
2024,1,1,109000
2024,1,1,136700
2025,1,1,32000
2023,2,1,132192
2024,2,0,81250
2024,1,1,95825
2023,2,1,86250
2024,0,1,34000
2025,1,1,389500
2022,0,0,150000
2024,0,1,44850
2023,2,1,91460
2024,2,1,135000
2024,2,0,145000
2024,2,1,161000
2024,2,1,219200
2024,2,1,120500
2025,2,1,158000
2024,1,1,234500
2025,2,1,129000
2024,1,1,99800
2025,1,1,134000
2024,2,1,132250
2024,1,1,200000
2024,2,1,134500
2025,1,1,75000
2024,1,1,173040
2024,2,1,150000
2023,2,1,168000
2025,0,1,149900
2024,2,1,155635
2024,1,1,170000
2024,2,1,124000
2024,2,1,117728
2025,0,0,42105
2024,2,1,304000
2024,1,1,150000
2024,1,1,157500
2025,2,1,176160
2024,0,1,123626
2024,1,1,47000
2025,2,1,151000
2021,0,0,15000
2025,2,1,135000
2024,1,1,137000
2024,2,1,277000
2024,1,1,133000
2024,2,1,190000
2025,2,1,322000
2023,2,1,67000
2024,2,1,150960
2023,3,1,140100
2024,2,1,195500
2025,1,1,160000
2024,1,1,90000
2024,2,1,99200
2025,2,1,254000
2024,1,1,117832
2025,1,1,150000
2024,2,1,202300
2024,2,1,240000
2025,1,1,167981
2024,2,1,94200
2024,1,1,175100
2024,0,1,60000
2023,2,1,248100
2025,2,1,122600
2024,0,1,44850
2024,2,1,274800
2022,2,1,156868
2025,1,1,162500
2023,2,1,140000
2025,1,1,115000
2024,2,1,118575
2023,2,0,103200
2023,2,1,205000
2023,1,0,49216
2024,1,1,53100
2024,1,1,155000
2024,1,1,142509
2024,2,1,90000
2025,1,1,201572
2024,2,1,184500
2025,1,1,177000
2024,1,1,147000
2024,1,1,174129
2025,1,1,110000
2025,1,1,180128
2025,0,1,174600
2025,2,1,145440
2024,2,1,161200
2024,1,0,150200
2023,2,1,206000
2024,1,1,94740
2024,0,1,82100
2020,1,1,450000
2024,2,1,120000
2024,2,1,90000
2025,1,1,71578
2025,1,1,315000
2025,2,1,246800
2023,2,1,185000
2024,2,1,222300
2024,1,1,89280
2025,1,1,137500
2022,2,0,37824
2024,1,0,109000
2024,0,1,110000
2025,2,1,234000
2024,1,1,140100
2024,0,0,100354
2024,1,1,133600
2022,2,0,185800
2024,2,1,78900
2024,1,1,276073
2025,2,0,191100
2025,0,1,65000
2025,2,1,154660
2024,2,1,185000
2022,2,1,193750
2024,2,1,176800
2024,2,1,267100
2025,1,1,129200
2024,3,1,245400
2022,2,1,130240
2025,2,1,160000
2025,2,1,106000
2023,2,1,157750
2025,2,1,182750
2024,2,1,271000
2024,1,1,500000
2025,2,1,161881
2025,2,1,84604
2024,2,1,176160
2024,2,1,228800
2024,2,1,167000
2025,0,1,60000
2024,1,1,136800
2024,2,1,195600
2025,0,1,181940
2024,1,1,110000
2024,0,1,158620
2024,2,1,153340
2024,1,0,59570
2023,2,1,182500
2024,2,1,89500
2024,2,1,90000
2024,1,1,151300
2023,1,1,78000
2024,2,1,188000
2024,2,1,175000
2025,2,1,500000
2024,2,0,81250
2023,2,1,104300
2023,1,0,110736
2024,1,1,88000
2024,2,1,142000
2025,0,1,53100
2024,2,1,192500
2024,2,1,136300
2025,2,1,207900
2024,2,1,75000
2025,1,1,105000
2025,2,1,197100
2023,2,1,205700
2025,2,1,134280
2024,2,1,143525
2024,1,1,127100
2024,2,1,339250
2025,2,1,189000
2024,0,1,110864
2022,1,0,172386
2025,2,1,287500
2025,2,1,130700
2024,1,0,39000
2023,2,1,260000
2024,1,1,61000
2025,2,1,54142
2025,1,1,405000
2024,2,1,129000
2024,1,1,140000
2024,1,1,143000
2024,1,1,93500
2023,2,1,172500
2023,2,1,148800
2024,2,1,174000
2024,2,1,140250
2024,2,1,175888
2025,2,1,199952
2024,1,0,172000
2025,1,1,75300
2025,2,1,217464
2025,2,1,120000
2024,2,0,43333
2025,1,1,123130
2024,2,1,291400
2024,2,1,297900
2024,2,1,200000
2024,2,1,138900
2024,2,1,314000
2025,1,1,160000
2024,2,1,144000
2024,1,1,95425
2024,2,1,154818
2024,2,1,310000
2024,2,1,72150
2024,2,1,142600
2025,1,1,150000
2024,0,1,120000
2023,0,0,25000
2024,0,1,156500
2024,2,1,150550
2024,1,1,105800
2024,1,1,181800
2024,1,1,284000
2025,2,1,157000
2023,2,1,250000
2024,1,1,133920
2024,2,1,117400
2025,3,1,250000
2025,1,1,201300
2024,1,1,79154
2023,2,1,145000
2024,2,1,180500
2024,2,0,180000
2024,1,0,143750
2024,1,1,110000
2024,2,0,110000
2023,2,1,170000
2024,1,1,107000
2024,0,1,75000
2023,2,1,252000
2023,1,1,58300
2024,2,0,94000
2024,1,1,187000
2024,1,1,76095
2025,1,1,167000
2023,0,1,165000
2025,2,1,212160
2023,2,1,131650
2023,2,1,121000
2024,0,1,87100
2024,2,1,164000
2024,2,1,151900
2025,0,1,99000
2023,1,0,48585
2024,2,1,138800
2024,2,1,135000
2024,2,1,113050
2024,1,0,72500
2025,3,1,273800
2023,2,1,156000
2022,2,0,69344
2024,2,1,258100
2024,0,1,32000
2024,1,1,111400
2024,0,0,66666
2024,1,1,117000
2024,0,1,171200
2025,0,1,39500
2024,0,1,102500
2025,1,1,52900
2024,1,1,81700
2025,2,1,249000
2023,1,1,166000
2024,2,1,114192
2022,1,0,73546
2024,1,1,55000
2024,2,1,85000
2024,2,1,183456
2024,2,1,113000
2024,2,0,115000
2025,1,1,140600
2025,3,1,70000
2025,2,1,144200
2024,3,1,270000
2025,2,1,150000
2025,0,1,60000
2024,2,1,94800
2024,1,1,720000
2025,2,1,220000
2024,2,1,100000
2024,2,1,153000
2024,1,1,178464
2024,2,1,166500
2025,1,1,158000
2025,0,0,41894
2024,1,1,212800
2023,2,1,220000
2025,2,1,128000
2024,0,1,138000
2025,1,1,105000
2024,2,1,204100
2024,3,1,550000
2024,2,1,108000
2024,2,1,176580
2025,2,1,267100
2025,1,1,200000
2024,1,1,74476
2024,2,1,203816
2024,2,1,135000
2024,2,0,190000
2024,2,1,196000
2024,2,1,100000
2024,1,1,75000
2024,1,1,355000
2024,2,1,164000
2024,0,0,66000
2024,0,1,81453
2024,2,1,150000
2024,2,1,135000
2022,2,0,47280
2024,2,1,125000
2024,1,1,355000
2023,2,1,255000
2024,2,1,122200
2023,2,1,114000
2024,2,0,167300
2024,2,1,107300
2024,1,1,104000
2024,2,1,166000
2025,2,1,120000
2023,1,1,135000
2024,2,1,121600
2025,1,0,69620
2025,2,1,260000
2024,0,1,165600
2025,2,1,391000
2024,2,1,160000
2024,1,1,138225
2024,1,1,172500
2024,0,1,50200
2024,2,1,170760
2024,0,1,60000
2025,1,0,45569
2024,2,1,150895
2025,0,0,94736
2024,2,0,120000
2024,2,1,100000
2025,2,1,304750
2025,0,1,60000
2024,0,1,56000
2023,2,1,204000
2024,0,1,130000
2023,2,1,162000
2025,1,1,129000
2025,2,1,200700
2024,0,1,89600
2025,3,1,370000
2023,1,1,134326
2024,0,1,60000
2024,2,1,144500
2025,2,1,212000
2024,2,1,68604
2024,1,1,96000
2024,1,1,68900
2025,2,1,218625
2025,2,1,155000
2024,2,1,180200
2024,2,1,142900
2024,2,1,215000
2024,1,1,108000
2024,2,1,121600
2025,0,1,157000
2023,2,1,162000
2024,2,1,100000
2025,2,1,189000
2025,0,0,121800
2024,2,1,173000
2024,0,1,51500
2024,2,0,88888
2024,1,1,184000
2024,0,1,92250
2024,2,1,162350
2025,2,1,131420
2024,2,0,160000
2024,1,0,127000
2023,1,0,40423
2023,1,1,87500
2025,1,1,146000
2025,2,0,100000
2023,2,1,112200
2025,2,1,131100
2022,2,1,225000
2025,2,0,183000
2024,2,1,98800
2024,1,1,237500
2024,2,1,97000
2024,1,1,81000
2025,2,1,157600
2024,2,1,120000
2024,2,1,125500
2024,0,1,91062
2024,1,1,178660
2023,1,1,135000
2025,2,1,276100
2025,1,0,59158
2024,0,1,69600
2024,0,1,172800
2025,2,1,127000
2025,1,1,275000
2025,0,1,134000
2025,0,1,81000
2025,0,0,40067
2024,2,1,181901
2024,2,1,210000
2024,2,1,136000
2024,1,1,110000
2024,2,1,122800
2024,1,1,204334
2024,2,1,88848
2025,2,1,175000
2024,1,0,86218
2024,1,1,78500
2024,2,0,74444
2024,2,1,152200
2024,0,0,112156
2024,1,1,60300
2025,2,1,136203
2025,2,0,75789
2022,2,1,160000
2025,1,1,120000
2023,2,1,144000
2024,2,1,171100
2025,1,0,75949
2025,1,1,102183
2023,2,1,138240
2024,0,1,75500
2025,1,1,251600
2024,1,1,81000
2025,1,1,239000
2024,2,1,198000
2025,1,1,176000
2024,1,1,203350
2024,2,0,126666
2023,2,1,270000
2024,2,1,87500
2025,1,1,115000
2023,2,0,80000
2024,1,1,124550
2024,2,1,108935
2024,2,1,129400
2024,2,1,133476
2024,0,1,89430
2024,2,1,129620
2024,1,0,142800
2024,0,1,89700
2024,2,1,96600
2022,1,0,65666
2025,1,1,47000
2024,0,1,143000
2024,2,1,131000
2025,0,0,57894
2024,1,1,187662
2024,2,1,208000
2024,1,0,100000
2024,2,1,175000
2024,2,1,97100
2025,2,1,98500
2025,2,1,172000
2024,2,1,79000
2024,1,1,144200
2025,2,1,110000
2024,1,0,131200
2024,2,1,174700
2024,2,1,109500
2025,1,1,101900
2024,2,1,266400
2025,2,1,377160
2024,2,1,217400
2024,1,1,197100
2024,1,1,137750
2025,2,1,136000
2024,2,1,149100
2025,3,0,185632
2023,2,1,231250
2020,2,0,45618
2024,1,1,73125
2024,0,1,64000
2022,2,1,193750
2024,2,1,215658
2025,2,0,80000
2024,0,1,47000
2025,2,1,106200
2024,1,1,94940
2024,2,1,147800
2024,1,0,81133
2025,1,1,152775
2024,1,1,72400
2024,2,1,329000
2024,2,1,163700
2025,2,1,89100
2024,1,1,78998
2025,1,0,80400
2024,0,0,101777
2023,2,1,105200
2024,2,1,85000
2025,2,1,118000
2025,2,1,337250
2025,2,0,93600
2024,2,0,278000
2024,2,1,288400
2024,2,1,108334
2024,2,1,124200
2024,0,1,98300
2025,1,0,29052
2024,0,1,43140
2024,2,1,106250
2025,0,1,90000
2024,2,1,170000
2025,2,1,294000
2025,2,1,275000
2024,2,1,125000
2024,2,0,66666
2024,2,0,145500
2024,1,1,213345
2025,1,1,50400
2024,2,1,292128
2024,1,1,175000
2025,2,1,238625
2025,1,1,140000
2025,2,1,75500
2025,1,1,25000
2023,2,1,317070
2024,1,1,152500
2025,2,1,290500
2024,2,1,168000
2025,2,1,160000
2024,1,1,215000
2025,1,1,130000
2024,1,1,166000
2024,1,1,277837
2025,2,0,172000
2024,1,1,113000
2025,2,0,87000
2024,2,0,56250
2025,2,1,134900
2024,1,1,47700
2024,0,0,41227
2024,2,1,259900
2022,2,1,115000
2024,1,1,148000
2024,0,1,73581
2025,2,1,235000
2023,2,1,127000
2024,2,1,216500
2024,0,0,75708
2025,2,0,110530
2024,2,0,144500
2024,2,1,270000
2025,1,1,108200
2024,0,1,88800
2022,2,1,129300
2025,2,1,190700
2023,2,0,115000
2025,1,1,151034
2024,2,1,126400
2025,1,1,28000
2025,1,1,237000
2023,2,1,235000
2024,0,1,135450
2025,0,1,59850
2025,0,0,34000
2025,0,0,73150
2025,2,0,31926
2022,0,1,50000
2024,1,1,92290
2024,2,1,374350
2025,2,1,165147
2025,1,1,106013
2023,1,1,175000
2025,2,1,161500
2024,1,0,75000
2025,1,1,269075
2024,1,1,96900
2024,2,1,247008
2025,2,1,100900
2025,2,1,130800
2024,2,0,137500
2024,3,1,220000
2025,2,1,80461
2025,2,1,284000
2024,2,1,168000
2024,2,1,168000
2025,2,1,276000
2025,2,0,37048
2024,2,1,110000
2023,3,1,200000
2025,1,1,165300
2025,2,1,143000
2025,2,1,218160
2025,2,1,125000
2025,2,1,174800
2024,1,1,104550
2025,2,1,284280
2022,1,1,135000
2024,0,1,66800
2025,2,1,100000
2025,1,1,170373
2025,2,1,210000
2023,2,1,154000
2024,1,1,250000
2021,2,0,66265
2025,1,0,93000
2024,2,1,218500
2024,1,1,241500
2025,1,1,70000
2025,1,1,179200
2024,2,1,280000
2024,0,1,63162
2024,1,1,385000
2025,1,1,76700
2024,2,0,84000
2023,2,1,155000
2025,2,1,109000
2025,2,0,140000
2025,2,0,64200
2024,2,1,246400
2025,1,1,81600
2024,1,1,77000
2025,2,1,145000
2025,2,1,165600
2024,1,1,148000
2024,2,0,105000
2024,2,1,74326
2024,2,1,182000
2025,1,1,160000
2024,1,1,136300
2023,1,1,110000
2025,1,1,121900
2024,1,1,119850
2024,2,1,126667
2025,2,0,94936
2024,1,1,173000
2024,2,1,45000
2024,2,1,244000
2025,2,1,211000
2023,2,0,153000
2024,2,0,196500
2024,2,0,240200
2025,2,1,181000
2023,2,0,120000
2024,2,0,62222
2025,2,1,250800
2025,2,1,69729
2024,2,1,323400
2025,2,1,256525
2025,2,0,57894
2025,1,1,101208
2025,2,1,145000
2024,1,0,300000
2024,1,1,138000
2024,2,1,179270
2025,0,1,86100
2024,2,1,149240
2024,2,1,190000
2024,2,1,118000
2024,2,1,155000
2025,1,1,720000
2024,0,0,46800
2024,2,1,110781
2025,0,1,64350
2024,0,1,39500
2024,1,1,95000
2023,2,1,100000
2025,0,1,113000
2023,2,1,210000
2024,2,1,175000
2023,1,1,160000
2025,2,0,48126
2025,2,1,117000
2024,2,1,191000
2025,1,1,120000
2023,0,1,162240
2024,1,1,118800
2024,2,0,142000
2025,2,1,79200
2025,2,1,176100
2024,0,1,165600
2024,3,1,160000
2024,1,1,168300
2024,2,0,58500
2024,1,1,93000
2024,2,1,266200
2024,0,1,80000
2024,1,0,90000
2024,2,1,113630
2023,2,1,80000
2025,0,1,160300
2024,2,1,280000
2024,2,1,183000
2024,2,1,130000
2024,1,1,109200
2024,2,1,312000
2023,1,1,296980
2024,1,1,117500
2024,1,1,62900
2024,1,1,101081
2024,0,1,195000
2025,1,1,68500
2025,2,1,128500
2024,1,1,152300
2024,2,1,304000
2025,2,1,82540
2023,1,0,64781
2025,0,1,134800
2024,1,1,172200
2025,2,1,201000
2024,1,1,147000
2024,1,1,190000
2024,2,1,67500
2025,2,1,125000
2025,0,1,77978
2025,1,1,130000
2024,1,1,268200
2024,2,1,108000
2024,2,1,115800
2024,1,1,94300
2025,1,0,37894
2023,1,1,108000
2023,2,0,120000
2024,2,1,125000
2024,3,1,182000
2023,1,1,140000
2025,2,1,150000
2024,2,1,221500
2025,2,1,192400
2024,2,1,137972
2024,2,1,302900
2024,1,1,140000
2025,0,1,133000
2024,2,0,243750
2024,2,1,188040
2024,0,1,134770
2024,1,1,77350
2024,0,1,48000
2025,2,1,206315
2024,2,1,308000
2024,2,0,280000
2024,0,1,63000
2025,2,1,80000
2024,2,1,150000
2025,0,0,32000
2024,2,1,189000
2025,1,1,295000
2025,1,1,143200
2025,2,1,210500
2023,1,0,190000
2025,2,1,111980
2025,1,0,102000
2024,1,1,52016
2024,2,1,85400
2024,2,1,144000
2025,1,1,31175
2024,2,1,102000
2025,0,1,88000
2025,2,1,161000
2025,2,1,276100
2024,1,1,80000
2025,0,1,71943
2023,2,1,140000
2025,1,1,96500
2024,0,1,87400
2024,2,1,97870
2023,2,1,118200
2025,2,1,99816
2024,1,1,145000
2024,2,1,201650
2025,2,1,276100
2023,2,1,100000
2025,0,1,218540
2024,1,1,92400
2023,0,1,100000
2025,2,1,112000
2025,1,1,156500
2024,1,1,163700
2024,1,0,126600
2025,2,1,133900
2022,2,1,260000
2024,1,1,109400
2024,3,1,394000
2024,0,1,86900
2024,0,0,23888
2024,2,1,212160
2024,2,1,157000
2024,2,0,110000
2023,2,1,204000
2024,2,1,194000
2023,2,1,156000
2025,2,1,84600
2025,2,1,100000
2024,1,1,192289
2025,1,1,102100
2024,1,1,178200
2024,2,0,71000
2024,2,1,99000
2024,1,1,199500
2024,2,0,140000
2025,2,1,227900
2025,1,1,187000
2025,2,1,188640
2025,3,1,250000
2024,2,1,236000
2024,1,1,224500
2024,2,1,120900
2024,2,1,56484
2024,0,0,72222
2024,2,1,115000
2025,2,1,273930
2024,1,1,150000
2025,1,1,120000
2025,3,1,155880
2024,1,1,101150
2024,2,1,213400
2024,1,1,116000
2024,2,1,97000
2025,2,1,200000
2024,2,1,85000
2024,2,1,129000
2024,2,0,56250
2025,2,0,44000
2023,2,1,148200
2024,1,1,211000
2025,2,1,249390
2025,1,1,79140
2024,1,1,256000
2024,3,1,294000
2025,1,1,185000
2025,2,0,196000
2024,1,0,53333
2025,1,1,138750
2025,0,1,81600
2023,1,1,260000
2024,2,1,139000
2024,2,1,205000
2023,0,1,85256
2024,2,1,218800
2024,2,1,276000
2025,1,1,153200
2025,3,1,110000
2025,2,1,155300
2025,2,1,140000
2025,1,1,242200
2025,1,1,79000
2023,2,1,255000
2025,0,1,63291
2024,2,0,250000
2024,2,1,110000
2024,2,1,113210
2024,2,1,320000
2024,1,1,50000
2025,2,1,90000
2025,2,1,247296
2025,2,1,234300
2024,2,0,124402
2024,2,1,236872
2025,2,1,167760
2023,2,0,90000
2025,2,1,425000
2024,1,1,131325
2025,2,1,175000
2024,2,1,107200
2025,1,0,140920
2023,2,1,309000
2024,2,1,147767
2025,2,0,113924
2025,1,1,111013
2024,2,1,199400
2025,2,1,98500
2025,2,1,329600
2025,0,0,20589
2024,1,1,51100
2025,1,1,120275
2024,0,1,139000
2024,2,1,75800
2025,2,0,135800
2022,2,0,102663
2025,2,1,155800
2024,2,1,337250
2023,3,1,329500
2025,2,1,167500
2024,1,1,110000
2024,2,1,175308
2024,1,1,67700
2024,0,1,173500
2024,2,1,125553
2024,0,1,60000
2025,2,1,86000
2024,2,1,239600
2024,2,1,143100
2024,1,1,77000
2025,2,1,204000
2023,2,1,114000
2023,2,1,106200
2025,2,1,323000
2024,1,1,133896
2024,2,1,184000
2024,1,0,160000
2024,2,1,196500
2025,2,1,306640
2024,2,1,172000
2024,2,1,60000
2024,1,1,260625
2024,1,1,93948
2025,1,1,152100
2024,1,1,110261
2025,2,1,212750
2025,1,0,49263
2024,1,1,51000
2025,0,1,100000
2024,2,1,150405
2023,2,1,173100
2024,0,1,66560
2025,2,1,179000
2024,2,1,141440
2025,2,1,136000
2024,2,1,157500
2025,0,1,114000
2022,2,1,115934
2024,0,1,137972
2024,2,1,212750
2025,1,1,120000
2025,2,1,241600
2024,1,1,146875
2025,1,1,165000
2024,3,1,320000
2024,2,1,168700
2024,1,1,212800
2025,2,1,113840
2024,0,0,60000
2024,1,1,201884
2024,1,1,141000
2025,1,1,54600
2023,1,1,94400
2025,2,1,117200
2025,0,1,100000
2024,2,1,103685
2024,2,1,162950
2023,2,1,51962
2023,1,1,224400
2024,0,0,17600
2022,2,1,134760
2024,0,1,152000
2024,2,1,185000
2024,1,1,110100
2024,2,1,84600
2024,0,1,250200
2024,2,1,90000
2024,0,0,70000
2023,2,1,125000
2022,1,1,100000
2023,2,1,108308
2024,2,1,73700
2025,0,1,62000
2024,1,1,209000
2024,1,1,254245
2025,1,1,128400
2024,2,1,132918
2025,0,0,16000
2023,2,1,280000
2025,1,1,102000
2024,1,1,168600
2024,2,1,116000
2024,1,1,106700
2025,2,1,181050
2024,0,1,183600
2022,1,0,83864
2024,1,1,113000
2024,3,1,200500
2025,2,1,143000
2024,1,1,152400
2025,3,0,177488
2024,2,0,190000
2025,2,1,156160
2023,2,1,93000
2025,2,1,143896
2025,2,1,243340
2025,1,0,258000
2024,2,1,155000
2024,1,1,71000
2024,0,0,60000
2024,1,1,227950
2025,1,1,248700
2024,2,0,84111
2025,2,1,138000
2024,2,1,249800
2024,1,1,119000
2023,2,1,210000
2024,2,1,188640
2024,2,1,419750
2025,2,1,167981
2024,1,1,72000
2024,1,1,167200
2025,2,1,123755
2024,1,1,134100
2024,2,0,287500
2024,1,1,108500
2025,2,1,126100
2025,0,1,126350
2024,1,1,127500
2024,1,0,150000
2024,0,1,84996
2025,1,1,62000
2024,1,1,149000
2024,0,1,124805
2025,1,1,130500
2022,2,1,144000
2024,1,1,227600
2024,2,1,121253
2025,3,1,399100
2025,2,1,162073
2025,1,1,160000
2024,1,1,198000
2025,2,1,162400
2025,1,0,108000
2025,2,0,101265
2025,1,0,50185
2025,1,1,139406
2024,0,1,42000
2025,2,1,223400
2025,0,0,36000
2025,1,1,118700
2024,2,1,68000
2022,2,1,230000
2024,3,1,160000
2024,0,1,174600
2024,2,0,190000
2024,2,1,254400
2025,1,1,440000
2024,2,1,199000
2024,2,1,296100
2024,0,0,104800
2024,2,1,66417
2025,2,1,89000
2025,2,1,197100
2024,0,1,47000
2025,1,1,118000
2025,2,1,152200
2025,0,0,55000
2025,2,1,263000
2022,2,1,220000
2024,2,1,122300
2024,3,1,150405
2025,0,1,93230
2025,2,0,148073
2024,0,1,152000
2025,2,1,114400
2024,2,1,139000
2024,2,1,285000
2025,0,1,130000
2024,2,1,240292
2024,0,0,66447
2023,1,1,110000
2024,2,1,254600
2024,1,1,234000
2024,1,1,100000
2025,0,1,146000
2025,1,1,140000
2024,2,1,209700
2024,2,1,100000
2024,2,1,105301
2025,1,1,64500
2025,1,0,90000
2025,2,1,82783
2024,1,1,113000
2024,1,1,86000
2023,2,1,145000
2024,2,1,324000
2025,2,0,128300
2023,2,0,120000
2024,0,1,92000
2024,2,1,240922
2024,1,1,199700
2022,2,1,169000
2025,1,1,105920
2025,2,0,118736
2024,1,0,68561
2024,2,1,205000
2024,1,0,65000
2024,1,1,250000
2024,2,0,98461
2024,2,1,175300
2025,2,1,230000
2024,2,1,84600
2025,2,1,244000
2023,2,1,78000
2025,2,1,143200
2025,2,1,129168
2025,2,1,240800
2025,2,1,180393
2022,3,1,200000
2024,2,0,210000
2025,1,1,193000
2024,2,1,158500
2025,2,1,313000
2025,3,1,100000
2023,2,1,142000
2025,1,1,77200
2024,0,1,140000
2024,1,1,85200
2025,2,1,156310
2024,2,1,161900
2024,2,1,237650
2021,2,0,94665
2025,1,1,125000
2023,2,1,110600
2025,2,1,237000
2025,1,1,197200
2023,2,0,51824
2024,2,0,64813
2023,2,0,225000
2024,1,1,150000
2025,1,1,143900
2024,1,1,233471
2025,2,1,142025
2025,2,1,143884
2025,2,1,124400
2024,1,1,114080
2025,1,1,183500
2024,1,0,110630
2024,0,0,25960
2024,1,1,92300
2024,2,1,243300
2025,0,1,98400
2025,1,1,147000
2024,0,1,105000
2024,2,1,185600
2025,2,1,146000
2024,0,1,65100
2025,0,1,144000
2023,3,0,162288
2025,1,1,176645
2023,2,0,153799
2022,2,1,80000
2024,2,0,215000
2024,2,1,256000
2024,0,0,57250
2024,2,1,129200
2025,2,1,115277
2025,2,1,137700
2024,2,1,177000
2025,2,1,196100
2024,1,0,83217
2024,2,1,97400
2023,2,1,82920
2024,2,1,185000
2025,2,1,264500
2024,2,1,266482
2024,0,1,162240
2024,2,1,110700
2025,2,1,138720
2024,1,0,53333
2024,2,0,100000
2024,2,1,74000
2023,2,1,296400
2024,1,1,212000
2025,2,1,174000
2024,0,0,55200
2024,0,0,93109
2025,2,1,112700
2024,1,0,54131
2024,1,1,200200
2025,1,0,120000
2024,2,1,149000
2024,2,1,166700
2022,1,0,65000
2025,1,0,105874
2024,2,1,240500
2024,0,1,93900
2024,2,1,71986
2024,1,1,86000
2024,2,1,96000
2025,2,0,126000
2025,2,1,199500
2025,2,1,116000
2024,2,0,77777
2024,2,1,179604
2024,1,1,164000
2024,1,1,167500
2024,2,0,121250
2024,2,1,189000
2025,2,1,149260
2024,2,0,113000
2024,2,1,109100
2024,2,1,320000
2024,2,1,116900
2024,2,1,140000
2025,2,1,120000
2024,2,1,112200
2023,2,1,212000
2024,2,1,155000
2025,2,1,207750
2024,1,1,178200
2025,0,1,275000
2025,3,0,354430
2024,2,1,96600
2023,1,1,97750
2024,0,1,97500
2021,3,0,130026
2024,0,1,62400
2025,1,1,213000
2025,2,1,137600
2024,2,1,160000
2025,2,1,314000
2024,2,0,120000
2024,1,1,264200
2024,1,1,176000
2024,2,1,210000
2024,2,1,178200
2024,2,0,123000
2024,1,1,80000
2024,2,1,164300
2024,0,1,75000
2025,2,1,126802
2025,1,1,150000
2024,3,1,265080
2025,1,1,37000
2025,1,1,88000
2024,3,1,143858
2024,2,0,167600
2024,2,1,97800
2023,1,1,54000
2024,2,1,257900
2025,2,1,96200
2024,1,1,271000
2023,2,1,283200
2024,1,1,172400
2025,2,1,181200
2024,2,1,210100
2025,3,1,155880
2024,1,1,125000
2024,1,0,109125
2024,0,1,62000
2024,2,1,105000
2024,1,0,286000
2024,1,1,137750
2024,2,1,142800
2024,1,1,179000
2023,2,1,145000
2024,2,1,164000
2025,2,1,103290
2025,0,1,121900
2025,1,1,95000
2025,2,1,211000
2024,1,1,87500
2024,0,1,120000
2024,1,1,71800
2024,0,0,157900
2024,2,1,142500
2024,2,1,133000
2024,1,1,220900
2024,2,1,74500
2025,0,1,227900
2021,0,1,90000
2025,2,1,222480
2025,2,1,278500
2024,2,0,108100
2025,2,1,360000
2024,0,1,135000
2025,1,1,207485
2023,1,1,166000
2024,1,1,26666
2024,2,0,117000
2025,1,1,130350
2024,1,1,115000
2024,1,1,75000
2024,1,1,220000
2024,0,0,68750
2024,1,1,143100
2024,1,1,130000
2024,2,1,97600
2024,1,1,90000
2024,2,1,192840
2023,0,1,100000
2024,2,1,200000
2025,2,1,147000
2025,1,1,142200
2025,2,1,187000
2025,0,1,63590
2022,3,1,182160
2024,0,1,40000
2025,0,1,198000
2025,2,1,231000
2024,1,1,300000
2024,2,1,101180
2024,0,1,89300
2024,2,1,183300
2024,1,0,24000
2024,0,1,183000
2025,2,1,105000
2024,3,1,107784
2023,0,1,64000
2024,2,1,214200
2024,1,1,158620
2025,2,1,101880
2024,2,1,160000
2025,2,1,309000
2025,1,0,105314
2023,1,1,59500
2025,2,1,264200
2024,1,1,360000
2025,1,1,134000
2025,1,0,88421
2024,0,1,58125
2025,2,1,87280
2025,1,1,195000
2023,2,0,45150
2024,2,1,295000
2024,1,1,120000
2025,1,1,250000
2025,2,1,115704
2024,2,1,79600
2025,2,1,94000
2025,2,1,183752
2024,2,0,66666
2025,1,1,145537
2024,2,1,126480
2025,1,1,160000
2025,2,1,200000
2025,2,1,185000
2025,2,1,100000
2024,2,0,80000
2024,0,1,48000
2024,2,1,90000
2023,2,1,85000
2024,1,1,135000
2025,1,0,69400
2024,1,0,122544
2024,2,1,368640
2023,2,1,202500
2024,1,1,62000
2024,2,1,129300
2025,1,1,91200
2025,2,1,220120
2025,2,0,250000
2023,2,0,94000
2023,2,1,208000
2025,2,1,171000
2025,0,1,98300
2024,2,1,101400
2024,2,1,115889
2024,1,1,178000
2024,2,1,128250
2025,2,1,121500
2024,1,1,78300
2025,0,1,355000
2024,2,1,150535
2023,2,1,142200
2025,2,1,189000
2025,2,1,175800
2023,2,1,207611
2024,0,1,115000
2024,2,1,293250
2024,2,1,174000
2023,2,1,288000
2024,2,1,242200
2024,2,1,136100
2024,2,1,191000
2025,2,1,165000
2024,2,1,135000
2024,2,1,187145
2024,0,1,118500
2024,2,1,215000
2025,2,1,73800
2024,1,1,321632
2022,0,1,100000
2025,2,1,158600
2024,1,1,64890
2023,1,1,82452
2022,2,1,109280
2024,3,1,176000
2025,2,1,295000
2025,2,1,268056
2025,2,1,110720
2025,2,1,385000
2024,1,1,83100
2024,1,1,168000
2024,1,1,214032
2024,1,1,125000
2024,2,1,142600
2024,2,1,283800
2025,1,1,137510
2025,2,1,140500
2025,1,1,225000
2025,0,1,87795
2024,2,1,168000
2025,2,1,191000
2025,3,1,298515
2024,2,0,166000
2024,1,1,114000
2025,2,0,100000
2024,2,0,31250
2025,1,1,232000
2024,2,1,147500
2024,2,0,40000
2024,1,1,80000
2025,2,1,170000
2025,2,0,209357
2025,2,1,94300
2024,1,1,150000
2025,3,1,250000
2025,2,1,130000
2024,2,0,112500
2024,1,1,128402
2024,2,1,116900
2025,2,1,54000
2025,2,1,204500
2025,1,1,107950
2025,1,1,100259
2025,1,0,45417
2024,2,1,135100
2025,2,1,209500
2025,2,1,250000
2023,0,1,86500
2025,2,1,89500
2025,1,1,122000
2024,1,1,162350
2025,3,1,175000
2024,0,0,43800
2025,0,1,108000
2025,1,1,165000
2025,2,1,99830
2024,2,1,144000
2024,2,1,85547
2025,1,1,260000
2024,0,1,104000
2024,2,0,88888
2024,2,0,108643
2024,2,1,150000
2024,2,1,175000
2024,0,1,99900
2025,1,1,142000
2024,2,1,181000
2024,1,1,154960
2024,2,1,208000
2024,2,1,266000
2022,1,1,115500
2025,1,1,74600
2024,2,1,264200
2025,2,0,139240
2024,1,1,75000
2024,0,0,17598
2024,2,1,143000
2024,1,1,143706
2024,1,1,87350
2024,0,1,168150
2025,2,1,79700
2024,1,0,32000
2023,2,1,122700
2025,2,1,240000
2024,1,1,120000
2025,2,1,186800
2024,2,1,130295
2024,2,1,190800
2024,2,1,109000
2025,2,1,119850
2024,2,1,100000
2024,1,1,147200
2024,2,1,330000
2024,1,1,187982
2023,1,0,127900
2025,1,1,143000
2024,2,1,359400
2024,2,1,112000
2025,2,1,131185
2024,2,1,99200
2024,2,0,175300
2023,2,1,215000
2024,2,0,150000
2025,0,1,141000
2024,2,1,88000
2024,3,1,248600
2024,2,1,180000
2025,2,1,175000
2024,1,1,91200
2025,2,0,100000
2023,1,1,58300
2024,2,1,144000
2023,2,1,145900
2024,1,0,78592
2024,1,1,192000
2025,1,0,99418
2024,0,0,60000
2025,1,1,95000
2025,2,1,222000
2024,1,0,72222
2024,2,1,175420
2025,2,0,47368
2024,2,1,137500
2025,0,1,56000
2024,2,1,255600
2023,2,1,144000
2024,1,0,43333
2024,2,1,309000
2024,1,1,221000
2025,2,0,158000
2025,2,1,109000
2024,1,0,41608
2024,2,1,75700
2024,2,1,500000
2024,2,1,83000
2023,1,1,160000
2024,2,1,103700
2025,1,1,364254
2021,0,0,76833
2025,0,1,36000
2024,2,1,178000
2024,2,1,247600
2025,2,0,36842
2025,2,0,120000
2025,2,1,178360
2024,2,1,158500
2025,2,1,97700
2025,0,1,216000
2024,1,1,90000
2025,2,1,161000
2024,1,1,140700
2025,2,1,114400
2024,1,0,24000
2024,2,1,365100
2025,0,1,63000
2024,2,0,75142
2024,2,1,118000
2024,2,1,222000
2024,2,0,110000
2024,1,1,165000
2024,2,1,190000
2025,3,1,248000
2024,1,1,264200
2024,3,1,145440
2022,1,0,54634
2024,2,1,243400
2025,1,0,120000
2023,1,1,209300
2024,0,1,150000
2024,2,1,160284
2025,0,1,82100
2024,1,1,89000
2025,2,1,170000
2024,1,1,158900
2024,2,1,109350
2025,2,1,265080
2024,2,0,144500
2025,2,1,133000
2025,2,0,150000
2024,1,1,119000
2025,1,1,104274
2024,2,1,236900
2023,2,1,78000
2025,1,1,110000
2025,2,1,132700
2025,0,0,29473
2024,2,1,226000
2025,2,1,151200
2024,2,1,90300
2025,2,1,97500
2024,2,0,99972
2023,2,1,178600
2024,1,1,267000
2025,2,1,117000
2024,1,1,145000
2024,2,1,174900
2024,2,1,165000
2024,2,1,201400
2025,2,1,249900
2024,1,1,60000
2024,1,1,174500
2025,1,1,125327
2025,1,1,189000
2024,1,1,68900
2024,1,1,129000
2024,2,1,206700
2024,1,1,80500
2024,2,1,85280
2025,2,1,128800
2025,1,1,42000
2023,2,1,111550
2024,1,1,138000
2025,2,1,190310
2025,2,1,340000
2024,2,1,105267
2025,1,1,161625
2024,2,0,88888
2024,0,1,198600
2024,1,1,165500
2025,1,1,125724
2023,3,1,225000
2024,2,1,332000
2024,2,1,123740
2024,2,1,242000
2023,2,1,125000
2023,0,0,47238
2025,2,1,108400
2023,0,1,163196
2023,2,1,325000
2024,1,1,165400
2024,1,0,114000
2025,1,1,125000
2024,1,0,81200
2022,2,1,136600
2024,1,1,171600
2024,2,1,174518
2024,0,1,122200
2024,1,1,150000
2025,2,1,226300
2025,1,1,235000
2024,2,1,50000
2025,0,1,40000
2024,2,1,155550
2024,1,1,177000
2025,2,0,94736
2025,0,1,113400
2025,2,1,225000
2024,1,1,120000
2024,1,1,180500
2024,1,1,54437
2024,2,1,105200
2025,2,1,171500
2024,2,1,174800
2025,2,1,314960
2024,2,1,199800
2025,2,1,103930
2024,1,1,260000
2024,2,1,270000
2024,2,0,200000
2024,2,1,205400
2024,2,1,108000
2023,1,0,60805
2024,1,1,200700
2023,1,1,158080
2024,0,1,65000
2025,1,1,210000
2023,2,1,215625
2025,1,1,199500
2025,2,0,220000
2025,2,0,78000
2024,2,1,207000
2024,0,0,49183
2024,2,1,200000
2024,1,1,156160
2025,2,0,132600
2025,1,0,133100
2023,1,0,55926
2024,1,0,75600
2023,2,1,80000
2022,2,0,80041
2025,3,1,60000
2023,0,1,60000
2024,2,1,118800
2024,2,1,75600
2024,2,1,162819
2023,1,1,150000
2025,2,1,20000
2024,2,1,375000
2024,1,1,93400
2025,1,1,236500
2024,1,1,106000
2024,1,1,124550
2025,2,1,100100
2025,2,1,337300
2023,2,1,275500
2024,1,1,202730
2025,1,1,170000
2024,2,1,135200
2022,2,1,216000
2023,2,1,257000
2025,2,1,42000
2024,2,1,69200
2024,2,1,93300
2024,1,1,95776
2024,2,1,188750
2023,2,1,202400
2024,2,1,180000
2025,1,1,148850
2025,0,1,54163
2024,1,1,112900
2022,2,1,145000
2024,2,1,232000
2024,1,1,135072
2024,1,1,159066
2025,2,1,123000
2025,2,1,235620
2024,1,1,161000
2025,2,1,175000
2025,3,0,132913
2023,1,1,73400
2025,1,0,62484
2025,2,1,278875
2023,1,1,175000
2024,1,1,90000
2025,1,1,280000
2024,1,1,190000
2024,2,1,211300
2025,2,0,135800
2025,2,1,309100
2024,2,1,165000
2025,0,1,140016
2024,1,0,125000
2023,2,1,142500
2024,1,1,124600
2024,2,1,138500
2024,1,1,96000
2023,2,1,128000
2023,2,1,130000
2025,1,1,201000
2022,2,1,177000
2025,1,1,130000
2025,3,1,320000
2024,2,1,142600
2024,2,1,152000
2024,2,1,218900
2024,3,1,225000
2024,2,0,190000
2024,1,1,96000
2024,1,1,84600
2025,2,1,167500
2025,2,1,183500
2023,2,1,147000
2024,3,1,196000
2025,2,0,29561
2023,2,1,215000
2024,2,1,196000
2024,0,1,92900
2024,2,1,311900
2024,2,1,124000
2024,2,1,205940
2025,2,1,346200
2025,1,0,94604
2024,0,1,60500
2025,1,1,240000
2025,2,1,124950
2023,2,1,81800
2024,2,1,180000
2022,1,0,17805
2024,1,1,220300
2025,0,0,50632
2024,1,1,389500
2024,2,1,79300
2024,0,1,130000
2023,1,1,110000
2023,3,1,204500
2025,2,1,312200
2024,2,1,228000
2024,1,1,126000
2024,2,1,243500
2025,1,0,57894
2024,2,1,160000
2025,2,1,288400
2025,2,1,95500
2024,1,1,67000
2023,0,1,60000
2025,2,1,90000
2025,2,0,107142
2025,1,1,95295
2024,1,1,202000
2025,1,1,25263
2024,2,1,156965
2024,1,1,228000
2024,2,1,157000
2025,1,1,118657
2024,2,1,260000
2024,2,1,100000
2023,3,1,168000
2024,1,1,42120
2024,1,1,85000
2025,2,1,82000
2024,0,1,65000
2025,1,1,101820
2023,1,1,81800
2024,1,1,130000
2023,2,1,110841
2024,2,1,280000
2025,0,1,76024
2025,2,1,211900
2023,1,1,100000
2025,1,1,73200
2024,2,1,90900
2024,2,1,206700
2025,2,1,322325
2024,1,1,210554
2024,2,1,124080
2025,1,1,197000
2023,0,1,120000
2023,1,1,210000
2025,2,1,56000
2024,0,0,53550
2025,2,1,320000
2025,1,1,67236
2024,2,1,60643
2024,2,1,119574
2022,1,1,160000
2025,0,1,90000
2024,2,1,140000
2025,1,1,40500
2025,2,1,265300
2024,0,1,181500
2024,2,0,110000
2024,1,1,185700
2025,1,0,286000
2024,2,1,109000
2025,2,1,201400
2025,1,1,145000
2024,2,1,175600
2024,2,0,81250
2025,2,1,182500
2024,1,1,154500
2023,0,1,106100
2024,2,0,51250
2025,2,1,137600
2024,2,0,98500
2025,1,0,60493
2024,1,0,187200
2025,1,1,121732
2024,2,1,337250
2025,2,1,135000
2025,1,1,210000
2024,3,1,365100
2025,1,1,266400
2025,2,1,92500
2024,1,1,130000
2025,1,1,82527
2024,1,1,115704
2025,1,1,155000
2025,0,0,57000
2024,2,1,330146
2025,2,1,170000
2024,0,1,89000
2024,1,1,290000
2024,2,1,122800
2025,0,1,170000
2025,1,1,143700
2025,2,1,170770
2025,1,1,300000
2024,3,1,265500
2024,2,1,134800
2024,1,1,57500
2024,1,0,95000
2025,1,0,135272
2024,2,1,184300
2025,1,1,99902
2022,2,1,215000
2024,2,1,179000
2025,1,0,60000
2024,2,1,148500
2025,1,1,137860
2024,2,1,245000
2025,2,0,253000
2025,2,0,136333
2024,2,1,72600
2025,2,1,165000
2024,2,1,165000
2025,2,1,160000
2025,0,1,169000
2022,2,1,175000
2025,2,0,180000
2024,2,0,133700
2024,2,1,214000
2025,1,1,175000
2024,1,1,102500
2025,2,0,100000
2025,2,1,231200
2025,1,1,165900
2023,2,1,197000
2024,2,1,96800
2020,0,0,15966
2024,3,1,190000
2025,0,1,74893
2024,2,1,111600
2024,2,1,216315
2025,1,1,148500
2024,2,1,124000
2024,2,1,261500
2024,1,1,140400
2024,2,1,109100
2024,1,1,270000
2024,2,1,192900
2024,2,1,187770
2025,2,1,389500
2024,1,1,148000
2025,2,1,346000
2024,1,1,242100
2025,2,1,104200
2024,2,1,148000
2025,2,1,116645
2025,1,1,206200
2024,2,1,144300
2024,3,1,204000
2024,2,1,122000
2025,1,1,54000
2024,2,1,78000
2025,2,1,155000
2024,1,1,135000
2025,2,1,232000
2025,1,1,119267
2025,2,1,150000
2022,2,1,136000
2024,1,0,135384
2024,1,0,250000
2025,1,0,175000
2025,1,1,440000
2025,2,1,150500
2024,0,1,54300
2025,1,1,360000
2024,1,0,83200
2024,1,1,75000
2024,2,1,200000
2024,1,1,99700
2025,2,1,137439
2021,2,0,96282
2024,0,1,79700
2025,0,0,115240
2024,1,1,82468
2024,1,1,168000
2022,2,1,115000
2025,1,1,209657
2025,1,1,48000
2023,2,1,245700
2024,1,1,116300
2024,1,1,244400
2025,1,1,121363
2025,1,0,37527
2024,1,1,81120
2024,0,1,137750
2024,2,0,121000
2023,2,1,51000
2024,2,1,227000
2024,1,1,78700
2024,2,1,165100
2025,2,1,89500
2024,1,0,96649
2024,3,1,250000
2024,2,1,159000
2025,0,1,46800
2024,0,0,75803
2024,1,1,73000
2024,1,1,221760
2023,1,1,105300
2025,0,1,95051
2024,0,1,56260
2025,2,1,153000
2024,1,1,77000
2025,2,1,157750
2024,1,1,91400
2024,1,0,94000
2024,2,0,100000
2025,2,1,450000
2024,2,1,218800
2024,0,1,39940
2024,1,1,144600
2024,1,1,54000
2025,2,1,131600
2025,1,1,72000
2025,2,1,70000
2025,2,1,144000
2024,2,0,155000
2023,2,1,184700
2025,2,1,48000
2024,2,1,94200
2024,0,1,95000
2025,0,0,60000
2024,0,1,130400
2024,1,1,167812
2023,2,1,125000
2025,2,1,130229
2025,2,0,139240
2025,2,1,65900
2024,2,1,283000
2024,1,0,109000
2023,2,1,108768
2024,0,1,60000
2024,1,1,52000
2024,2,0,75000
2025,2,1,129000
2024,1,1,91431
2024,1,1,87360
2024,1,1,175644
2025,2,1,134500
2025,0,1,63800
2024,2,1,100000
2024,0,0,78800
2024,2,1,180000
2024,2,1,231500
2025,2,0,76700
2024,2,0,57066
2024,2,0,292300
2025,1,1,108000
2024,1,1,221000
2023,2,1,161500
2025,0,0,86488
2025,2,1,248400
2024,2,1,119200
2024,1,0,25000
2024,2,1,88854
2024,2,1,141440
2023,2,1,113900
2024,1,1,110000
2025,2,1,153500
2025,1,1,148320
2024,0,1,129200
2025,1,0,63157
2024,2,1,231000
2024,0,1,177777
2025,2,1,183580
2025,1,1,135000
2025,2,1,308000
2025,1,1,410000
2024,1,1,68898
2024,2,0,146195
2025,1,1,197730
2024,2,1,117200
2025,2,1,250200
2025,1,1,110000
2025,1,1,212800
2025,1,1,225000
2025,2,1,153100
2024,0,1,72862
2025,0,0,79200
2025,1,1,222850
2024,1,1,85000
2024,2,1,71500
2024,1,1,37500
2025,2,1,119700
2024,2,1,165400
2025,2,1,205000
2025,2,0,128000
2024,2,1,288300
2025,2,1,112000
2024,2,1,92000
2024,2,1,168890
2025,2,1,105230
2024,1,0,44444
2024,2,1,146232
2024,0,1,148960
2025,2,1,164780
2025,2,1,94600
2024,2,1,268000
2024,1,1,134000
2023,2,1,107100
2024,2,1,165000
2023,0,1,120000
2023,1,1,161500
2025,3,1,140000
2025,2,0,97009
2025,2,1,425500
2022,1,1,165000
2023,0,1,73100
2024,2,1,96600
2024,0,0,50000
2023,2,1,179170
2025,0,0,79440
2025,0,0,59992
2025,2,1,93724
2025,2,1,117300
2024,2,0,96153
2025,1,1,191600
2024,2,0,168400
2024,1,1,204000
2025,2,1,332000
2024,1,1,100000
2024,3,1,142500
2024,1,1,220000
2025,2,0,174980
2024,2,1,321000
2024,1,1,163100
2025,1,1,161000
2024,1,1,213000
2025,1,1,176000
2024,2,1,123084
2024,1,1,159850
2025,1,0,112800
2025,0,1,98300
2024,1,1,75600
2024,2,1,149250
2024,0,1,68405
2021,1,1,73000
2024,1,0,48000
2024,1,1,177688
2024,2,1,148000
2024,2,1,175500
2024,2,1,110435
2024,2,1,207000
2025,2,1,87050
2025,2,1,133900
2024,2,1,267100
2025,2,1,190000
2025,1,1,140000
2025,2,0,101265
2024,2,1,299000
2024,2,1,198600
2023,0,1,125000
2025,1,1,154000
2023,2,1,186030
2024,2,1,204000
2025,1,1,62000
2024,2,1,337250
2025,1,0,119000
2025,1,1,104000
2025,1,1,120000
2024,1,1,108100
2024,1,1,166600
2025,1,1,130206
2024,2,1,121700
2024,1,1,196560
2024,2,1,140109
2024,2,0,170000
2025,2,1,215000
2024,2,1,92500
2025,1,1,78555
2024,2,1,143000
2025,2,1,133000
2025,2,1,108100
2024,0,1,41419
2023,2,0,70179
2024,2,1,229000
2023,1,1,83000
2024,0,1,140000
2024,2,1,87100
2025,1,0,88421
2024,2,1,96000
2025,1,1,360000
2024,1,0,110000
2024,1,1,125400
2025,2,0,103073
2025,1,1,112500
2023,1,1,73100
2024,0,1,55600
2024,1,1,126400
2025,2,0,113924
2025,0,1,262000
2024,1,1,127000
2024,2,1,165000
2025,1,1,80000
2023,2,0,91773
2024,0,1,100000
2024,3,0,89840
2024,1,0,68975
2024,2,1,186000
2024,1,1,90000
2025,1,1,71100
2024,3,0,114638
2023,2,1,133832
2024,0,0,106025
2024,2,1,113600
2025,1,1,283400
2025,3,1,117002
2024,0,1,37000
2025,1,1,160000
2023,2,1,134500
2025,1,0,268000
2024,2,1,125000
2024,2,1,210900
2024,2,1,283500
2025,1,1,70000
2024,2,1,196052
2025,1,1,153925
2024,1,1,136300
2025,1,1,109350
2020,2,0,148261
2025,1,1,165100
2025,2,1,272000
2024,2,1,156000
2025,1,0,93000
2025,2,1,126650
2025,1,1,68520
2025,2,1,165000
2025,2,1,121000
2024,2,1,240960
2025,0,0,21006
2025,2,1,191600
2025,2,1,239900
2025,2,1,212400
2024,2,0,58106
2024,1,1,91200
2025,1,1,343000
2024,1,1,168000
2025,1,1,160000
2024,3,1,322300
2024,2,1,149000
2025,2,1,199143
2021,1,1,140000
2024,2,1,140000
2025,1,1,92000
2023,2,1,145300
2024,2,1,110300
2024,2,1,146500
2024,1,0,49333
2025,1,0,38947
2024,2,1,85000
2023,1,1,88000
2024,1,1,41540
2025,0,1,82100
2024,0,1,56000
2025,0,1,110000
2024,2,0,101626
2022,2,0,178000
2025,1,0,86250
2025,2,1,183000
2022,0,0,52008
2023,2,1,109400
2024,2,1,200000
2024,0,1,120037
2024,2,1,101500
2025,2,1,133400
2025,3,1,100000
2025,0,1,75600
2024,3,1,252000
2024,3,1,176000
2024,2,1,202000
2025,1,1,110000
2024,2,1,234700
2024,2,1,125500
2025,1,1,129700
2023,2,1,113400
2024,0,1,157450
2024,1,1,106500
2024,0,1,105500
2025,0,1,117180
2024,2,1,175000
2024,0,1,178200
2024,2,1,216000
2022,2,1,122600
2023,1,1,95000
2025,2,1,48000
2024,1,1,149000
2024,2,1,117200
2024,1,1,700000
2024,2,1,207530
2024,0,1,148100
2024,2,1,183000
2024,1,1,202000
2024,2,1,143706
2024,1,1,92000
2024,2,0,74270
2025,2,1,170000
2024,2,1,79310
2024,2,0,225000
2024,2,0,46200
2025,2,1,119881
2025,2,1,107814
2024,2,1,177900
2025,2,1,132300
2024,0,1,144900
2024,1,1,142300
2025,2,1,246000
2024,2,1,261000
2024,2,1,180200
2024,2,1,124800
2024,1,1,266875
2024,1,1,215000
2024,2,1,155000
2023,1,1,60400
2024,1,1,95200
2025,1,1,151100
2025,1,0,27789
2024,1,1,60900
2023,2,1,228000
2024,1,1,168000
2025,2,1,312730
2023,2,1,152000
2024,3,0,200000
2024,1,1,400000
2025,1,1,338270
2025,2,1,222700
2024,1,1,96600
2024,2,1,62900
2024,0,1,86260
2025,0,1,135600
2024,3,1,183400
2024,2,1,127000
2025,1,1,62400
2024,3,1,157500
2024,0,0,92000
2024,1,1,87558
2025,1,1,180500
2025,0,1,105000
2024,3,1,233500
2023,2,1,247300
2025,0,1,90000
2025,0,1,102000
2024,2,1,70000
2025,1,1,166320
2024,1,1,92879
2025,1,1,210000
2024,2,1,92900
2024,2,1,358000
2024,2,1,284300
2024,2,1,225000
2025,1,0,18000
2024,1,1,68000
2024,1,1,175800
2023,2,1,138900
2025,2,1,136200
2024,2,1,274400
2025,3,1,122500
2025,2,1,219300
2024,2,0,155307
2025,0,1,300000
2025,1,1,78530
2025,3,1,230000
2024,2,1,155360
2024,1,1,234500
2024,2,1,161000
2024,1,1,280000
2024,0,0,83646
2024,2,1,75000
2024,1,1,89200
2024,2,0,186875
2025,2,1,101000
2025,2,1,158620
2024,0,1,115000
2025,2,1,340000
2024,2,0,178000
2022,2,1,171000
2024,1,1,241600
2025,1,1,85000
2025,1,1,80000
2025,1,1,115500
2025,2,1,120800
2024,2,1,100192
2024,2,1,156100
2024,2,1,204400
2024,2,1,300200
2025,2,1,170000
2023,2,1,197400
2023,3,1,220000
2024,1,1,53000
2024,2,1,264000
2024,0,1,114400
2024,2,1,322300
2024,2,1,167500
2023,2,1,284310
2025,3,1,170000
2022,1,0,15000
2024,2,1,136218
2024,1,0,92160
2024,2,1,355000
2025,2,1,83200
2025,1,1,159100
2023,0,1,160000
2025,0,0,55604
2024,1,1,190000
2025,2,1,104600
2024,2,1,297700
2024,2,1,171903
2025,2,1,210985
2025,0,1,108000
2024,1,1,119200
2025,1,0,74800
2023,2,0,102492
2025,2,1,138000
2025,1,0,50526
2024,1,1,150000
2023,1,1,91000
2024,1,1,82000
2024,1,1,172200
2025,2,1,109000
2025,1,1,80000
2025,1,1,205340
2025,2,1,244920
2024,2,1,130000
2024,2,1,323400
2024,2,1,181300
2025,2,1,117692
2024,1,1,150000
2023,2,1,225000
2024,2,1,189110
2024,1,1,102200
2024,1,0,30000
2023,1,1,65000
2024,0,1,89250
2024,1,1,119200
2025,2,1,208000
2024,2,1,105600
2025,1,0,159000
2025,2,1,149000
2025,1,1,186000
2024,2,1,181600
2024,2,1,155000
2025,2,1,134400
2025,3,0,177215
2025,1,0,57688
2024,1,1,107700
2023,2,1,116455
2024,2,0,76923
2025,1,1,80000
2025,1,1,161400
2025,0,1,105100
2025,0,1,250000
2023,2,1,206000
2024,2,1,166400
2024,1,1,105000
2025,2,0,135800
2024,2,1,213000
2025,2,1,270400
2024,1,1,227559
2025,2,0,71684
2025,2,1,190000
2025,0,0,91000
2024,0,1,56800
2025,2,0,62147
2024,0,1,194750
2023,2,1,233000
2024,2,1,720000
2024,1,1,130000
2024,1,1,121000
2023,2,0,303387
2024,2,1,96000
2024,1,1,86400
2022,2,1,210000
2024,2,0,118000
2024,1,0,62500
2024,3,1,200000
2023,2,1,210550
2023,2,1,283200
2024,2,1,249950
2025,1,1,66000
2023,1,1,97000
2024,2,1,143000
2024,1,1,135111
2025,1,1,67000
2024,1,1,173910
2024,1,1,100000
2024,2,1,98000
2024,2,1,124331
2025,2,1,173689
2025,1,0,164556
2024,1,1,355000
2025,2,1,180000
2024,1,1,173000
2025,2,1,157250
2024,0,1,88200
2025,1,1,150000
2024,2,1,237400
2024,1,1,165200
2025,2,1,212000
2025,1,1,180800
2023,1,0,40000
2024,0,0,42911
2025,2,1,150000
2024,2,1,78800
2024,1,1,102858
2025,1,1,76951
2024,1,1,98300
2024,1,0,69253
2024,2,1,103800
2024,1,1,97000
2024,2,1,137500
2024,2,1,219100
2024,1,1,258750
2024,2,1,160000
2024,1,1,247250
2024,2,1,167200
2022,1,1,170000
2025,2,1,98200
2024,0,1,88800
2024,1,1,168888
2025,1,1,149000
2024,1,1,30000
2024,0,1,127650
2025,2,1,90000
2024,1,1,213815
2025,2,1,90000
2025,1,1,310000
2024,2,1,178090
2023,2,1,212000
2024,1,1,114557
2024,0,1,137400
2023,0,0,215936
2025,2,1,194700
2024,1,1,78801
2024,1,1,115290
2025,1,1,158600
2024,2,1,133900
2024,3,1,180000
2025,1,1,170000
2025,2,1,142700
2024,1,1,77900
2024,1,1,152375
2025,2,1,132000
2024,1,1,55000
2025,3,1,525000
2024,2,1,284280
2023,1,1,180000
2024,1,1,158400
2025,2,1,160926
2024,2,1,90146
2025,2,1,225600
2024,2,1,207750
2024,2,1,85000
2024,2,1,148200
2025,2,1,170734
2025,2,1,170000
2025,1,1,127800
2025,1,1,111000
2023,2,1,145900
2025,1,1,208300
2024,2,1,165000
2025,1,1,68123
2025,1,1,140700
2024,2,1,268000
2023,2,1,239080
2024,2,1,195500
2024,0,1,85000
2025,1,1,150700
2023,1,1,95490
2025,1,1,158000
2025,2,1,200200
2024,2,1,86390
2024,1,1,355000
2025,1,1,170890
2024,2,1,398983
2025,1,1,51480
2025,0,1,67000
2024,2,0,55000
2024,3,1,205100
2025,2,1,173200
2024,0,1,52800
2024,2,1,146000
2022,2,1,120000
2024,2,1,213480
2024,0,1,81500
2024,1,1,142800
2025,1,1,189800
2024,0,1,81900
2024,2,0,166666
2024,1,1,160000
2023,2,1,183000
2024,2,1,104800
2025,1,1,197000
2024,1,1,112924
2023,1,1,170000
2025,1,1,100600
2024,1,1,159800
2025,2,1,175800
2024,1,1,103500
2025,1,1,235500
2024,2,1,97689
2024,0,1,75600
2025,2,1,167000
2024,2,1,243500
2025,2,1,170000
2022,3,0,84053
2025,2,1,119079
2024,0,1,72200
2024,2,0,215000
2024,1,1,220300
2024,2,1,110400
2025,0,1,137000
2023,2,1,204500
2024,2,1,240700
2025,1,1,720000
2024,2,1,319000
2025,0,0,15281
2024,0,1,132000
2025,2,1,303600
2024,2,1,109300
2024,3,1,180000
2024,1,1,293000
2024,2,1,308800
2025,1,1,20000
2025,2,1,149880
2025,3,1,165000
2024,2,1,363000
2024,2,1,259341
2024,3,1,160000
2024,2,1,88300
2025,1,1,72100
2024,1,1,106358
2024,1,1,156000
2024,1,1,91665
2024,2,1,145000
2025,1,1,120000
2024,2,1,136000
2025,1,0,113100
2025,2,1,196000
2024,1,1,159000
2024,2,1,182000
2024,1,1,200000
2024,2,1,229900
2025,2,1,74600
2025,2,1,119401
2025,0,1,86715
2024,1,1,75000
2024,2,1,224100
2025,2,1,109200
2025,2,0,74683
2025,1,1,120000
2025,2,1,152000
2025,2,1,180000
2024,1,1,160520
2025,2,0,170000
2025,2,1,278000
2025,2,1,356500
2024,0,1,85000
2024,2,1,112000
2024,1,1,101083
2025,2,0,131500
2024,2,1,172000
2025,1,1,251600
2025,1,1,87000
2024,2,1,142370
2025,0,1,93770
2024,2,0,75000
2023,2,1,135960
2024,1,1,408623
2024,0,0,88933
2025,1,1,137200
2025,2,0,63751
2024,2,1,173000
2024,2,0,44133
2023,2,0,244000
2025,2,1,96000
2025,2,0,198000
2024,2,0,300000
2024,1,1,107000
2024,2,1,85300
2023,1,0,86128
2025,0,0,44000
2022,2,1,105000
2023,2,1,230000
2025,2,1,175000
2024,0,0,49183
2024,1,0,68750
2025,2,0,96428
2024,1,1,221400
2025,1,1,100000
2024,2,1,300000
2025,1,1,122000
2022,0,1,180000
2024,2,1,251600
2025,0,1,44660
2025,1,1,109000
2024,2,1,197438
2024,1,1,61267
2023,1,0,81206
2024,2,1,103275
2024,0,1,69000
2023,1,1,90000
2024,1,1,118800
2023,2,1,135000
2024,0,1,45864
2024,0,1,117220
2024,1,1,200000
2024,0,1,63450
2024,0,1,116000
2024,2,1,166500
2024,2,1,500000
2024,2,1,227900
2025,2,0,75949
2025,2,1,95000
2025,0,0,150000
2024,0,1,89305
2022,2,1,243000
2024,1,1,243000
2023,0,0,43064
2024,2,1,94700
2023,2,1,133300
2023,0,1,49000
2023,2,1,138600
2024,2,1,158500
2025,2,1,213000
2025,1,1,146800
2025,2,1,458000
2024,2,1,260000
2025,2,1,222480
2024,1,1,135000
2025,2,1,180000
2024,1,1,49000
2024,1,1,108550
2025,1,1,103000
2022,2,1,128500
2024,1,0,124300
2024,2,0,60000
2024,0,1,55900
2024,2,1,205500
2025,2,1,322875
2024,2,1,139800
2023,2,1,240000
2024,2,0,144252
2024,2,0,77051
2023,2,1,65000
2025,2,1,149500
2024,2,1,211000
2024,0,1,261250
2024,1,1,129100
2024,1,1,77360
2024,2,0,145000
2023,2,1,281000
2025,0,1,155300
2023,2,1,156560
2023,2,0,113000
2025,1,1,130250
2025,2,1,163600
2025,1,1,124000
2024,0,1,60532
2024,1,1,153000
2025,2,0,117857
2024,2,1,89100
2024,1,1,133000
2024,0,1,63444
2025,0,0,17394
2024,2,0,100625
2024,2,1,128000
2025,2,1,237500
2025,1,1,106500
2024,2,1,258000
2024,2,1,150400
2025,2,1,165928
2024,2,1,130900
2024,1,1,149300
2025,1,1,72250
2024,2,1,210000
2024,2,0,103846
2025,2,1,257800
2024,2,1,146600
2024,1,1,216000
2023,2,1,236160
2024,0,1,106000
2023,2,1,161800
2024,1,0,53950
2025,2,0,56962
2024,1,1,132300
2025,1,1,84600
2025,2,1,111354
2024,1,0,98000
2024,2,1,201700
2025,2,1,147000
2022,2,1,172200
2024,0,0,59623
2024,2,1,175800
2025,1,1,213400
2024,1,1,176800
2024,1,0,68750
2024,2,1,233000
2025,2,1,304750
2024,0,1,74250
2023,2,1,208450
2025,2,1,264200
2024,2,1,259217
2023,2,1,108000
2024,2,1,113840
2025,1,1,73000
2025,2,1,320000
2023,2,1,65000
2024,2,0,93750
2024,2,0,129264
2023,1,0,38868
2024,1,1,151800
2024,2,0,167000
2024,1,1,142300
2024,2,1,177500
2024,2,1,103685
2024,2,1,125000
2024,0,1,74500
2024,1,1,123000
2023,2,1,139810
2025,0,1,69050
2024,1,1,83000
2023,2,1,223000
2025,2,1,201000
2024,2,1,157000
2024,1,1,226000
2025,0,1,120000
2024,1,1,110000
2025,2,1,350763
2025,2,0,51789
2025,2,1,95000
2024,2,1,175300
2025,0,1,177000
2025,2,1,221700
2022,1,0,60938
2024,2,1,100000
2025,2,1,280000
2024,3,1,332000
2024,2,1,160100
2024,1,1,70000
2025,2,1,85150
2024,2,1,323000
2024,2,1,120000
2024,2,1,220611
2024,2,1,135000
2025,2,1,140000
2024,1,1,69690
2024,1,1,252000
2024,0,1,77026
2023,2,1,139200
2024,1,1,149100
2024,2,1,94200
2024,2,1,84600
2025,1,1,120000
2024,2,1,161500
2024,0,1,198000
2024,2,0,189000
2024,2,1,265200
2024,2,0,69230
2025,2,0,108800
2024,1,1,143706
2025,2,1,251600
2025,2,0,63291
2023,2,0,75577
2024,2,1,212160
2025,2,1,173240
2024,1,1,119000
2025,0,1,130900
2024,2,1,105070
2025,1,1,70400
2025,2,1,88000
2025,3,1,225000
2024,2,1,134550
2024,1,1,162000
2025,0,1,78000
2023,3,1,180500
2023,2,1,222000
2025,0,1,81900
2024,1,1,98750
2024,1,1,169813
2024,1,1,108557
2025,2,1,126000
2024,2,0,85000
2024,1,1,179270
2025,0,1,108900
2024,2,1,172900
2024,1,1,156000
2022,0,0,56536
2025,1,1,80000
2025,2,1,232000
2023,2,1,247250
2024,2,1,184920
2025,2,0,84210
2025,2,0,159000
2024,1,0,121600
2024,2,1,205200
2023,0,0,120000
2024,1,0,227240
2020,1,0,42197
2025,0,0,47142
2025,1,1,144650
2024,2,0,170000
2024,1,1,270000
2024,3,1,225000
2025,2,1,86840
2025,1,0,411392
2025,1,1,320800
2025,2,1,173211
2024,2,1,272000
2025,2,1,99100
2025,0,0,129500
2023,0,1,47840
2024,2,1,311000
2024,1,1,75600
2025,1,1,123000
2024,0,1,91200
2025,1,1,253500
2024,1,1,122700
2024,2,1,216000
2024,2,1,166400
2024,2,1,148000
2025,1,1,106899
2024,1,1,76050
2025,0,1,92900
2025,2,1,119076
2024,2,1,75000
2023,1,1,240000
2024,2,1,163200
2022,2,0,120000
2025,2,1,184000
2025,2,1,132000
2025,2,0,210000
2023,2,1,115440
2025,2,1,247228
2022,2,1,184700
2024,2,1,181800
2024,2,1,125500
2024,1,1,234700
2024,2,1,181990
2024,1,1,138000
2025,2,1,172000
2024,1,1,99000
2025,2,1,100983
2024,1,1,61200
2024,1,1,118000
2024,1,1,95500
2024,1,1,120000
2024,1,0,104000
2025,0,1,151000
2023,2,1,154836
2023,2,1,117000
2023,2,1,133000
2024,2,1,139050
2022,2,1,186000
2024,1,1,164200
2024,0,1,52030
2025,1,1,123000
2024,2,0,85800
2024,0,0,78308
2024,2,1,177600
2024,1,1,124000
2024,2,1,252174
2025,0,1,132000
2024,1,1,270000
2024,1,1,81978
2022,2,1,110000
2023,2,1,151600
2024,3,1,217350
2025,2,1,164850
2025,2,1,137300
2024,2,1,122500
2024,1,1,145290
2025,2,1,244700
2024,2,1,239040
2024,1,1,320000
2024,3,1,201601
2025,2,0,30000
2025,1,1,231600
2024,2,1,92036
2024,1,1,66379
2024,1,1,60800
2024,2,1,176600
2025,2,1,213000
2024,2,1,234500
2024,0,1,42000
2024,2,1,173300
2024,2,1,345000
2025,1,1,52696
2023,2,1,132000
2024,1,1,77000
2024,2,1,259000
2025,1,1,95100
2024,0,1,131000
2025,1,1,46765
2025,2,1,188885
2025,3,1,251000
2023,2,1,156453
2024,1,1,53500
2025,2,1,102200
2024,2,1,233000
2024,2,1,113500
2024,3,1,134000
2025,2,1,117200
2024,2,1,195500
2024,1,1,107525
2025,1,0,160000
2024,2,1,99600
2024,0,1,97525
2024,2,1,124779
2025,2,1,131200
2025,2,1,135300
2025,1,1,102000
2025,1,1,57500
2024,2,1,142500
2025,2,1,207800
2024,2,0,42600
2025,0,0,25316
2025,1,1,94700
2025,1,1,161000
2025,1,1,25263
2024,0,1,75600
2024,2,1,158680
2025,1,1,90496
2024,1,1,152894
2024,3,1,220000
2024,2,1,166000
2024,1,1,276000
2025,0,0,17684
2025,1,1,147390
2023,2,0,100000
2024,3,1,213000
2025,2,1,385000
2025,2,0,52556
2024,1,1,173000
2025,2,0,252900
2023,1,1,252990
2023,2,1,163800
2025,2,1,138911
2024,2,1,193000
2024,3,1,210000
2025,2,1,38000
2024,2,0,100000
2024,2,1,106400
2024,2,1,88560
2025,2,1,97600
2024,0,1,112781
2024,2,0,24346
2024,2,1,224000
2024,1,0,106890
2024,2,1,92118
2025,1,1,184800
2023,2,1,151250
2025,1,1,60000
2025,0,0,25000
2024,1,1,98153
2025,3,1,381000
2025,2,1,196389
2025,2,1,161600
2024,1,1,165000
2024,0,1,49100
2025,2,1,135400
2024,2,1,180200
2025,0,1,47000
2024,1,1,84200
2025,0,0,45203
2024,2,1,154360
2025,2,1,143100
2024,0,0,49333
2024,0,1,219000
2023,2,1,180250
2024,2,1,137600
2024,1,1,203000
2024,1,1,55000
2024,2,0,200000
2023,1,1,71000
2025,3,0,182815
2025,2,1,123200
2025,2,1,92500
2024,1,1,72000
2024,1,1,187300
2025,2,0,68421
2025,2,1,127000
2024,2,1,340000
2025,1,0,101858
2025,2,1,176924
2025,1,0,101265
2024,2,1,97100
2024,2,1,194000
2025,2,0,130000
2025,1,0,85000
2024,1,1,75000
2025,1,1,159500
2025,2,1,141950
2024,2,1,108500
2024,2,1,60890
2024,1,1,98592
2024,2,1,168630
2024,2,1,69300
2024,1,1,97097
2025,2,1,161000
2024,2,1,128000
2024,2,1,339250
2024,0,0,36266
2023,1,1,135000
2024,1,1,87100
2024,2,1,247250
2024,0,1,110000
2025,1,0,134810
2022,2,1,130000
2024,2,1,190000
2024,0,1,150000
2025,0,1,63008
2024,1,1,88500
2024,1,1,134000
2024,2,1,140250
2024,0,1,66578
2024,2,1,144660
2025,1,1,85250
2023,2,1,267000
2025,3,1,377000
2025,1,1,189600
2024,1,0,38525
2024,2,1,312600
2024,1,1,62028
2024,2,1,141300
2025,0,1,50000
2024,2,1,199800
2024,1,1,86950
2023,2,1,125000
2025,0,1,57029
2024,2,1,240000
2025,2,1,114333
2024,2,1,115800
2025,2,1,120900
2024,1,1,129100
2024,2,1,160000
2025,0,0,122784
2024,2,0,85000
2024,1,1,182395
2024,1,1,81950
2025,1,1,118000
2025,2,1,120800
2025,2,1,138600
2025,1,1,77500
2025,1,1,241000
2025,2,1,159800
2024,1,1,101400
2024,1,0,65555
2024,1,1,151000
2025,2,1,36000
2025,3,1,193900
2025,2,0,178000
2025,1,1,150000
2024,2,1,124839
2025,0,1,95520
2025,1,1,65000
2024,2,1,345000
2025,2,1,105560
2024,2,1,205000
2024,0,0,20700
2024,0,1,140000
2021,3,1,150000
2024,1,0,139777
2024,0,1,50000
2023,1,1,130100
2024,2,1,150000
2025,2,1,301200
2025,2,0,108800
2025,2,1,160000
2023,0,1,65000
2024,2,0,102880
2025,2,1,111974
2023,1,0,110367
2024,1,1,140100
2023,0,1,160800
2024,2,1,133000
2022,2,1,84900
2024,2,1,253000
2025,2,1,161000
2023,2,1,185000
2025,1,1,82700
2024,1,1,57582
2025,0,1,142000
2025,0,1,62500
2024,2,1,194810
2024,0,1,78000
2025,1,1,113071
2023,2,0,165400
2024,2,1,180500
2024,2,1,223600
2025,1,1,310000
2024,1,1,150650
2022,1,0,31520
2025,2,0,61164
2024,2,1,250000
2025,2,0,79893
2024,2,1,134700
2024,2,0,148543
2024,2,1,188000
2024,2,1,122111
2024,2,1,295000
2024,1,1,201400
2024,1,1,177670
2024,2,1,129960
2025,1,1,89400
2025,2,1,110000
2024,1,1,137000
2024,2,1,141000
2024,0,1,113500
2025,2,0,334300
2025,2,1,97983
2025,2,0,141000
2023,2,1,154000
2024,1,1,126900
2024,1,1,103000
2024,2,1,138000
2024,3,1,170000
2024,2,1,206000
2022,2,1,123400
2025,2,1,129750
2025,1,0,315789
2025,1,1,141340
2024,1,1,180000
2024,2,1,105800
2024,2,1,110100
2024,2,1,346500
2024,2,1,130000
2024,2,1,61600
2024,2,1,235200
2025,2,0,82300
2024,1,1,113600
2024,1,0,80000
2024,2,1,181000
2024,0,1,100000
2024,2,1,91000
2025,2,1,250000
2024,1,1,98900
2024,1,1,130000
2024,1,1,138000
2025,2,0,107142
2023,2,1,140000
2025,2,1,204000
2025,1,1,53100
2023,1,0,67056
2024,0,0,85000
2025,2,1,234000
2024,2,1,163300
2024,2,1,117864
2025,2,1,139100
2023,2,1,183500
2023,2,1,136000
2024,2,1,79269
2025,0,1,115000
2025,2,1,349000
2025,2,1,124500
2025,1,1,179240
2024,2,1,168336
2024,1,0,40000
2025,2,1,115000
2024,1,1,195840
2025,1,1,62000
2023,2,1,130000
2024,2,1,180900
2023,2,1,220000
2024,0,1,49300
2024,1,1,52760
2024,2,1,128000
2025,1,1,85900
2024,1,1,145000
2025,1,1,108800
2024,1,1,210000
2023,2,1,196000
2025,1,1,136000
2025,3,1,142500
2024,2,1,214000
2024,3,1,132500
2023,2,1,166364
2024,2,1,211800
2024,2,1,75400
2025,1,1,181000
2025,2,1,172000
2024,2,1,250944
2024,1,0,50000
2024,0,1,110000
2025,1,0,97700
2025,2,1,197100
2025,2,1,250200
2024,0,0,92160
2025,2,1,111000
2025,1,1,90000
2024,2,1,141990
2025,2,1,145500
2025,0,1,105295
2024,2,0,62500
2024,1,0,230000
2024,1,1,147400
2024,2,1,180000
2024,0,1,125000
2024,0,1,83000
2024,2,1,175950
2023,1,0,86128
2023,2,1,128250
2024,0,1,129792
2024,1,0,86600
2024,2,1,296300
2025,2,1,275000
2024,2,1,213480
2024,1,0,46666
2024,2,1,198065
2024,0,1,137400
2025,2,1,305300
2024,2,1,195500
2022,2,1,182000
2023,2,0,168000
2024,2,0,161500
2025,2,1,168000
2024,2,1,226158
2025,2,1,186005
2025,2,1,220000
2023,1,1,212000
2025,2,1,98500
2024,1,1,124683
2023,2,0,71259
2025,1,1,104000
2025,2,0,95000
2024,2,0,125000
2025,2,1,166000
2025,3,1,232500
2024,1,0,70000
2025,3,1,193700
2024,1,0,31187
2025,0,1,65000
2025,1,1,58280
2024,2,1,230000
2024,1,1,73000
2025,2,1,107400
2024,1,1,123000
2024,2,1,189800
2023,1,1,20000
2022,2,1,137141
2022,2,1,245100
2025,1,1,174000
2025,2,1,64000
2025,1,1,114750
2025,0,1,65342
2024,1,1,68123
2024,2,1,143300
2025,1,1,84480
2024,0,1,69520
2025,0,1,100000
2024,1,1,182670
2024,2,1,84500
2023,2,1,232989
2024,0,0,437502
2025,0,1,111800
2023,2,1,259000
2024,0,1,76800
2025,1,1,54200
2024,0,1,69000
2024,2,1,296000
2024,0,1,195500
2025,2,1,208145
2025,1,1,102419
2024,0,0,70000
2024,2,1,123525
2024,2,1,93838
2023,1,1,105320
2021,1,1,112000
2023,0,1,179000
2023,1,1,160000
2024,2,1,155000
2025,2,1,198300
2024,2,1,276000
2022,1,1,48000
2024,2,1,101500
2025,2,1,160000
2024,0,1,75800
2024,2,1,116500
2024,1,1,275000
2024,1,1,80000
2025,2,1,189175
2024,1,1,101098
2023,2,1,134000
2025,2,1,162000
2024,2,1,234900
2024,0,1,81900
2022,1,1,65000
2024,1,1,122283
2025,2,1,61404
2024,2,1,148049
2024,2,1,290700
2024,0,0,47868
2024,2,1,273700
2024,1,1,40000
2025,2,1,107000
2024,0,1,72600
2025,2,1,219200
2024,1,0,123620
2025,2,1,306280
2024,1,1,90480
2024,0,1,140000
2024,2,0,113636
2024,1,1,174000
2024,2,1,92300
2025,2,1,116700
2025,1,1,212800
2024,2,1,101000
2024,2,1,215625
2024,0,0,43750
2025,2,0,88607
2025,2,1,104000
2025,0,0,40610
2025,2,0,143037
2025,1,1,185700
2025,0,1,60000
2025,1,1,310291
2024,2,1,257300
2024,2,1,108500
2024,2,1,216500
2024,3,1,334800
2025,1,1,205000
2025,3,1,156160
2024,2,1,120700
2023,2,1,105200
2024,2,1,128539
2023,2,1,167000
2025,2,1,216000
2025,1,1,130000
2025,1,1,64890
2024,0,1,142300
2024,1,1,97300
2025,1,1,145548
2025,2,0,91746
2024,2,1,134320
2024,2,1,168600
2025,1,1,130000
2024,3,1,143100
2024,2,1,156499
2024,1,1,216600
2025,3,1,234240
2024,3,1,212000
2025,1,1,65000
2024,2,1,355000
2025,2,1,102400
2023,0,0,40747
2025,2,1,178090
2025,2,1,258100
2024,2,1,185350
2025,2,0,17465
2023,2,1,300000
2024,2,1,339500
2025,2,1,189200
2025,0,1,176150
2025,2,1,264000
2025,2,1,90400
2025,2,1,425500
2024,1,1,117200
2025,2,1,265080
2023,2,1,55000
2023,2,0,147648
2025,1,1,83000
2025,0,1,77976
2025,1,1,133681
2025,2,1,109000
2025,2,1,168200
2024,2,1,300000
2024,1,1,63500
2025,2,1,105550
2024,1,1,153972
2022,3,0,76309
2023,2,1,145000
2025,1,1,230000
2024,2,1,151800
2024,1,1,231000
2024,2,1,118514
2025,2,1,228790
2022,2,0,42026
2025,3,1,190000
2024,0,1,68850
2024,2,1,125760
2023,2,1,135000
2024,2,1,211500
2024,2,1,153850
2024,1,1,175100
2021,2,1,120000
2024,0,1,59500
2025,2,1,148699
2024,2,1,110240
2025,0,1,56160
2024,1,0,49880
2025,1,1,190000
2024,2,1,228000
2025,2,1,243340
2024,2,1,224100
2025,2,1,215000
2024,2,0,172000
2024,2,1,148300
2025,1,1,106100
2025,1,1,137000
2025,0,1,70000
2025,2,1,312200
2025,1,1,225600
2024,0,1,133500
2025,1,1,135000
2024,1,1,370500
2025,0,1,280000
2024,1,1,163000
2025,2,1,123000
2024,2,1,134500
2025,0,1,170760
2024,2,1,173279
2025,0,1,100000
2024,0,1,81900
2024,0,0,73000
2025,2,1,250000
2024,1,1,52021
2025,1,1,155600
2025,1,0,125223
2024,2,1,167000
2025,1,0,27368
2024,2,1,211900
2025,2,1,184000
2024,2,1,101000
2023,1,1,220000
2023,1,0,21000
2024,1,1,230000
2025,1,0,70886
2024,1,1,80000
2023,1,0,76284
2025,1,0,75949
2025,0,0,97000
2025,1,0,124950
2024,2,1,70000
2024,2,1,276000
2025,0,1,52000
2024,2,1,123750
2025,1,1,70000
2024,1,1,287000
2024,2,0,79765
2025,2,1,109700
2024,1,1,151500
2024,1,0,37870
2024,0,1,125000
2024,0,1,117300
2024,2,0,206800
2024,0,1,61600
2024,2,1,83430
2025,2,1,193500
2024,2,1,294000
2025,1,1,267000
2025,1,1,115000
2025,2,1,110400
2024,2,1,143750
2024,2,1,186000
2024,2,1,242000
2024,2,0,124000
2024,1,0,70000
2024,1,1,213900
2025,1,1,104797
2025,2,1,92700
2022,2,1,123000
2023,2,1,230000
2025,1,1,60618
2024,3,0,200000
2023,2,1,328000
2024,0,1,66602
2025,3,1,177000
2024,2,1,131200
2025,2,1,239000
2023,1,1,165000
2024,2,1,193000
2025,1,1,123165
2025,1,1,129300
2024,2,1,82000
2024,3,1,180000
2024,2,1,189000
2025,2,1,407200
2024,0,1,70000
2024,1,1,78320
2025,2,1,102000
2024,3,1,202500
2024,2,1,300000
2024,2,1,208000
2024,1,1,134000
2025,2,1,218900
2025,1,0,148000
2024,1,1,110000
2023,1,0,73824
2025,2,0,112231
2024,2,1,173900
2024,1,1,266000
2025,0,0,70354
2025,2,1,69050
2024,2,1,182000
2024,1,1,56875
2025,2,1,113840
2024,1,0,150267
2024,0,1,96000
2024,2,1,234000
2025,1,0,50632
2024,1,1,155000
2024,0,1,83300
2024,2,1,127900
2025,2,1,126000
2025,3,1,284000
2025,1,1,120000
2025,3,1,142250
2024,1,1,80000
2024,1,1,156100
2024,2,1,156200
2025,1,1,166600
2024,2,1,304496
2024,0,1,62946
2025,2,1,214940
2024,2,1,70400
2025,1,1,56000
2024,2,1,179820
2024,1,1,125000
2024,1,1,340100
2024,2,1,170700
2024,1,1,114500
2024,2,1,196900
2024,2,1,115000
2025,2,0,35350
2024,2,1,359400
2024,1,1,98400
2025,2,1,175392
2024,0,1,87841
2024,1,1,360000
2024,2,0,425000
2025,2,1,180000
2025,1,1,170000
2024,2,1,163000
2025,2,1,248000
2025,1,1,72100
2024,2,1,145200
2024,1,1,83600
2025,1,0,44303
2023,2,0,144400
2024,1,1,196500
2024,2,1,110000
2024,2,1,146000
2024,2,1,284900
2024,2,1,171903
2024,2,0,106666
2025,1,1,137300
2024,1,1,84000
2023,2,1,111000
2025,1,1,90500
2025,2,1,105100
2024,0,0,56250
2022,1,1,241000
2024,2,1,114800
2025,1,0,48421
2025,1,1,170421
2023,2,0,220000
2024,1,1,87069
2024,2,1,258000
2024,2,1,175000
2024,1,1,98300
2025,2,1,88854
2024,2,1,609200
2024,2,1,130000
2024,1,1,182781
2024,1,1,97060
2023,2,1,273000
2024,2,1,195374
2024,2,1,208956
2024,0,0,56400
2023,2,1,158677
2024,0,0,47778
2024,1,1,190000
2024,2,0,93333
2023,1,1,63600
2025,2,1,225000
2024,1,1,125000
2024,0,1,70024
2025,0,1,132000
2024,1,1,384000
2024,3,1,180000
2024,2,1,247200
2025,2,1,187000
2024,2,1,103360
2025,1,1,129725
2024,0,1,110800
2024,0,1,97500
2025,2,1,197230
2025,2,1,218790
2022,2,1,180000
2025,2,1,130880
2024,1,1,194480
2023,2,1,128750
2022,1,1,160000
2025,1,1,150238
2023,1,0,55368
2024,1,1,86797
2025,0,1,70000
2024,1,1,164000
2025,2,1,160000
2023,2,1,144854
2025,1,1,140000
2025,2,1,119076
2025,0,0,83100
2024,1,1,293000
2024,1,1,162500
2025,1,1,125402
2024,2,0,110100
2023,0,1,220000
2024,2,1,170000
2025,2,1,206100
2025,1,1,108000
2025,2,0,29113
2025,2,1,165000
2024,1,1,210000
2025,1,1,175000
2024,2,0,41707
2025,2,1,114844
2025,2,1,163116
2025,2,1,175900
2025,2,0,117887
2024,2,0,72000
2025,1,1,253000
2025,1,1,155000
2024,1,1,46000
2024,1,1,175000
2025,0,1,50000
2024,0,1,139900
2024,0,1,98000
2024,3,1,274206
2023,2,1,90000
2025,1,0,80000
2025,2,1,55000
2024,2,1,133500
2024,1,1,57300
2025,1,0,117000
2024,2,1,450000
2025,1,1,130000
2024,2,1,199500
2024,0,1,81118
2025,1,1,100000
2025,0,1,180000
2025,1,1,64000
2024,2,1,195000
2024,1,1,223600
2024,1,1,145000
2025,1,1,111000
2023,0,1,69525
2024,2,1,273700
2025,3,1,220000
2025,1,1,65000
2024,2,1,252368
2023,2,1,160000
2025,2,1,216000
2025,2,1,143320
2024,2,1,142600
2025,1,1,166300
2025,0,1,138700
2025,2,1,65591
2024,3,1,208300
2024,2,1,150000
2024,1,1,112500
2025,1,1,90100
2024,2,1,200000
2025,2,1,223000
2024,0,1,65000
2025,0,1,120000
2024,1,0,148700
2024,1,1,100000
2024,1,0,66666
2025,2,1,101800
2025,1,1,213000
2024,0,1,125000
2025,1,1,79100
2024,0,1,63648
2025,2,1,112500
2024,2,1,240000
2025,3,1,230750
2023,1,1,104000
2024,2,1,272000
2025,1,1,160850
2024,2,1,225000
2024,0,1,173000
2024,2,0,95060
2025,1,1,130000
2025,2,1,196880
2024,1,1,135500
2024,1,0,80000
2024,2,1,361500
2025,2,0,115400
2024,0,1,73752
2024,2,1,79700
2024,2,1,225000
2024,1,1,111300
2024,2,0,150000
2023,2,1,67200
2024,1,0,122544
2024,0,1,40000
2024,3,1,236800
2024,1,1,143300
2024,0,1,189750
2025,1,1,98140
2024,1,0,115000
2024,0,1,172400
2022,2,0,161311
2024,1,1,143100
2024,1,1,72500
2024,2,1,142600
2023,0,1,131600
2024,1,1,66560
2024,2,1,195100
2025,2,1,90000
2024,2,1,165000
2024,2,1,157000
2023,2,1,195000
2025,1,1,143000
2025,2,1,387400
2025,1,1,355000
2024,1,1,134000
2025,2,1,149820
2025,3,0,164285
2025,3,1,328500
2024,1,0,85000
2024,2,1,96880
2024,1,1,104763
2024,1,1,158300
2025,1,1,123400
2024,1,1,300000
2024,1,1,66000
2025,1,1,87990
2024,2,1,120000
2022,1,0,55410
2025,3,0,284000
2025,0,0,63157
2024,2,1,241600
2024,2,0,180000
2024,1,1,177008
2025,0,1,48000
2025,2,1,216700
2024,2,1,180000
2025,2,1,340100
2025,1,0,131000
2024,2,1,310000
2025,2,1,312800
2025,2,1,115000
2023,1,1,117000
2025,1,1,115143
2024,1,1,150000
2024,2,1,115000
2025,2,1,255000
2025,2,0,138510
2024,1,1,85900
2024,2,0,94444
2024,0,1,179000
2025,2,1,131000
2025,2,1,282000
2025,0,0,93800
2024,0,1,90600
2024,2,1,149656
2025,1,1,116800
2025,2,0,66339
2023,2,1,130410
2025,1,1,120000
2024,1,1,57700
2025,1,1,150000
2024,2,1,162884
2025,1,1,70000
2025,0,1,85000
2024,2,1,200000
2024,1,1,115600
2024,1,1,342844
2025,2,0,113000
2024,2,1,126587
2024,1,0,136800
2024,2,1,270400
2024,1,1,185000
2024,2,1,263000
2025,0,1,81000
2024,2,1,260000
2025,1,1,270000
2024,1,1,152000
2024,1,1,339250
2023,2,1,173400
2025,0,1,100000
2025,2,1,98480
2025,2,1,219200
2025,2,1,246300
2025,1,1,215000
2024,1,1,104922
2025,2,1,198100
2024,2,1,203000
2024,2,1,232222
2025,2,1,175400
2024,0,1,94400
2025,1,1,63323
2024,0,0,64000
2025,1,1,64700
2024,2,1,151300
2024,2,1,320000
2025,2,1,176000
2024,1,0,113760
2024,1,0,206690
2025,2,1,286700
2025,1,1,96600
2024,2,1,207800
2022,1,1,80000
2024,2,1,102000
2025,2,1,114700
2024,1,0,57442
2025,2,1,121400
2024,2,0,156250
2025,2,1,250200
2025,1,0,37894
2024,2,1,123200
2023,2,1,159090
2025,1,1,186800
2024,3,1,336001
2024,1,1,128000
2024,1,1,177100
2024,1,0,75000
2024,1,1,194000
2025,2,1,98000
2025,2,1,163064
2025,1,1,114000
2024,1,1,248700
2024,0,1,80600
2025,2,1,145000
2024,0,1,197100
2025,1,1,183500
2024,2,1,166000
2024,2,1,125500
2024,0,1,113000
2025,2,1,166000
2024,2,1,184700
2024,2,1,198000
2025,1,1,170000
2024,2,1,137259
2024,1,1,229900
2024,1,1,238280
2024,2,1,158100
2025,2,0,113924
2024,2,1,148000
2024,0,1,68436
2024,1,1,165300
2024,0,1,93260
2023,0,1,78800
2024,2,1,165500
2024,2,1,207800
2023,3,0,135344
2024,2,1,155300
2023,2,1,258700
2024,2,1,117200
2023,2,1,262269
2025,2,1,115450
2024,1,0,55555
2024,2,1,110000
2024,1,1,149000
2025,1,1,62128
2024,2,1,167000
2020,1,0,38776
2024,2,1,150000
2024,1,1,208800
2023,1,0,61520
2025,1,0,58841
2025,2,1,410000
2024,1,1,119700
2025,3,1,210000
2023,2,1,90000
2024,2,1,176520
2025,2,1,151200
2024,0,1,60000
2025,2,0,156200
2025,2,1,322875
2024,2,1,201681
2024,0,1,144040
2025,0,1,112500
2024,2,0,74270
2024,2,1,193000
2025,0,1,62500
2024,2,1,108557
2022,2,1,135000
2025,1,1,158500
2025,1,1,84648
2025,0,1,48000
2024,2,1,183300
2025,1,1,207000
2025,2,1,170000
2025,1,1,112945
2025,2,1,150800
2025,1,1,166810
2024,2,1,240240
2024,1,1,85600
2025,2,1,204600
2024,2,1,175000
2025,3,1,85000
2024,0,1,58400
2023,1,1,147000
2024,1,1,160000
2024,1,0,266000
2024,2,1,68000
2024,2,1,176700
2024,2,0,58106
2023,2,1,280889
2025,1,1,248920
2024,2,0,118050
2024,1,1,200400
2025,2,0,110000
2025,2,1,121600
2025,1,1,214365
2024,2,0,211000
2025,2,1,153000
2024,2,1,188000
2025,2,0,102200
2023,2,1,154440
2025,1,1,190000
2024,0,0,83153
2024,1,0,33333
2025,2,1,190000
2025,2,1,122616
2024,2,0,40000
2024,1,1,143000
2024,1,1,72000
2024,1,1,147430
2024,2,0,92307
2021,2,1,115000
2025,2,1,129400
2023,1,1,167000
2025,1,1,85176
2024,1,1,125200
2024,1,0,47500
2024,1,1,54496
2022,2,0,70186
2024,2,1,106300
2024,1,1,90800
2022,2,1,266400
2024,0,1,68600
2025,1,1,173700
2025,1,1,57700
2023,2,1,202353
2024,2,1,175000
2024,2,1,64300
2024,0,1,130000
2024,2,1,197625
2025,2,1,203000
2024,2,1,185000
2025,2,1,152109
2024,0,1,122100
2025,2,1,195000
2024,2,1,175250
2025,2,0,125300
2024,1,1,130000
2024,0,1,78600
2025,2,1,110400
2024,1,1,110000
2024,1,1,239200
2024,2,1,122200
2024,0,0,70320
2024,2,1,265200
2024,1,1,118765
2024,1,1,147600
2024,2,1,110000
2024,1,1,190000
2024,2,1,193800
2025,2,0,94936
2024,1,1,80800
2025,2,1,143000
2022,2,1,197430
2025,1,0,85714
2021,1,1,38400
2025,1,1,70000
2024,1,1,99800
2024,1,1,229900
2024,2,1,94200
2024,2,1,134900
2023,0,1,99900
2024,2,1,286000
2024,2,1,100367
2024,2,0,56250
2025,2,1,272700
2023,2,0,71363
2024,0,1,33660
2024,1,0,46400
2024,1,1,75650
2025,1,1,235950
2024,1,1,97300
2025,2,1,239966
2025,1,1,155400
2024,0,1,92700
2025,0,0,28800
2024,2,1,110000
2024,0,1,260100
2025,2,1,230000
2024,2,1,226400
2024,2,1,238600
2023,1,1,275000
2021,2,1,185000
2022,2,1,116250
2024,0,1,123000
2025,1,1,248000
2024,2,1,140000
2024,1,1,279772
2025,2,1,142133
2025,1,1,212800
2024,2,1,142600
2023,2,0,37788
2024,2,1,201500
2025,0,1,106400
2025,1,0,88607
2025,2,1,299000
2021,2,0,113476
2025,1,1,92242
2025,2,1,110100
2024,2,1,120000
2025,1,1,147420
2023,2,1,157550
2025,2,1,151800
2023,3,1,110000
2024,1,1,172000
2024,2,0,140000
2024,2,1,91000
2024,2,1,140000
2025,1,1,440000
2023,2,1,150000
2025,1,0,196000
2024,1,1,230000
2024,1,1,144660
2024,1,1,67700
2025,2,1,178200
2025,3,1,263900
2024,2,1,267000
2025,2,1,153000
2024,1,1,114000
2024,1,1,118400
2025,2,0,316455
2025,0,1,98718
2024,2,1,90000
2024,1,1,200000
2025,2,1,143200
2024,1,1,208000
2025,0,1,73000
2024,0,1,137900
2025,0,1,68000
2024,3,1,153000
2025,2,1,161370
2024,2,1,211000
2023,2,1,180200
2024,2,1,152150
2025,2,1,272600
2025,3,1,160800
2024,2,1,206700
2025,2,1,95524
2025,1,1,119600
2024,3,1,144600
2024,2,1,145000
2025,2,1,119113
2025,2,1,86770
2024,2,1,124500
2024,2,1,135910
2025,0,1,72600
2025,2,1,79800
2025,2,1,337250
2025,2,1,211500
2024,2,1,121000
2024,1,1,232222
2024,1,1,157475
2024,2,1,350000
2025,2,1,229200
2024,2,1,189250
2024,2,1,156864
2024,1,1,106300
2024,1,1,159550
2025,1,1,310000
2025,1,1,210600
2025,2,1,90496
2024,2,1,288000
2025,2,1,220680
2025,2,1,234000
2025,1,0,86000
2023,1,1,135000
2024,2,1,63750
2025,2,1,202750
2025,2,1,62100
2025,2,1,147900
2024,0,1,98300
2025,0,1,48101
2024,1,1,300000
2024,1,0,92160
2025,3,1,281900
2024,2,0,65000
2024,2,1,235700
2024,1,1,192668
2025,1,1,185000
2024,0,1,81118
2023,2,1,106000
2024,2,1,100000
2023,2,1,225100
2022,0,1,48000
2024,2,1,245400
2025,2,1,168000
2024,1,1,251000
2025,2,0,58841
2025,1,1,172000
2024,2,1,146000
2025,2,1,151300
2021,1,0,63711
2024,1,1,125200
2024,0,1,72467
2023,1,1,135000
2024,2,1,225000
2025,0,0,50526
2025,1,1,146000
2024,1,1,93500
2024,1,1,166694
2024,1,1,85000
2024,2,1,227700
2025,2,1,97500
2024,1,1,234700
2024,1,1,64000
2024,0,1,62000
2024,1,1,150000
2025,1,1,365000
2025,1,1,174000
2024,0,1,171000
2024,2,1,199145
2024,1,1,188500
2024,1,1,128800
2024,1,1,189000
2024,2,1,250000
2024,1,1,256500
2025,2,1,139000
2025,1,1,226000
2025,2,1,170000
2025,1,1,215000
2024,2,1,220500
2024,2,1,220300
2024,0,1,82909
2025,1,1,114400
2023,2,1,170000
2024,2,1,126851
2025,1,1,285000
2025,2,1,190000
2024,1,1,329600
2021,2,1,165000
2025,1,0,54430
2025,1,0,61848
2025,2,1,105230
2025,1,1,160000
2025,2,1,170600
2025,1,1,125562
2024,2,1,217600
2025,2,1,222640
2024,2,1,187415
2025,1,1,296300
2025,2,1,205000
2024,2,1,166500
2025,0,0,56000
2024,2,1,97870
2024,2,1,237500
2024,2,1,94000
2024,2,1,128400
2024,1,1,225000
2024,0,1,100000
2022,2,1,185400
2022,2,1,300000
2023,1,1,300000
2024,1,1,176865
2024,2,0,215000
2024,2,1,180000
2024,1,0,48881
2024,2,1,112000
2024,2,1,265000
2023,3,1,204500
2024,1,1,73300
2024,1,1,52707
2023,2,1,227500
2024,1,1,98000
2023,0,1,64000
2025,2,0,111613
2024,2,1,51688
2025,1,1,120000
2024,2,1,200740
2025,0,0,46392
2025,3,1,239900
2024,1,0,202000
2025,1,1,98000
2025,2,1,162050
2024,2,1,215000
2024,1,1,207800
2025,2,1,91520
2025,1,1,178100
2025,2,1,138600
2022,2,1,122500
2024,2,1,166900
2025,1,1,145000
2025,1,1,207600
2024,2,1,110000
2025,2,1,190000
2025,2,0,159800
2024,1,1,204000
2024,1,1,171250
2024,1,1,100000
2024,0,1,65820
2025,2,1,176000
2025,1,0,44210
2024,1,1,124800
2025,2,1,147000
2024,2,1,147000
2025,2,1,600000
2025,2,1,147000
2022,2,1,140250
2023,0,1,100400
2025,2,1,253200
2025,1,1,250600
2025,2,0,160500
2025,2,1,106800
2024,2,1,152320
2025,2,0,68421
2024,2,1,199800
2024,2,0,87325
2024,0,0,18000
2024,0,1,65500
2024,2,1,180000
2024,1,0,406250
2024,1,1,120000
2025,2,1,176500
2025,2,1,220680
2024,1,1,58000
2024,1,1,80750
2024,1,1,225624
2025,2,1,216000
2023,1,0,110244
2024,0,1,64500
2024,0,1,59976
2024,2,1,116000
2024,1,0,88995
2024,1,1,101000
2024,2,0,185500
2023,2,0,100758
2024,2,1,159300
2024,2,0,81250
2024,2,1,66000
2025,2,1,66300
2025,1,1,92700
2025,1,0,60000
2024,1,1,213400
2024,2,0,130000
2025,1,1,265000
2024,0,1,70000
2024,2,1,154960
2024,2,1,144650
2024,1,1,250000
2024,1,1,96800
2024,1,1,189900
2024,2,1,252800
2024,1,1,115290
2024,1,1,106050
2023,2,0,230000
2025,2,1,185000
2024,1,1,56400
2025,2,1,188400
2024,1,1,88000
2024,2,1,210255
2022,0,0,55410
2024,2,1,297000
2024,1,1,182500
2024,2,1,142140
2024,1,1,172000
2024,2,1,195000
2025,2,1,210000
2024,2,1,117200
2024,1,1,96600
2024,1,1,124300
2025,2,1,165000
2024,0,1,120500
2024,2,1,170000
2023,2,1,154000
2025,2,1,186000
2024,2,1,304200
2025,1,1,107000
2024,2,1,179000
2024,2,1,284000
2024,1,1,141480
2024,2,1,171835
2024,3,1,188640
2024,1,1,115000
2023,2,1,238000
2025,3,1,360700
2025,0,1,126650
2024,0,0,84813
2025,1,1,66460
2024,1,1,250553
2024,2,1,130000
2022,2,1,144854
2024,1,1,60000
2025,1,1,90000
2025,2,1,143100
2024,2,1,163116
2024,2,1,166698
2023,2,0,36483
2024,2,0,224000
2024,1,1,206500
2024,2,1,99208
2024,0,1,337250
2025,1,1,60900
2025,2,1,125000
2025,1,1,200000
2024,1,1,155000
2024,2,1,258450
2025,0,1,107415
2023,1,1,106700
2025,2,1,120000
2024,2,1,178090
2025,2,1,152109
2024,3,1,120000
2025,0,1,36865
2024,0,1,63000
2025,2,0,77500
2024,1,1,97700
2024,2,0,174250
2025,1,1,85380
2025,2,1,251600
2025,1,0,113300
2025,0,0,73417
2022,2,1,175000
2024,2,1,131581
2024,0,1,90000
2025,2,1,177000
2025,1,1,120000
2025,0,1,137000
2024,2,1,109300
2024,0,1,128000
2025,0,0,55000
2024,1,1,208000
2023,1,1,85000
2024,1,1,350000
2025,2,1,70000
2025,1,1,156000
2023,2,0,77000
2024,2,1,91700
2024,2,1,151800
2022,1,1,155000
2025,2,0,106250
2024,2,1,249000
2024,1,1,130000
2024,2,1,161800
2025,1,1,90000
2024,2,1,260850
2024,2,0,86900
2023,1,1,65000
2023,2,1,204500
2022,1,0,78000
2023,2,0,48000
2024,2,1,96200
2023,2,0,210600
2024,3,1,290000
2024,1,1,110000
2021,1,1,90000
2025,2,1,221100
2023,2,1,255800
2024,2,1,327200
2024,0,1,165000
2025,2,1,91200
2025,2,1,110000
2025,1,1,182240
2024,0,1,154440
2025,2,1,261600
2025,1,1,159000
2023,1,1,94000
2025,2,1,164500
2024,3,1,163680
2023,1,0,86128
2024,1,1,176000
2024,2,0,75600
2024,2,1,170000
2025,2,1,260000
2024,1,1,170000
2024,2,1,90000
2025,1,1,114080
2025,1,1,95000
2024,2,1,90000
2024,1,0,75600
2024,0,1,178200
2025,2,1,218100
2025,1,1,162500
2025,2,1,52800
2025,0,1,48000
2025,1,1,196880
2025,2,1,146300
2024,2,1,141480
2024,2,0,90000
2024,1,1,126277
2024,0,1,90300
2024,2,1,113800
2024,2,1,108120
2025,2,1,500000
2025,2,1,126017
2024,2,1,240000
2024,3,1,234240
2024,2,1,60000
2024,2,1,194688
2025,1,1,138000
2025,2,1,145100
2025,2,1,91761
2024,2,1,132235
2024,1,1,117220
2025,2,1,99000
2025,1,1,219700
2024,1,1,75000
2024,2,1,160000
2024,1,1,86250
2024,2,1,240000
2025,1,1,44000
2024,1,0,58717
2024,2,1,113786
2025,2,1,147000
2024,2,1,98500
2024,1,0,63866
2024,1,1,88400
2025,2,1,172500
2024,2,1,225859
2023,0,0,92280
2023,2,1,190200
2024,1,1,172931
2025,2,1,95347
2024,2,1,200000
2025,2,1,145500
2025,2,1,87954
2025,2,1,128500
2025,2,1,225000
2025,0,1,54480
2025,2,1,231550
2024,1,0,95200
2025,2,1,127000
2024,2,1,221900
2024,2,1,220500
2024,0,1,91764
2024,0,1,87100
2025,1,1,143500
2024,2,1,158200
2024,0,1,48000
2025,1,1,115000
2024,0,1,126776
2025,2,1,155209
2025,1,1,85000
2024,1,1,141500
2024,1,1,126500
2025,1,1,217000
2025,0,1,95500
2024,2,1,261500
2025,2,1,188000
2025,2,1,91500
2025,2,1,144500
2025,2,1,138000
2025,2,0,78605
2024,2,1,236800
2024,1,1,67500
2024,2,1,75000
2024,2,1,169520
2025,2,1,180000
2025,2,1,144200
2024,1,1,106500
2024,2,1,106907
2024,0,1,126880
2023,1,0,59059
2023,2,1,190900
2025,0,1,76000
2024,2,1,94000
2024,2,1,173400
2024,2,1,168000
2021,2,0,173762
2024,2,1,338000
2024,1,1,141450
2024,2,1,90000
2023,2,1,152022
2025,1,1,125000
2025,0,1,112700
2024,2,1,126800
2024,2,1,276000
2023,1,1,117300
2025,1,1,142200
2024,2,1,240640
2024,1,1,70000
2024,2,1,188885
2025,2,1,240020
2025,2,1,458000
2024,1,0,73178
2025,1,1,61000
2024,1,1,174000
2024,0,1,94600
2022,2,1,100000
2025,1,1,165000
2024,2,1,132000
2024,1,1,140000
2024,0,0,62500
2024,2,1,202000
2023,1,1,128000
2023,1,1,95000
2024,1,1,136000
2024,3,1,130920
2025,2,0,105100
2024,1,1,68000
2025,2,1,155760
2023,2,1,82000
2024,2,1,142503
2024,2,0,60000
2024,1,1,146875
2025,2,1,294000
2024,2,1,72700
2023,2,1,110000
2025,0,0,793136
2024,2,1,385000
2024,1,1,250000
2025,2,1,117800
2024,2,1,260000
2025,2,0,90000
2025,1,1,173000
2024,1,1,350000
2023,2,1,52000
2024,2,0,220000
2024,2,1,118094
2024,1,1,85000
2024,2,0,224100
2024,1,1,137000
2022,1,1,75000
2025,2,1,297000
2025,2,1,119400
2024,1,1,226000
2024,2,1,212300
2025,1,1,103000
2025,1,1,234500
2024,0,1,70000
2024,1,1,204000
2024,2,1,183552
2024,1,1,132100
2025,2,0,111700
2024,1,1,89139
2024,1,1,196225
2025,1,1,234000
2024,1,1,105600
2024,2,1,178200
2024,1,1,97200
2024,2,1,130000
2024,1,1,205500
2025,1,0,100554
2025,1,1,300000
2025,2,1,107000
2025,2,1,85884
2024,2,1,155000
2025,1,1,129700
2024,2,1,175100
2024,2,1,218000
2023,2,0,46565
2025,1,0,119550
2024,2,1,196000
2025,2,1,93500
2024,2,1,151770
2024,1,1,40000
2024,1,1,134000
2022,2,1,248700
2025,1,0,50632
2025,1,1,144000
2024,2,1,194000
2024,0,0,105300
2025,2,1,166000
2025,2,1,185265
2024,2,1,223600
2024,2,0,125000
2023,2,1,227240
2024,2,1,144900
2025,2,1,248700
2025,2,1,204000
2024,2,1,120715
2024,0,1,216000
2022,2,1,119000
2025,2,1,190800
2024,2,1,110400
2025,1,1,173040
2023,2,0,73824
2024,2,1,85500
2024,1,0,133000
2025,1,1,173000
2025,2,1,168800
2024,1,1,147900
2024,2,0,150000
2025,2,1,257000
2025,2,1,94000
2024,1,1,200000
2024,2,1,139360
2025,2,1,100000
2024,0,1,87550
2025,2,1,145200
2025,1,0,217900
2024,2,1,161000
2024,0,0,215300
2024,1,1,110000
2025,2,1,158700
2024,2,1,190000
2025,1,1,125000
2024,2,1,109300
2024,2,1,315850
2024,2,0,66000
2023,2,1,252000
2025,1,1,65000
2023,2,1,204300
2025,0,1,80800
2025,0,1,100000
2024,1,1,80000
2024,2,0,78888
2024,2,1,156160
2024,3,1,276000
2025,0,0,41684
2024,1,1,132975
2025,1,1,120000
2024,2,1,165000
2025,2,1,255000
2024,1,1,202800
2025,1,1,245400
2023,1,1,147200
2024,0,1,85300
2025,2,1,144000
2025,3,1,175100
2021,2,0,79197
2024,2,1,145000
2024,2,0,53666
2024,2,0,190700
2024,2,1,273500
2024,2,1,260400
2024,0,1,122000
2025,2,0,65263
2024,0,1,58542
2025,1,1,200000
2025,2,1,119300
2024,2,1,240000
2023,2,1,178500
2025,1,1,170000
2023,2,1,245000
2025,2,1,51305
2023,2,1,78800
2024,2,1,180000
2024,2,1,191062
2024,2,1,118300
2025,2,1,111200
2025,2,1,185000
2025,2,0,78947
2024,1,1,85000
2025,2,1,120000
2024,2,0,104000
2024,2,1,469000
2024,3,1,90000
2024,1,1,99000
2024,1,1,268400
2024,1,1,285000
2024,1,1,162819
2025,2,0,137400
2024,2,1,93300
2021,1,1,150000
2025,1,1,179300
2024,2,1,250200
2025,1,1,180800
2024,1,1,105000
2024,0,1,195000
2024,1,1,166000
2024,2,1,126900
2025,3,1,200000
2025,2,1,95800
2021,0,0,59102
2022,3,0,192037
2025,3,1,333925
2024,1,1,241000
2024,2,1,218000
2024,1,1,102900
2025,2,1,90000
2025,2,1,49700
2025,0,1,145000
2022,1,1,124000
2024,1,0,83038
2023,2,1,95000
2024,1,1,296300
2024,2,1,16000
2023,1,1,57700
2025,2,1,181000
2022,2,1,142800
2024,0,1,79700
2025,1,1,75000
2024,1,1,110900
2024,1,1,120525
2022,0,1,76000
2025,2,1,199000
2025,2,0,56842
2025,2,1,293800
2024,2,0,64222
2025,1,1,90500
2025,1,1,184800
2025,1,1,60000
2025,2,1,136300
2024,2,1,140000
2024,2,1,178200
2024,2,1,130000
2024,1,1,68637
2025,2,1,129750
2024,2,1,185000
2024,1,1,400000
2024,2,1,189600
2025,2,1,133600
2024,1,0,100000
2024,2,1,89200
2025,2,1,165300
2024,1,1,140000
2025,2,1,182000
2024,0,1,90000
2024,1,1,142800
2024,1,1,76050
2025,2,1,203350
2025,2,1,135000
2024,0,1,66000
2024,2,0,77777
2024,2,1,117200
2024,2,1,127500
2024,1,1,121800
2025,1,1,265200
2025,1,1,144000
2024,2,0,142500
2024,2,0,200000
2025,2,1,97300
2024,2,0,100000
2024,3,1,230000
2025,2,1,117200
2023,2,1,100000
2024,1,0,60300
2024,1,1,215000
2025,2,1,282450
2025,2,1,412937
2025,2,1,272580
2025,2,0,144000
2025,1,1,266000
2025,1,1,239750
2022,0,0,31520
2024,1,1,196900
2024,1,1,187000
2023,3,1,174500
2024,0,1,123596
2025,2,0,39157
2024,2,1,105000
2025,2,1,598287
2024,1,1,232587
2024,2,0,151000
2024,1,1,260000
2024,2,1,183000
2025,1,0,78000
2024,2,0,180000
2025,2,1,85000
2024,0,1,123200
2025,3,0,396890
2024,2,1,191000
2023,2,1,265800
2024,3,1,167500
2024,1,1,103500
2024,1,1,154330
2024,1,0,185000
2024,1,0,90000
2025,1,1,108300
2025,2,1,119400
2025,0,1,80000
2024,2,1,255000
2024,2,1,166600
2024,1,1,282500
2024,2,1,358000
2025,2,1,172000
2024,2,1,227950
2024,1,0,100000
2024,2,1,127890
2025,0,1,145000
2024,2,1,55200
2024,2,1,64000
2024,1,1,310500
2024,0,1,99000
2024,1,1,294600
2025,2,1,201500
2024,1,1,200000
2024,1,1,133000
2025,2,1,139700
2025,1,0,115000
2023,2,0,150000
2025,2,1,77605
2021,2,0,76833
2024,1,1,54000
2024,2,0,62222
2025,2,1,184250
2024,2,1,202198
2022,2,0,77119
2024,1,1,163194
2024,0,1,91000
2025,1,1,80000
2024,0,1,72200
2024,2,1,239127
2024,0,1,147000
2025,0,1,40000
2024,2,1,313600
2024,0,1,55400
2024,0,1,192300
2024,2,1,109800
2024,0,1,52000
2025,0,1,58440
2023,1,1,79000
2024,2,1,145000
2024,0,1,135000
2025,0,1,66000
2024,1,1,61000
2024,2,0,92190
2025,1,1,174000
2024,1,0,57020
2025,2,1,203000
2025,3,1,188640
2025,2,1,106400
2024,3,1,288000
2024,2,0,120900
2024,2,1,184300
2024,2,1,207760
2024,3,1,155880
2022,1,0,105236
2023,2,1,290000
2024,1,1,123250
2024,2,1,73500
2024,2,0,155200
2024,2,1,238400
2024,2,1,92700
2024,2,1,138800
2025,2,1,85150
2024,2,1,185600
2025,2,1,132440
2024,0,1,198000
2023,2,1,81500
2024,2,1,127200
2024,2,0,83333
2025,1,1,279400
2025,1,1,106250
2024,2,1,176000
2025,0,0,120000
2024,0,1,64000
2025,0,1,180000
2025,2,0,123832
2025,2,1,107500
2025,1,1,238000
2025,2,1,176150
2025,1,1,234300
2024,2,1,272000
2024,2,1,262269
2023,2,1,154836
2024,2,1,172000
2025,2,1,101250
2024,2,1,172000
2025,1,1,91000
2024,1,1,287000
2024,1,1,116100
2025,2,1,170000
2024,1,1,128000
2024,1,1,75000
2024,1,1,54690
2024,1,0,43750
2025,1,1,112000
2025,2,1,141395
2025,0,1,135000
2024,2,1,230800
2023,2,1,90700
2022,2,1,145300
2024,2,1,153000
2025,2,1,213900
2024,2,1,294000
2025,2,1,204500
2024,2,1,83200
2023,2,1,200000
2024,1,1,179875
2024,1,1,68500
2024,1,1,147877
2024,1,1,93300
2025,2,1,220000
2025,0,1,94750
2024,2,1,189975
2024,2,1,123200
2024,2,1,204250
2025,2,0,122531
2023,2,1,178500
2024,0,1,64900
2024,1,1,150700
2022,0,0,15000
2024,0,0,105000
2023,2,1,119000
2025,1,0,101052
2024,1,0,89500
2024,2,1,176000
2025,2,1,97000
2024,1,1,153040
2024,2,1,276000
2025,2,1,163800
2025,2,1,280600
2025,2,1,158960
2025,2,1,282450
2025,1,1,90000
2025,1,1,65000
2025,2,1,110100
2023,1,0,49216
2024,0,1,68400
2025,2,1,244685
2024,1,1,167500
2025,0,1,46800
2025,2,1,213150
2025,2,1,185000
2023,1,1,66691
2025,1,0,56841
2024,2,1,122100
2024,2,1,218000
2025,1,1,150000
2024,2,1,185900
2025,2,1,154000
2025,0,0,63789
2024,0,1,79700
2025,2,1,137600
2023,2,1,147100
2025,2,1,286130
2025,1,1,171600
2024,2,0,102000
2025,2,1,136000
2024,2,1,200200
2025,1,1,93500
2024,2,1,323000
2023,1,1,130000
2025,0,1,56250
2025,1,1,193400
2023,1,1,180000
2025,1,1,167200
2024,2,1,137600
2024,0,1,73000
2024,1,1,127600
2024,1,1,54000
2024,1,1,96800
2024,2,1,131500
2024,2,1,223000
2024,0,1,45900
2024,3,1,195000
2023,1,1,80420
2024,1,1,158400
2024,1,1,121000
2025,1,1,80000
2023,2,1,231000
2024,0,1,74400
2023,2,1,138700
2024,2,1,294000
2025,2,1,85480
2024,1,1,90000
2024,2,1,159000
2024,1,1,69800
2025,0,1,90000
2024,1,1,69099
2025,1,1,130000
2024,2,1,68800
2024,2,1,136800
2024,2,1,77900
2025,3,1,334600
2024,1,1,54000
2024,1,1,170900
2025,1,1,150000
2025,3,1,101000
2023,3,1,333500
2024,1,1,60000
2024,1,1,108000
2025,2,1,112800
2024,1,0,45028
2024,2,1,138080
2024,1,1,119100
2023,2,1,192000
2025,0,1,176000
2023,2,1,141000
2024,2,1,150000
2023,3,1,180000
2025,1,1,202999
2022,2,1,115000
2024,0,1,100996
2022,1,1,118000
2025,1,1,75600
2023,2,1,169000
2025,2,1,599374
2024,2,1,92000
2024,1,1,128000
2024,2,1,260000
2024,3,1,284100
2024,2,1,103900
2024,0,0,107054
2024,2,1,288400
2025,2,1,199001
2025,2,1,215000
2025,0,0,49263
2023,2,1,181500
2023,2,1,259000
2024,2,1,150000
2025,1,1,52499
2024,2,0,44444
2024,2,1,101600
2025,1,1,57800
2025,2,0,190000
2024,2,1,139800
2024,1,0,125000
2024,0,1,47500
2024,2,1,187370
2024,1,1,186642
2024,0,1,58400
2024,2,1,206000
2025,0,0,16000
2024,2,1,111000
2024,0,1,70000
2025,2,1,170760
2024,0,1,47840
2024,3,1,85000
2024,1,1,168700
2025,1,1,163695
2024,2,1,236400
2025,2,1,296300
2024,2,1,191100
2025,2,1,128000
2025,1,0,117368
2024,1,1,152950
2023,2,1,94000
2025,1,1,95843
2024,2,1,82100
2024,0,1,196700
2024,2,1,125634
2024,2,0,112200
2025,2,1,126100
2025,1,1,94500
2024,2,1,172800
2025,1,1,150000
2024,2,1,110400
2024,0,1,430000
2025,1,1,264200
2025,0,1,61320
2025,2,1,132200
2025,2,1,250000
2025,2,0,241643
2024,2,1,259600
2025,1,1,242000
2025,0,1,82900
2024,0,1,126200
2024,2,0,140000
2024,2,1,110500
2024,2,1,172800
2024,0,1,135000
2024,1,1,300000
2025,1,1,138715
2025,1,0,73684
2024,2,1,101484
2025,3,1,25000
2025,0,1,70720
2024,0,1,71250
2025,1,1,315000
2025,0,1,135000
2025,1,0,145569
2024,2,1,25000
2024,0,1,67400
2024,2,1,440000
2025,2,1,89000
2024,1,1,72328
2025,2,1,312200
2024,2,0,120000
2025,1,1,141000
2025,2,1,212900
2022,2,1,194000
2024,2,1,400000
2024,2,1,109100
2025,0,1,145100
2025,2,0,50632
2024,1,1,210000
2025,1,1,90000
2025,2,1,175000
2023,2,1,159000
2025,1,1,76233
2024,2,1,190400
2024,1,1,96600
2025,2,1,201600
2025,1,1,189000
2024,1,1,56854
2024,2,0,54000
2025,1,1,130200
2025,2,1,230000
2025,1,1,115000
2024,1,1,317000
2024,2,0,212000
2024,1,1,95700
2024,0,0,44444
2025,2,1,100000
2025,2,1,131900
2024,1,1,98300
2025,2,1,173650
2025,2,1,119574
2025,2,1,94300
2024,1,1,171000
2025,1,1,75000
2024,2,1,114750
2023,2,1,248100
2024,2,0,138600
2023,2,1,172750
2025,1,0,44842
2024,2,1,247500
2022,2,1,116150
2023,2,1,100000
2024,3,1,241900
2024,1,1,65000
2024,2,0,120000
2025,2,1,130600
2025,2,1,76200
2025,2,1,199500
2024,2,1,134800
2025,1,1,115290
2025,2,1,72100
2025,1,1,100000
2024,0,1,243222
2024,2,0,61666
2024,1,1,87200
2024,2,1,293000
2024,2,1,67500
2025,2,0,151200
2025,2,1,164500
2025,2,1,142700
2025,2,0,168400
2024,2,1,248920
2024,1,1,130000
2025,2,1,114700
2024,2,0,132787
2024,0,0,28000
2025,1,0,98526
2024,2,1,171000
2024,1,1,183000
2024,1,1,70692
2024,2,1,194000
2025,1,1,137000
2025,3,1,141440
2023,2,1,210100
2025,2,1,159200
2025,0,0,37894
2024,2,1,174000
2024,2,1,150700
2024,1,1,172000
2022,1,0,50432
2025,1,1,72100
2024,2,1,123990
2024,0,0,36666
2025,1,1,120000
2025,2,1,85150
2024,1,1,125000
2025,1,1,120100
2025,0,1,79310
2024,2,1,165400
2024,3,1,225000
2024,1,1,110000
2025,1,1,185000
2024,1,1,118765
2025,2,1,163600
2025,2,1,211000
2025,2,1,102000
2024,0,1,128000
2025,0,1,85543
2025,2,1,185000
2024,2,1,148100
2025,2,1,97900
2025,0,0,31578
2024,0,1,109700
2024,2,1,177900
2025,2,1,167000
2025,1,1,68000
2024,2,1,425000
2023,0,1,93000
2024,2,1,253000
2024,1,1,162000
2023,2,1,141298
2025,0,1,97155
2024,1,0,31200
2024,2,1,218701
2025,1,0,39325
2024,2,1,96600
2024,2,1,104000
2025,3,1,410000
2025,2,1,179428
2023,2,1,175000
2025,2,1,107000
2024,1,1,155000
2022,1,1,130000
2025,2,1,107100
2024,1,1,43919
2024,1,0,124935
2024,2,1,93420
2024,1,1,120000
2024,2,1,187867
2024,2,0,81875
2023,0,1,47985
2024,2,1,159400
2024,1,1,167700
2023,1,1,185000
2023,2,1,73100
2024,3,1,100000
2024,2,1,196350
2024,2,0,158400
2023,1,1,225000
2024,1,1,114700
2024,2,1,160000
2025,2,1,173296
2024,2,1,142140
2025,2,1,159589
2024,2,1,195000
2024,1,1,148100
2024,1,1,161200
2024,1,1,61200
2025,1,1,151000
2024,1,1,61000
2025,2,0,284210
2024,2,1,180000
2023,3,0,115000
2024,0,0,23333
2025,1,1,95000
2024,0,1,170500
2023,2,1,127600
2025,2,1,139000
2025,2,1,231000
2024,2,1,140000
2024,2,1,123400
2025,2,1,238520
2024,3,1,160000
2024,2,1,250000
2023,1,1,100000
2025,2,1,139360
2025,1,1,180000
2024,2,1,143500
2024,2,1,134100
2025,2,0,150000
2024,2,1,168000
2024,1,1,98300
2025,3,1,159650
2025,2,1,356500
2024,1,0,50000
2024,2,0,94444
2025,2,1,257500
2024,2,1,242000
2025,0,1,180000
2024,1,1,124000
2024,2,0,195000
2024,1,1,209600
2024,2,1,180000
2025,2,1,235000
2024,2,1,206900
2024,0,1,97300
2022,2,1,160000
2024,1,1,83300
2025,1,1,66327
2024,2,1,156640
2020,1,0,50180
2024,2,1,133600
2024,2,1,190000
2025,2,1,143750
2025,2,0,156000
2025,1,1,88000
2025,1,1,158000
2023,2,0,151000
2025,2,0,75789
2024,1,0,57008
2024,2,0,62000
2025,0,1,110400
2024,2,1,113000
2023,2,1,82000
2024,2,1,113600
2024,2,1,113734
2024,2,1,190315
2024,3,1,175100
2023,2,1,111600
2025,0,0,100000
2025,2,1,317200
2024,1,1,155400
2025,1,1,85788
2025,1,1,62560
2025,2,1,177000
2024,2,1,167200
2025,2,1,140000
2024,2,1,138600
2024,0,1,70000
2024,0,1,224000
2024,2,1,166000
2025,2,1,224000
2024,1,1,72400
2025,0,1,170500
2024,2,1,242900
2024,1,0,119000
2025,1,0,155700
2024,2,1,221000
2024,2,0,193200
2025,0,1,228000
2024,1,1,197000
2024,2,1,296400
2025,2,1,144200
2025,1,1,104000
2025,2,1,114500
2025,2,1,96000
2023,2,0,152000
2024,1,0,69230
2024,2,1,251000
2025,2,1,252900
2024,1,0,62400
2024,2,0,269000
2025,1,1,110487
2025,1,0,103500
2024,1,1,73786
2022,2,1,80000
2024,1,0,112500
2025,2,1,156000
2024,3,1,130000
2025,2,1,152600
2025,2,1,117400
2024,2,1,250000
2023,2,1,68000
2024,2,1,139360
2023,2,1,86500
2024,0,1,155995
2024,2,1,220500
2024,1,1,213300
2024,2,1,195000
2025,2,1,150000
2024,2,1,199000
2023,2,1,138000
2024,2,1,220000
2025,2,1,136000
2023,2,1,176875
2025,1,0,131000
2025,2,1,124100
2023,2,1,160000
2024,2,1,160300
2024,0,1,110240
2024,1,1,114100
2024,2,1,176800
2024,0,1,160000
2024,2,1,92400
2025,1,1,445500
2024,2,0,187500
2024,1,0,76800
2024,2,1,260000
2024,2,1,92036
2024,0,1,44850
2024,0,0,32400
2024,2,1,139000
2024,2,1,212000
2025,1,0,126582
2024,2,1,275000
2024,1,1,165000
2023,2,1,260000
2023,2,1,118100
2025,0,1,52500
2024,2,1,267100
2025,1,0,99000
2023,2,1,127075
2025,1,1,86700
2023,2,1,73100
2024,0,1,135000
2025,0,1,96600
2025,1,0,78842
2024,2,1,141990
2024,2,0,68750
2023,2,1,180000
2023,2,1,342300
2025,2,1,265500
2024,1,1,254000
2024,2,1,276000
2023,0,0,43187
2023,2,1,115600
2024,1,1,219300
2024,2,1,140000
2024,2,1,102900
2024,0,0,83000
2024,2,1,150700
2024,0,1,129792
2024,1,1,176900
2024,1,1,150000
2023,0,0,41827
2024,2,1,122300
2025,1,1,184600
2025,2,1,62000
2025,1,1,75000
2024,2,1,107500
2024,1,1,180200
2025,2,1,300000
2022,2,1,150000
2024,0,1,176000
2025,2,1,84600
2025,0,1,99875
2025,2,1,157000
2023,2,1,151800
2024,2,0,237500
2025,2,1,145000
2025,1,1,270250
2025,1,1,77000
2025,1,1,102800
2023,0,1,130400
2025,2,1,48000
2024,2,0,195000
2025,2,1,180100
2025,2,0,99000
2025,1,1,260000
2025,2,1,259000
2024,1,1,170000
2023,2,1,230000
2024,1,1,144000
2025,1,1,300000
2022,1,0,86193
2024,2,1,161800
2025,3,0,150000
2021,1,1,110000
2025,1,1,101400
2025,2,1,144200
2024,2,1,370002
2024,1,1,110000
2024,1,1,107600
2024,2,1,94600
2024,1,1,85000
2025,2,1,100300
2024,3,0,112500
2024,1,1,187000
2024,2,0,49333
2024,0,1,79700
2025,1,1,325270
2025,2,1,106200
2024,1,1,133200
2025,2,1,250000
2024,0,1,55000
2024,2,0,135000
2024,1,1,72000
2024,1,1,205600
2024,0,0,101858
2025,1,1,181500
2024,2,1,160400
2024,2,1,126500
2024,2,1,98300
2024,1,1,103997
2023,2,0,242000
2025,1,1,290000
2021,1,0,47282
2025,2,1,83500
2025,1,1,75100
2024,0,1,99200
2024,1,1,165000
2023,0,1,57000
2025,1,1,194500
2025,1,1,191625
2025,1,0,116480
2024,2,0,239000
2025,1,1,166000
2024,2,1,270000
2024,2,1,310000
2025,1,1,65000
2023,2,1,138784
2024,2,1,153900
2024,2,1,200700
2025,0,1,87500
2025,2,1,157000
2025,1,1,129639
2025,0,0,59200
2024,2,1,140000
2024,2,1,237400
2025,1,0,270000
2025,2,0,130000
2025,2,1,124000
2024,2,0,92190
2025,1,1,155500
2024,0,1,75000
2025,2,1,92000
2023,2,1,240960
2025,2,1,187200
2024,1,1,62100
2024,2,1,122726
2024,1,1,63001
2024,1,1,246552
2025,2,0,101265
2025,2,1,116900
2023,1,1,127000
2025,2,1,105500
2025,2,1,221600
2024,2,1,209362
2022,2,1,205000
2024,2,1,136800
2024,1,1,135500
2024,2,1,137750
2024,1,0,77777
2024,0,1,81075
2024,0,1,52000
2024,2,1,110000
2023,2,1,81500
2025,2,1,196000
2025,0,1,80300
2024,2,1,266000
2025,2,1,178890
2024,2,1,67700
2024,2,0,242000
2024,2,1,333000
2024,2,1,165000
2024,1,1,25000
2024,2,1,173000
2025,2,1,196100
2024,1,1,139000
2024,1,0,146000
2025,1,1,310000
2024,1,1,180000
2024,0,0,54960
2025,0,1,53800
2024,1,1,157144
2025,1,1,180000
2024,0,1,136032
2023,0,1,58300
2024,2,1,320000
2024,2,1,165000
2022,2,1,66000
2025,2,1,360000
2022,2,1,63000
2025,0,1,85500
2024,2,1,202350
2023,2,1,89246
2020,0,1,138000
2025,2,1,218025
2024,2,1,160500
2025,0,1,118450
2024,1,1,90000
2023,2,1,174000
2025,1,1,125000
2024,2,1,115920
2025,1,1,60000
2024,1,1,270000
2024,2,1,146000
2024,1,1,313000
2025,1,1,113100
2024,2,0,153600
2025,0,0,75804
2025,1,1,87500
2025,1,1,67681
2024,2,1,137000
2025,2,1,464000
2024,2,0,87500
2024,1,1,143000
2024,2,1,119800
2024,2,1,140000
2025,1,1,134500
2023,1,0,72400
2024,1,0,47850
2024,1,1,100000
2025,3,1,210795
2025,2,1,202000
2024,2,1,76075
2025,1,1,54975
2024,1,1,159000
2024,2,1,136600
2025,2,0,145900
2023,2,0,46848
2024,2,1,105070
2025,0,1,77000
2025,2,1,98000
2024,2,1,243000
2025,2,1,276800
2024,1,1,96000
2023,2,1,242921
2023,2,0,149200
2023,2,0,73824
2024,2,0,210000
2025,2,1,265000
2024,2,1,245500
2023,2,1,210200
2024,1,0,107633
2024,1,1,194000
2024,2,1,283300
2024,1,1,207000
2024,0,0,30000
2023,2,1,115000
2025,1,1,300000
2024,2,1,107760
2024,1,1,250600
2022,1,1,130000
2025,2,1,111260
2024,0,1,121000
2024,1,1,125000
2024,2,1,157144
2025,2,1,178800
2024,2,1,149282
2025,2,1,190000
2024,1,1,148800
2024,0,1,89700
2025,0,1,47300
2025,2,1,144300
2025,2,1,117300
2024,1,1,73000
2025,0,0,49473
2024,1,1,106500
2024,3,1,96960
2025,2,1,96700
2025,2,1,130000
2024,2,1,96100
2024,2,1,221000
2024,2,1,198072
2025,2,1,187000
2024,2,1,84000
2023,2,1,121000
2023,1,0,53984
2024,2,1,173100
2025,2,1,93167
2024,2,1,234200
2024,2,1,250200
2025,2,1,212750
2025,1,0,83580
2024,3,1,253900
2024,2,1,166860
2020,0,1,250000
2023,1,1,132000
2025,2,1,126400
2024,2,1,186688
2023,2,1,102544
2023,2,1,163200
2024,2,1,57700
2023,2,1,99500
2023,2,1,95040
2023,1,1,182500
2024,1,1,92144
2025,1,1,155250
2023,0,1,54400
2025,2,1,133200
2025,2,1,221500
2024,1,1,94400
2025,1,1,185495
2025,2,1,261000
2024,0,1,137500
2024,2,1,166000
2025,2,1,127500
2025,2,1,103500
2023,1,1,83500
2024,1,0,95000
2024,0,0,20000
2025,0,1,100000
2024,1,1,74000
2024,3,0,275000
2025,2,1,135000
2025,1,0,118368
2024,2,1,170000
2024,2,1,123300
2022,1,0,98506
2024,2,1,85600
2025,1,0,53571
2024,1,0,81250
2024,2,1,208600
2025,2,1,79464
2024,2,1,112000
2024,2,1,232300
2025,0,1,80000
2025,2,1,272000
2025,2,1,188100
2024,2,1,99200
2024,2,1,186000
2022,2,1,54000
2024,2,1,175000
2025,1,1,106200
2025,2,1,117300
2025,2,1,253425
2025,2,1,232300
2024,0,1,114080
2023,2,1,260000
2025,0,1,114911
2025,2,1,182780
2025,2,1,190800
2025,2,1,186000
2024,1,1,245000
2025,2,1,228000
2025,2,0,203000
2025,1,1,85000
2024,2,1,123573
2024,0,0,34666
2025,2,1,190650
2024,2,1,192500
2025,1,1,184300
2024,3,1,216000
2024,2,1,125000
2024,2,1,265080
2025,2,1,137600
2025,1,0,165000
2024,2,1,116000
2025,2,1,209000
2025,2,0,239000
2025,1,1,180600
2024,1,1,315000
2024,2,0,176000
2024,1,1,180100
2025,1,1,141400
2024,2,1,314000
2024,2,1,266400
2025,2,1,99400
2024,1,1,400000
2024,0,1,36250
2024,1,1,96761
2024,1,1,250600
2024,2,0,61538
2023,1,1,146000
2025,0,0,29052
2024,1,1,95333
2024,2,1,232000
2025,2,0,253000
2024,2,1,146875
2024,2,1,129000
2024,2,1,189620
2025,1,1,125000
2024,2,1,180000
2024,0,1,97200
2024,1,1,79000
2023,0,1,75000
2024,1,1,94604
2025,0,0,16421
2024,2,1,204644
2024,2,1,135000
2024,2,1,202472
2022,2,1,100000
2025,2,1,90000
2024,2,1,230000
2024,2,1,248404
2024,2,1,213876
2024,2,1,114590
2024,2,1,157959
2025,1,1,237500
2024,2,1,185400
2024,2,1,95325
2024,2,1,85000
2025,2,1,147000
2025,0,1,154300
2025,1,1,167981
2025,2,1,52000
2024,1,1,139000
2024,1,1,68088
2024,2,0,465972
2022,2,1,129300
2025,1,1,159053
2024,0,1,73950
2025,1,1,425500
2025,2,0,154000
2021,0,1,80000
2024,2,1,170700
2024,1,1,78230
2024,0,1,115824
2024,2,1,137500
2024,1,1,240000
2024,2,1,192900
2025,2,1,102000
2025,2,1,171000
2024,0,0,80000
2025,3,1,203000
2024,1,1,139000
2024,1,1,137500
2024,2,1,110000
2025,1,1,83600
2024,2,1,187391
2024,2,1,114200
2024,2,1,158550
2025,1,1,171000
2024,2,1,92560
2025,1,1,214032
2025,2,1,191500
2023,2,1,225000
2022,2,1,172200
2024,1,0,40000
2024,2,1,296300
2025,1,1,149983
2024,1,1,162000
2024,2,1,117200
2024,1,1,177250
2023,0,0,61520
2024,2,0,125500
2025,2,1,114104
2024,2,1,69200
2025,0,1,200000
2025,1,1,219600
2024,1,1,165760
2024,3,1,103000
2024,2,1,249700
2024,2,1,310000
2024,0,1,162240
2023,2,1,85500
2024,2,1,190000
2024,1,1,260570
2025,1,1,80000
2024,2,1,100000
2024,0,1,147000
2024,2,1,150000
2024,2,1,164600
2024,2,1,145800
2025,2,1,300000
2024,2,1,141000
2024,1,0,160000
2024,2,1,175600
2023,3,1,215936
2025,1,1,100000
2025,0,1,125130
2025,1,0,140000
2025,0,1,58000
2024,0,1,137000
2024,0,0,62832
2025,1,1,259000
2024,2,1,212800
2024,1,1,126800
2025,2,0,115000
2024,2,0,187166
2025,2,0,108000
2024,2,0,164379
2024,1,1,234000
2024,0,1,125000
2025,1,1,121900
2025,1,1,135285
2024,2,1,176520
2025,2,1,204200
2024,1,1,75712
2024,1,1,69000
2025,2,1,161400
2024,2,1,158880
2024,2,1,187000
2024,2,0,86666
2024,2,0,75000
2025,2,1,300800
2024,2,1,118414
2024,2,1,111200
2024,1,0,179630
2024,1,1,121800
2023,2,1,159900
2025,2,1,94000
2025,2,1,99100
2024,2,1,165300
2024,2,1,76560
2024,1,1,198000
2023,1,1,142200
2023,1,0,51676
2025,1,1,181896
2024,2,1,176470
2025,1,1,191375
2023,0,0,32974
2025,1,1,164400
2024,2,1,233000
2023,2,1,205600
2025,2,1,170060
2024,1,1,122000
2024,2,1,73008
2024,2,1,366000
2025,0,0,50000
2024,2,1,242000
2024,0,1,63000
2024,1,1,279400
2024,2,1,283780
2024,1,1,112500
2025,0,1,127650
2024,1,1,154500
2024,2,1,164640
2025,3,1,148850
2024,1,1,128000
2024,2,1,95797
2025,2,1,141200
2024,1,1,170700
2024,2,1,194810
2025,2,1,303050
2024,2,1,127330
2024,1,1,95900
2025,3,1,338000
2024,2,1,135000
2025,2,1,119600
2025,2,1,130000
2024,2,1,138200
2025,1,1,127752
2024,1,1,68900
2024,2,1,212000
2024,2,1,168000
2025,2,1,186000
2025,2,0,51052
2024,2,0,241000
2025,2,0,118000
2024,2,1,165500
2024,1,1,125600
2025,2,1,87954
2025,2,1,385000
2025,1,1,58000
2024,1,1,147000
2025,2,1,150000
2025,2,1,110614
2025,2,1,106200
2025,1,1,251000
2025,2,1,130000
2024,2,1,81411
2025,0,1,96000
2025,0,1,138000
2024,2,1,132100
2024,1,1,207000
2025,0,1,66000
2024,2,1,100000
2022,2,1,146000
2024,0,0,129288
2024,2,1,209000
2025,2,1,96600
2024,1,1,109283
2024,1,1,62800
2024,1,1,122000
2024,1,1,222007
2025,2,1,294000
2024,1,1,148000
2025,1,1,155995
2025,0,1,105943
2025,2,1,104800
2025,0,1,75065
2024,0,1,105500
2025,1,0,116000
2024,2,1,165600
2024,2,1,194098
2024,2,1,210000
2025,2,1,175000
2023,2,1,234000
2023,2,1,160000
2024,2,1,203940
2024,1,1,99000
2025,2,1,99000
2021,2,0,102839
2024,3,1,273600
2025,2,0,170000
2024,1,1,195200
2025,1,1,84214
2025,0,1,122200
2024,2,1,246000
2025,1,0,173233
2024,2,1,104550
2025,0,1,131800
2025,1,1,85000
2024,2,1,220060
2025,1,1,98383
2025,1,1,300000
2023,2,1,113500
2023,2,0,127000
2024,2,1,96358
2024,1,1,95000
2023,3,1,145000
2024,0,1,80000
2024,2,1,250200
2025,2,1,220000
2025,2,0,130000
2024,1,1,720000
2025,1,1,265000
2024,1,1,79200
2024,2,1,167200
2024,1,1,116425
2024,2,0,96643
2024,1,1,111078
2023,1,0,49216
2024,1,1,157000
2025,2,1,129450
2025,2,1,52800
2025,2,1,120500
2024,2,1,345000
2024,3,1,203000
2025,1,1,259000
2024,3,0,97600
2022,2,1,151800
2024,2,1,150385
2025,2,1,193750
2024,1,1,135400
2024,1,1,80477
2025,2,1,258900
2024,2,1,237600
2025,1,1,154125
2024,2,1,117000
2025,1,1,180000
2025,2,1,176000
2024,2,1,265080
2023,1,1,115500
2025,2,1,161460
2025,2,1,124486
2024,3,1,337000
2025,2,1,135650
2024,2,0,195000
2024,1,1,156000
2024,2,1,218900
2025,2,1,199210
2023,1,1,125000
2025,0,1,52000
2023,0,1,99300
2025,0,1,203000
2024,2,1,194688
2024,0,1,140000
2024,1,1,101600
2024,2,1,222500
2024,1,1,85800
2025,2,1,157360
2024,1,0,77622
2024,1,1,170700
2025,2,1,136500
2025,2,1,161000
2025,1,1,150000
2025,0,1,108000
2024,2,1,89700
2025,2,1,325500
2024,2,1,99740
2024,2,1,218900
2023,2,1,123000
2024,1,0,110000
2023,1,1,155000
2023,2,1,130000
2024,2,0,110607
2025,2,1,138900
2025,2,1,233600
2024,0,0,50669
2025,2,0,82600
2023,2,1,127876
2024,2,1,189000
2025,1,1,158000
2025,0,0,24000
2025,2,1,264801
2023,2,1,190000
2025,2,1,90000
2025,2,1,205000
2025,1,1,199500
2025,2,1,176000
2023,2,1,193500
2025,3,1,145000
2024,2,1,221550
2024,2,1,102193
2024,1,1,316900
2024,2,1,257000
2025,1,1,129800
2024,1,1,184216
2024,2,1,166750
2025,1,1,310000
2023,1,1,106050
2025,2,1,204000
2024,2,1,230800
2024,2,1,393300
2024,0,0,33750
2024,1,1,185000
2025,1,0,84210
2025,2,1,100000
2024,2,1,160000
2024,0,1,92300
2024,2,1,162150
2023,2,1,308000
2023,3,1,100000
2025,2,1,145200
2022,2,1,120000
2023,2,1,205500
2024,2,1,112000
2025,2,0,50000
2024,2,1,105200
2024,2,1,141000
2024,2,1,115400
2024,0,1,67824
2024,1,1,156450
2023,0,0,29691
2024,2,1,187000
2024,2,1,96200
2024,2,1,122430
2024,1,1,185800
2024,2,1,175000
2025,1,1,53357
2024,1,1,61500
2025,1,1,185100
2024,0,1,140000
2024,2,1,160000
2023,1,0,110736
2023,2,1,210000
2025,2,1,165000
2024,1,1,97800
2023,0,1,130000
2024,1,1,110500
2024,1,1,134800
2024,2,1,227000
2024,0,1,62000
2025,2,1,230600
2024,2,0,98600
2025,2,1,340000
2025,1,1,465000
2024,1,1,97000
2024,1,1,110000
2025,2,1,147080
2024,1,0,60300
2025,2,1,200000
2024,1,1,192840
2024,2,1,108000
2025,2,1,126650
2023,2,0,123040
2024,2,1,101300
2025,0,1,64000
2024,1,1,97800
2025,2,1,144630
2024,0,0,46666
2025,3,1,385000
2025,0,1,79227
2024,2,0,66666
2024,2,1,152000
2025,2,1,95000
2024,0,1,86520
2025,2,1,117200
2024,2,1,99500
2024,1,1,156864
2024,2,0,106250
2024,1,1,67200
2025,2,1,256400
2025,2,1,204300
2025,2,1,260000
2025,1,1,40750
2024,0,1,173040
2025,3,1,414000
2024,1,1,112000
2024,1,0,60000
2025,1,1,212800
2025,2,1,231000
2024,1,1,124700
2024,0,1,110000
2024,2,1,88000
2024,1,0,95000
2024,2,0,116666
2024,3,1,130000
2024,2,1,216700
2024,0,1,86900
2024,2,1,231500
2024,2,1,173000
2025,0,1,136000
2024,1,1,82678
2024,2,1,181896
2024,0,1,212200
2025,2,1,60643
2024,2,1,142300
2024,1,0,50000
2023,2,1,284000
2024,1,1,135000
2025,2,1,132500
2024,0,1,165000
2024,2,1,285000
2023,2,1,58400
2024,2,1,173900
2025,1,1,159170
2024,1,1,150000
2024,2,1,270000
2025,0,1,228600
2024,0,0,60000
2025,0,1,150000
2025,2,1,120300
2024,0,1,124500
2023,2,1,147100
2022,2,1,215300
2024,1,1,115000
2025,2,1,207800
2025,0,1,40000
2024,2,1,299792
2025,2,1,405500
2024,2,1,184208
2025,2,0,79606
2024,2,1,198440
2025,2,1,175200
2025,2,1,334600
2024,2,1,288000
2022,2,1,85700
2025,0,1,199600
2024,2,1,89600
2024,2,1,163680
2024,2,1,155600
2025,1,1,177000
2024,2,1,86300
2025,2,1,150000
2025,1,1,150000
2025,2,0,124000
2025,2,1,168000
2024,2,1,204231
2025,1,1,126500
2024,1,1,229900
2025,2,1,233400
2024,2,1,200000
2024,1,1,61000
2024,2,1,140000
2024,1,1,190600
2024,1,0,81250
2023,2,1,138860
2024,2,1,118976
2025,2,0,120000
2024,1,1,234062
2023,1,1,130000
2025,1,1,177880
2023,1,0,300000
2025,2,1,160000
2025,2,0,127000
2025,2,1,197730
2024,1,1,85500
2025,1,1,127000
2024,2,1,143625
2022,1,1,141300
2024,1,1,117500
2025,1,1,130300
2024,1,0,60300
2025,2,1,94500
2025,2,1,108050
2024,0,1,63000
2024,1,1,149000
2024,0,1,154000
2023,2,1,178000
2023,2,1,120250
2024,1,1,82100
2024,2,1,314400
2025,2,1,189000
2024,2,1,154000
2025,2,1,197500
2024,2,1,103586
2025,2,1,158945
2024,1,1,359400
2025,0,1,78000
2025,2,1,158100
2024,0,1,81000
2025,0,1,68232
2023,2,0,120250
2024,2,0,128125
2023,2,1,66000
2024,2,1,155584
2025,1,0,79587
2025,1,0,46736
2024,2,0,117950
2025,1,1,200000
2025,1,0,47873
2024,1,1,130642
2024,1,1,150500
2025,0,1,64000
2025,2,1,70024
2024,0,1,79800
2024,1,1,75000
2024,1,1,65000
2024,0,1,81600
2023,2,1,319000
2024,2,1,157850
2025,2,0,73073
2024,1,1,135148
2022,0,1,100000
2023,1,1,111000
2023,2,1,66825
2024,1,1,214500
2025,2,1,88629
2025,1,0,87000
2025,2,1,190000
2025,2,1,178800
2023,2,1,115500
2023,2,1,121550
2025,2,1,185000
2025,0,1,47000
2024,2,0,168750
2024,1,1,350000
2023,2,1,139500
2023,0,1,65000
2022,1,0,86193
2025,2,1,115920
2024,1,1,115000
2025,2,1,356500
2025,1,1,80740
2025,2,1,160000
2025,2,1,153000
2024,1,1,184600
2025,2,1,207000
2025,1,1,83600
2024,1,1,168854
2025,2,1,144630
2024,2,1,79643
2024,2,1,183621
2024,0,0,56666
2024,0,1,162082
2025,2,1,318500
2024,3,1,253000
2025,2,1,80000
2025,2,1,130230
2024,1,1,212500
2025,2,0,125693
2024,2,1,135000
2025,1,1,170000
2023,2,1,170000
2025,1,1,196000
2023,1,1,105000
2025,2,1,129000
2025,1,1,125000
2025,2,0,56841
2024,2,0,193000
2024,2,1,123076
2025,1,1,75000
2024,1,1,67500
2025,2,1,135000
2024,2,0,106930
2024,2,1,217300
2024,2,0,119000
2024,2,1,155000
2024,0,1,250000
2025,1,1,92300
2025,0,1,49300
2025,2,1,199120
2025,2,1,147000
2024,2,1,85000
2025,1,1,124800
2024,1,0,88444
2025,2,1,300000
2025,2,1,62000
2024,1,0,101539
2024,1,0,173233
2023,2,1,170000
2023,3,1,247500
2023,2,1,140000
2024,0,1,171350
2023,1,1,105000
2024,2,1,185150
2024,0,1,79900
2024,3,1,313600
2024,1,1,136300
2024,2,0,193750
2024,1,1,136800
2024,2,1,310270
2024,3,1,255000
2022,2,1,195700
2023,2,1,90000
2024,1,1,65000
2024,1,1,175100
2025,1,1,130000
2024,2,1,119076
2024,2,1,277600
2023,2,1,172200
2024,2,1,98000
2024,2,1,218000
2024,2,1,148000
2025,1,1,93080
2024,2,1,209800
2022,1,0,83171
2024,2,1,184300
2024,1,1,60400
2025,2,1,151300
2024,1,1,74400
2025,2,1,276000
2024,0,1,157000
2024,0,1,75000
2024,1,1,154300
2023,2,1,127300
2025,1,1,130000
2025,2,1,137000
2024,2,1,112000
2024,2,0,125000
2025,2,1,216590
2024,2,0,81333
2025,2,1,250200
2025,1,1,150000
2024,2,1,219000
2025,1,0,72000
2025,2,1,349000
2024,1,1,148500
2024,1,1,93800
2024,1,1,154818
2024,2,1,228267
2023,1,1,120000
2023,0,0,35000
2025,2,0,136800
2023,2,1,188000
2025,2,1,181170
2024,1,1,172000
2024,1,1,113000
2024,2,1,314400
2024,2,0,185500
2024,2,0,155000
2024,1,1,114900
2025,2,1,139400
2023,3,0,72000
2024,0,1,77376
2025,1,1,110058
2023,1,0,43064
2024,1,1,154500
2025,1,1,117900
2024,2,1,266875
2024,2,1,224241
2023,2,1,174350
2024,2,1,158200
2024,1,1,132960
2024,2,0,85000
2023,0,1,63200
2024,2,1,137029
2025,2,1,120000
2025,2,0,256000
2023,1,0,86128
2024,2,1,169229
2025,2,1,158000
2024,2,1,159100
2023,2,1,81500
2024,1,1,204000
2024,2,1,170000
2025,1,1,560000
2024,0,0,113400
2024,0,1,160856
2023,2,1,170186
2025,1,1,128078
2024,3,1,120000
2024,1,1,66000
2024,2,1,240000
2024,2,1,166600
2024,1,1,287800
2025,1,1,166900
2024,2,1,76915
2024,2,1,194400
2025,2,1,82000
2024,2,1,220900
2025,2,1,155000
2024,2,1,128100
2025,2,1,263600
2025,3,1,103920
2025,2,1,208150
2022,2,0,104611
2024,2,1,116000
2023,2,1,138750
2024,0,0,58333
2024,2,1,246000
2024,2,1,131000
2022,0,0,17805
2024,1,1,234400
2023,2,1,186000
2025,2,0,249700
2024,2,1,160600
2024,2,1,122000
2024,1,1,143000
2025,2,1,275600
2024,2,1,178250
2025,1,1,84600
2023,1,1,154000
2025,2,1,113840
2025,2,1,141340
2024,0,1,112000
2024,1,0,90000
2025,2,1,60000
2024,2,1,148719
2024,0,1,98300
2024,2,1,155605
2025,2,0,158227
2024,1,1,59500
2025,0,1,164500
2024,2,0,93400
2024,1,1,93750
2025,1,0,137500
2024,2,1,113600
2024,2,1,237400
2024,1,1,73700
2024,2,1,167111
2023,1,1,65000
2024,2,1,62300
2025,1,1,91000
2024,0,0,120000
2024,0,1,39500
2022,2,1,212800
2023,2,1,254000
2024,0,1,82898
2025,2,1,172500
2023,2,1,145000
2024,1,1,100000
2024,2,1,182000
2024,2,1,257300
2024,1,1,52100
2024,0,1,55250
2024,2,1,275000
2024,0,1,300000
2024,1,1,150000
2024,1,1,260100
2024,2,0,62500
2020,0,0,45896
2023,1,1,117000
2024,1,1,318000
2024,2,1,168700
2024,1,0,27611
2023,1,1,175000
2025,2,1,192700
2025,1,1,189640
2024,2,1,211180
2024,2,1,170000
2025,0,1,164000
2024,1,0,39593
2023,2,1,105700
2025,2,1,200475
2025,0,1,72100
2024,0,1,70824
2024,1,0,156250
2024,2,1,160650
2024,2,1,146000
2023,2,1,110400
2024,1,1,193000
2023,1,1,85000
2024,1,1,137000
2025,1,1,91100
2024,1,1,235000
2024,2,0,154400
2024,2,1,210000
2022,2,1,90320
2025,1,1,174000
2024,2,1,67750
2025,2,1,302400
2024,2,1,160000
2024,2,1,131250
2024,2,1,200800
2024,2,1,113840
2024,1,1,110000
2024,0,1,85000
2024,2,1,267600
2024,1,1,129400
2024,1,1,45000
2024,2,1,270000
2024,1,1,211000
2025,2,1,78945
2024,0,1,62900
2024,1,1,88000
2025,2,1,75000
2024,1,1,127000
2024,1,1,137900
2024,2,1,239300
2025,2,1,155000
2024,2,0,55555
2024,2,1,310000
2024,1,1,97575
2024,1,1,86000
2025,0,1,138000
2024,1,0,130000
2024,2,0,90000
2025,1,1,94542
2025,0,1,104800
2024,2,1,88052
2025,2,1,272000
2025,3,1,270000
2025,2,1,190000
2024,2,1,323000
2025,2,1,172000
2024,1,1,132000
2025,2,1,130590
2024,1,1,81250
2022,3,1,157000
2024,1,1,236925
2024,1,1,208800
2023,2,1,132100
2024,2,1,96700
2022,2,1,164000
2025,2,1,257000
2025,2,1,95100
2024,1,1,180200
2024,0,1,166000
2024,1,0,100000
2025,2,1,182000
2024,2,0,132000
2024,2,1,152300
2025,2,1,164000
2024,2,1,220900
2025,2,1,165000
2023,2,0,204500
2024,1,1,143000
2025,2,1,126100
2024,1,0,118000
2025,1,1,145000
2025,1,1,195000
2021,2,1,170000
2025,2,1,130000
2025,1,1,156250
2024,3,1,146500
2024,1,1,150600
2024,3,0,62500
2025,2,1,233200
2023,2,1,323300
2025,0,1,96500
2024,1,1,130500
2024,1,1,106965
2025,2,1,140000
2025,1,1,99200
2024,0,1,44000
2024,1,1,310000
2025,2,1,313000
2024,2,1,337280
2025,2,1,220000
2024,1,1,147000
2025,1,1,117300
2024,0,1,130500
2025,2,1,105747
2023,2,1,190027
2024,3,1,260000
2025,2,1,135000
2022,2,1,120000
2025,1,1,169900
2024,1,1,170000
2024,2,1,283000
2024,2,1,195540
2024,2,0,53333
2023,1,1,123000
2025,2,1,235750
2024,1,1,132710
2025,1,1,83000
2025,1,1,116424
2023,2,1,123900
2024,2,1,146600
2024,2,1,149000
2025,1,1,250000
2023,3,1,247500
2025,1,1,220000
2025,2,1,218030
2025,2,1,84500
2024,2,1,254000
2025,1,1,128600
2024,0,1,139360
2021,2,1,140000
2024,2,1,203620
2024,2,0,157267
2024,2,0,96888
2024,2,1,250000
2024,2,1,171800
2024,1,1,234500
2024,3,1,195000
2025,2,0,50632
2024,1,1,85800
2024,2,1,115900
2024,1,1,190315
2025,1,0,42761
2024,2,1,258100
2023,2,1,331640
2024,1,1,312200
2024,1,1,287470
2025,1,1,111000
2024,0,1,61100
2024,2,1,119000
2025,1,1,115500
2024,0,1,30000
2024,2,1,190000
2025,1,1,140000
2025,2,1,231000
2023,1,1,73500
2024,2,1,293800
2025,2,1,286000
2025,2,0,199700
2025,1,1,143800
2024,1,1,170000
2024,3,1,350000
2025,1,0,44303
2025,2,1,225163
2024,2,1,169400
2024,2,1,158400
2025,1,1,136000
2024,2,1,220000
2024,1,0,100000
2024,2,1,115200
2025,2,0,144540
2025,2,1,214400
2025,2,1,173000
2025,2,1,266500
2025,2,1,224000
2024,1,0,58717
2025,2,1,192800
2024,1,1,120000
2024,1,1,69785
2025,1,0,149000
2024,2,1,120000
2024,2,1,176784
2025,2,1,119000
2025,2,1,86155
2025,0,1,256000
2025,0,1,62571
2025,2,1,97870
2025,2,1,80300
2024,2,0,399000
2024,2,1,300200
2024,1,1,203100
2025,2,1,84500
2022,2,1,202900
2024,1,1,147200
2024,1,1,126000
2024,2,1,172300
2024,2,1,63600
2024,0,1,185800
2024,2,1,212310
2024,0,1,201250
2025,2,1,251000
2024,1,1,151800
2024,2,1,247400
2025,1,1,183000
2024,1,1,85700
2025,1,1,125000
2023,0,1,48915
2023,0,1,110680
2025,2,1,208700
2025,2,1,149400
2024,1,1,130000
2024,1,1,70000
2023,1,1,150000
2023,2,1,180000
2024,2,1,220000
2024,2,1,70000
2024,2,1,199700
2025,1,1,103450
2025,0,1,73900
2024,1,1,97400
2025,2,1,163200
2025,1,1,200000
2024,1,1,118000
2024,1,1,258000
2025,2,0,114240
2024,1,1,125600
2024,1,1,92100
2024,0,1,66000
2025,2,1,178000
2024,0,1,51700
2025,1,1,205500
2024,2,1,158400
2023,2,1,185900
2024,1,1,185000
2025,2,1,152150
2024,0,1,40000
2024,2,1,200200
2024,2,1,177341
2025,3,1,142500
2025,0,1,68640
2024,2,1,177000
2024,1,1,136000
2023,2,1,100000
2025,0,1,111150
2025,0,1,100027
2022,2,1,100000
2024,2,1,125000
2024,1,1,203466
2024,1,1,310000
2024,0,1,103000
2024,1,1,107400
2024,2,1,134700
2024,1,1,167000
2024,2,1,234000
2024,2,0,178000
2025,1,1,55000
2024,2,1,161600
2024,2,1,150000
2025,1,1,232000
2022,2,1,146000
2025,2,1,86840
2024,2,1,243000
2024,2,0,192500
2022,2,1,147800
2024,2,1,110000
2025,0,1,62400
2024,1,0,134000
2025,1,1,226000
2024,2,0,100000
2024,2,1,150300
2025,2,1,163500
2025,1,1,485000
2023,3,1,250000
2025,2,1,131175
2025,2,1,184920
2025,2,1,227950
2024,2,1,135500
2024,2,1,250000
2024,1,0,101753
2022,1,1,153000
2025,1,1,378700
2024,2,1,162000
2025,1,0,72070
2025,2,1,184640
2024,3,1,296400
2024,1,1,154000
2025,2,1,284300
2024,2,1,75600
2024,2,0,120870
2024,0,1,125000
2024,3,1,297000
2024,2,1,140000
2025,2,1,170760
2025,2,1,103000
2025,2,1,183600
2025,1,1,207000
2025,1,1,230000
2024,2,1,202800
2024,1,0,68750
2023,1,1,150000
2024,0,0,61111
2024,0,1,150700
2024,1,1,158680
2024,2,1,87283
2025,1,0,50632
2024,1,1,132500
2024,1,1,290180
2024,2,0,105000
2024,1,1,86000
2024,2,1,170000
2025,2,1,279000
2025,1,1,191869
2024,2,1,188748
2025,2,1,200000
2025,2,0,85714
2023,0,1,56500
2025,0,1,99000
2024,1,1,101720
2025,1,1,111000
2024,1,1,60400
2024,2,1,178000
2024,1,1,85250
2024,2,0,87500
2024,2,1,103800
2025,3,1,144000
2023,2,1,129300
2025,2,1,211000
2024,2,1,190000
2024,1,1,100000
2024,2,1,128000
2025,0,1,55400
2023,2,1,345000
2024,2,1,215000
2024,1,1,220000
2024,1,1,218000
2024,2,1,175800
2025,2,1,204600
2024,2,1,419750
2025,3,1,399100
2024,2,1,183273
2024,1,1,219696
2024,2,0,52500
2024,2,1,137100
2025,2,1,176000
2024,2,1,65200
2025,1,1,188000
2024,1,1,173000
2024,2,1,126000
2025,0,1,66300
2024,1,1,25000
2025,1,1,103450
2025,1,1,65000
2025,2,1,163000
2024,2,1,170760
2024,2,0,235000
2024,1,1,146100
2024,2,1,268700
2025,2,1,213100
2024,0,1,120000
2024,2,1,102000
2022,2,1,130000
2025,1,1,130500
2025,2,1,117026
2024,2,0,198000
2025,1,1,530000
2023,1,1,130000
2024,0,0,35000
2024,2,1,48200
2023,2,1,95000
2024,2,1,220900
2024,1,1,200000
2024,2,1,208500
2025,3,0,150000
2025,2,1,159960
2025,1,1,109000
2024,2,1,160000
2024,0,0,95655
2024,1,1,186000
2024,2,1,116500
2024,0,1,90000
2024,1,1,130000
2025,1,1,161600
2024,2,1,158000
2024,1,0,160000
2023,3,1,145000
2023,2,1,282000
2025,1,1,250000
2024,2,1,69520
2025,2,1,151435
2024,1,1,160000
2024,2,1,315000
2024,1,1,151800
2024,2,1,175000
2024,1,1,145200
2025,1,1,126500
2023,0,1,80000
2025,1,1,252000
2024,1,1,109000
2025,2,1,223000
2024,1,1,86600
2025,1,1,74400
2025,2,1,155000
2023,1,1,220000
2023,2,1,158620
2025,2,1,84000
2025,2,1,279500
2024,2,1,156000
2025,2,1,363000
2023,2,1,184000
2025,2,1,219200
2023,2,1,140400
2025,1,0,60000
2024,1,1,234000
2024,1,1,171000
2024,2,0,230000
2024,2,1,249937
2024,1,1,223000
2024,2,1,267500
2024,1,1,205000
2024,1,1,108600
2025,2,1,166200
2024,2,1,117440
2025,2,1,121400
2024,2,1,172500
2025,0,0,28571
2024,3,1,96000
2024,2,1,337300
2024,2,1,177400
2025,1,1,70000
2024,1,1,165000
2024,2,1,116500
2024,1,1,204300
2024,1,1,227700
2024,2,0,89000
2023,2,1,272290
2024,2,0,62500
2025,2,1,254400
2025,1,1,89250
2024,2,1,122500
2024,2,0,88461
2025,2,1,208000
2025,2,1,99000
2024,1,1,200000
2024,3,1,190000
2024,1,1,220000
2023,2,1,370000
2025,2,1,142800
2024,1,1,150000
2024,2,1,231110
2022,1,1,170000
2024,1,1,87300
2024,1,1,285000
2025,2,1,318090
2025,2,1,133840
2024,2,0,500000
2024,2,1,140000
2024,1,1,120000
2025,1,1,208000
2024,0,1,58500
2024,3,1,96400
2025,1,1,107448
2022,2,1,180000
2025,1,1,103000
2024,1,1,97100
2025,2,1,160000
2024,2,1,96700
2024,3,1,142250
2025,0,1,32000
2024,2,0,212000
2025,1,1,66799
2024,2,1,314400
2025,0,1,98000
2024,2,0,85000
2024,1,0,230000
2024,2,0,225000
2024,1,1,310000
2025,1,1,159435
2025,2,1,180000
2024,3,1,110000
2024,2,1,121500
2024,2,1,287500
2025,2,1,103450
2024,2,1,184000
2025,1,0,133000
2024,2,1,193800
2025,1,1,62000
2024,2,0,137777
2024,0,1,144000
2024,2,1,111000
2025,1,1,62000
2025,1,1,194792
2024,2,1,177961
2024,1,1,85442
2024,1,0,37333
2025,2,1,82263
2025,1,1,190200
2024,2,1,102183
2025,2,1,257000
2024,2,1,184580
2025,2,1,155000
2025,3,1,223000
2024,1,1,202800
2024,1,1,320000
2025,1,1,104000
2024,2,1,115000
2023,2,1,183000
2024,1,1,79400
2024,2,1,143200
2025,1,0,79320
2025,2,1,235000
2024,0,1,97400
2024,1,1,88000
2025,1,0,151898
2024,2,1,182000
2025,3,1,314960
2024,2,1,187500
2024,2,1,135000
2025,1,1,89600
2022,1,1,136000
2025,2,1,207000
2024,1,1,329600
2025,1,0,133100
2022,0,1,25216
2024,1,1,132480
2025,2,1,105267
2024,2,1,375000
2024,1,1,34173
2024,2,1,250700
2024,1,1,95000
2025,1,1,156160
2024,2,1,55400
2024,2,1,133969
2024,2,1,148000
2024,2,1,95300
2024,2,1,137000
2025,2,1,188000
2025,2,1,174000
2024,2,1,123800
2024,1,1,97500
2025,1,1,171814
2024,2,1,227900
2023,2,0,199200
2024,2,1,70200
2024,0,1,140663
2024,2,1,127500
2025,1,1,179000
2024,2,1,147000
2024,2,1,244000
2025,1,1,155250
2024,2,1,213400
2024,2,1,96600
2024,1,1,83500
2022,2,0,38154
2024,1,1,109530
2025,1,0,80000
2024,0,1,102000
2025,2,1,175800
2024,2,0,139000
2025,1,1,121501
2024,1,1,125000
2024,2,1,175000
2025,2,1,155000
2022,2,1,156600
2024,1,1,103800
2023,2,0,166000
2023,2,1,241871
2024,1,1,180000
2024,1,1,303000
2024,1,1,133100
2024,2,1,97600
2025,0,1,89000
2025,1,0,34174
2024,2,1,161600
2025,3,1,300000
2024,2,1,251500
2025,2,1,132000
2025,2,0,264000
2024,2,1,250200
2025,2,1,260590
2023,1,0,46426
2024,1,1,60000
2025,1,1,110000
2024,2,1,164299
2025,2,1,231000
2025,2,1,270000
2024,1,1,65000
2025,2,1,294000
2024,2,1,238000
2024,2,1,96600
2023,2,1,87400
2025,3,1,74100
2025,1,1,114000
2024,2,1,102600
2023,2,1,186700
2024,2,1,275000
2024,2,1,140100
2023,2,1,160080
2025,0,1,125000
2024,1,1,160000
2023,2,1,129300
2023,3,1,237500
2024,1,1,216000
2025,2,1,135600
2024,2,1,144200
2025,1,0,101200
2025,1,0,68421
2024,1,1,151770
2023,2,1,214500
2024,0,1,90000
2025,2,1,224968
2024,2,1,170200
2024,0,1,107600
2022,1,1,78000
2024,1,1,75600
2025,1,1,116334
2023,1,1,242000
2025,1,1,126800
2024,1,1,204300
2024,1,1,73500
2024,1,1,115400
2025,2,1,720000
2024,2,1,135000
2024,2,1,202950
2024,1,0,110500
2024,3,1,80000
2024,1,1,58500
2025,1,1,560000
2025,0,1,88680
2025,2,1,143800
2025,2,1,205000
2023,2,1,115000
2024,2,1,154000
2024,2,1,113120
2025,1,1,145000
2024,2,1,72000
2025,2,1,123300
2024,0,1,231400
2024,0,1,90000
2025,2,1,114700
2023,0,1,125000
2024,2,1,192390
2024,2,1,111900
2024,2,1,119200
2024,2,1,200000
2025,1,1,135240
2024,1,1,265000
2024,1,0,65300
2024,2,1,117440
2024,2,1,122200
2024,2,1,231250
2024,2,1,223500
2025,2,1,150000
2025,2,1,185000
2025,3,1,125000
2024,2,1,157600
2024,2,1,90000
2024,2,0,105700
2024,1,1,148355
2024,2,1,96800
2025,0,1,74200
2025,2,1,140000
2024,1,1,125700
2025,1,1,117600
2024,1,1,59000
2024,2,1,278000
2024,2,0,100257
2025,3,0,312000
2025,1,1,54093
2023,3,1,142200
2025,2,1,600243
2023,1,1,110000
2025,2,1,750000
2023,2,1,164100
2024,1,1,109300
2024,0,0,115000
2024,1,1,205500
2024,1,1,100000
2024,1,1,86000
2024,1,1,140000
2024,2,1,226000
2025,2,1,122100
2024,2,1,70020
2023,2,1,250900
2024,1,1,83054
2024,2,1,141300
2023,2,1,172800
2021,1,0,28476
2025,2,1,560000
2024,1,0,37500
2025,1,1,102800
2025,2,1,310000
2024,1,0,100000
2025,2,0,140920
2024,1,1,214500
2025,2,0,94936
2024,2,1,143800
2025,2,1,137100
2025,2,1,151400
2025,0,1,68000
2024,2,1,180000
2024,1,0,198000
2025,0,1,88300
2024,1,0,42666
2024,1,1,245000
2024,2,0,113000
2023,2,1,201450
2024,2,1,180600
2025,1,1,193400
2024,1,1,82800
2024,1,1,163000
2025,2,1,128000
2025,2,1,136300
2025,2,0,125000
2025,0,1,40000
2024,1,1,94300
2024,2,1,209500
2025,2,1,153800
2024,2,1,51000
2024,3,1,207000
2024,1,1,83028
2024,2,1,199234
2024,2,1,332300
2024,1,1,148800
2025,1,0,97273
2024,2,1,180000
2025,2,1,146300
2024,1,0,154000
2024,2,1,134597
2024,2,1,175059
2025,1,1,70300
2025,2,1,156733
2025,2,1,222024
2025,1,1,317600
2024,1,1,159250
2025,0,1,40000
2024,1,1,76100
2024,0,1,74000
2024,1,1,73230
2024,1,1,66560
2025,2,1,89400
2024,2,1,124000
2025,1,1,315000
2025,2,1,234300
2022,0,1,45600
2024,1,0,56453
2025,0,1,207000
2024,2,1,108500
2025,2,1,102850
2024,0,0,38085
2024,2,1,175300
2024,1,1,86000
2025,2,1,720000
2024,2,1,183000
2024,2,1,223800
2025,2,1,108900
2025,3,1,203000
2024,1,1,156000
2024,2,1,54000
2025,1,1,147000
2024,1,1,140000
2024,2,1,104000
2024,1,1,88000
2025,1,1,188640
2024,2,1,220000
2024,2,0,105000
2024,1,1,130000
2024,1,1,127600
2025,2,0,59368
2025,2,1,315000
2024,1,1,208300
2024,2,1,162000
2024,0,1,95000
2024,2,0,115384
2024,1,1,80000
2023,3,1,284000
2025,3,1,257000
2024,1,1,160500
2024,1,1,117000
2024,1,1,125000
2024,2,1,139000
2025,1,0,100000
2023,2,0,55368
2021,2,0,55000
2025,1,1,70000
2023,1,1,119200
2024,2,1,109400
2024,2,1,275000
2025,1,1,89000
2024,2,1,166210
2024,2,0,132000
2023,2,1,144700
2024,2,1,117300
2024,2,1,257400
2024,1,1,132800
2024,1,1,190000
2024,2,1,378700
2024,1,1,149000
2025,2,1,185000
2024,1,1,297000
2024,0,1,127600
2023,2,1,126000
2024,2,0,50000
2024,2,1,117000
2025,1,1,95000
2024,1,1,178000
2025,2,1,284000
2025,1,1,54000
2024,2,1,178388
2024,1,0,105195
2024,2,0,98400
2024,1,1,300200
2023,2,1,173650
2025,2,1,172080
2024,2,1,123830
2024,2,1,166600
2025,0,1,86650
2025,0,1,178000
2024,1,1,179000
2023,3,1,192000
2025,2,1,188875
2024,2,1,207000
2025,2,1,188000
2024,2,1,208600
2024,1,1,265000
2024,0,1,132200
2025,2,0,88607
2024,2,1,166600
2025,2,1,175900
2024,1,1,144800
2024,0,1,254270
2024,0,0,56000
2024,0,1,58018
2021,0,0,18053
2025,2,1,170900
2024,2,1,116760
2025,2,0,135800
2023,3,1,230000
2024,1,1,157600
2024,1,1,181272
2022,3,1,260500
2025,2,0,113571
2025,2,1,124400
2025,0,1,46800
2025,2,1,175000
2025,2,1,178100
2025,3,1,330000
2024,2,1,65200
2025,2,1,127890
2024,1,1,151700
2024,2,0,61538
2025,1,1,158000
2025,2,1,152000
2024,0,0,83655
2024,2,1,112200
2023,2,1,188500
2023,2,1,198000
2025,2,1,136000
2025,1,1,358000
2024,1,0,136363
2022,1,0,54000
2025,1,1,160500
2024,1,1,308000
2024,2,1,93400
2025,2,1,131664
2023,1,1,120000
2025,1,0,78315
2025,2,1,210000
2025,2,1,130000
2025,2,1,195000
2024,2,1,223644
2024,0,1,50000
2024,2,1,119700
2024,1,1,204300
2023,2,0,258800
2024,2,1,130000
2025,2,1,129620
2025,1,1,196800
2024,1,1,140000
2024,2,1,156800
2024,0,1,165511
2024,2,1,370000
2024,1,0,21333
2024,2,1,249840
2024,0,1,250000
2024,1,1,301200
2024,2,1,274000
2025,1,1,130800
2025,2,1,220000
2024,2,1,306000
2024,2,1,128250
2024,2,1,225000
2025,1,1,85000
2024,2,1,136800
2024,1,1,100000
2025,2,1,227200
2025,1,1,126000
2025,2,1,210569
2024,2,0,148960
2024,1,1,96938
2025,2,1,245100
2024,0,1,159000
2025,0,1,112500
2025,1,1,71400
2025,2,0,40900
2024,2,1,42435
2025,2,1,250000
2025,1,0,156000
2024,2,1,180000
2024,2,1,81500
2024,1,0,50000
2024,1,0,100000
2024,0,1,99200
2024,2,1,148699
2024,3,1,85000
2024,0,1,119155
2025,0,1,140000
2024,2,1,199800
2025,2,1,228800
2024,2,1,287500
2025,0,1,110000
2025,1,1,30000
2025,2,1,201500
2024,1,1,112000
2025,2,1,150000
2024,2,0,66666
2025,1,1,82600
2024,1,1,112320
2024,2,1,175000
2022,2,1,106500
2024,2,1,105800
2025,1,1,85000
2025,2,1,218900
2024,3,1,74670
2023,0,0,85000
2024,2,1,170200
2025,2,1,261500
2024,1,0,87500
2023,3,1,218000
2025,2,1,235000
2024,2,1,53300
2024,1,1,68640
2024,1,1,160000
2023,2,1,214000
2024,1,1,100000
2024,2,1,284000
2024,2,1,187415
2024,1,1,87550
2025,2,1,83700
2025,2,1,184000
2023,2,1,130000
2025,1,1,143900
2024,0,1,142897
2024,1,1,85000
2023,2,1,310000
2022,2,1,250000
2024,2,1,127300
2025,2,1,210000
2024,3,1,237500
2025,1,1,150000
2024,1,1,89400
2025,0,1,92000
2025,2,1,303000
2024,1,1,153600
2023,1,1,44640
2024,1,1,250104
2025,2,0,179900
2025,1,1,108900
2025,2,1,211920
2025,2,1,168000
2025,2,1,280000
2024,2,1,242000
2024,1,1,58400
2022,2,1,136994
2025,2,1,126000
2024,2,1,143000
2025,2,1,82600
2025,1,0,78947
2025,2,0,220000
2024,0,1,96200
2024,1,1,155000
2025,2,1,123114
2024,2,1,177500
2025,1,1,303000
2024,1,1,140025
2025,2,1,98000
2023,2,0,47799
2024,1,1,84600
2024,1,1,118800
2025,2,1,180000
2025,2,0,150000
2025,1,1,60000
2023,2,0,168700
2024,1,0,144000
2024,2,1,76000
2024,0,0,60642
2024,1,1,165400
2023,0,0,50000
2025,2,0,57894
2024,0,1,93400
2024,2,1,156510
2024,0,1,75065
2024,1,1,350000
2024,2,1,130001
2022,2,1,247500
2024,2,1,182541
2024,1,0,104000
2024,1,0,142307
2024,1,1,60200
2025,1,1,69000
2025,2,1,54000
2024,3,1,142250
2025,2,0,200000
2024,1,1,36000
2024,2,1,223063
2024,1,1,65956
2025,2,0,97142
2024,0,0,91000
2024,0,1,95000
2024,1,1,124935
2024,3,1,185000
2025,2,1,131400
2024,1,1,134000
2024,2,1,190000
2024,1,1,248500
2025,1,1,44022
2024,0,1,112000
2024,2,1,105070
2024,2,1,77000
2025,1,1,150000
2024,3,1,166400
2024,2,1,94000
2024,1,1,97000
2024,1,1,90000
2024,1,0,37500
2023,2,1,80850
2024,2,1,248900
2025,0,0,125077
2024,2,1,138000
2024,2,1,282000
2025,2,1,237500
2025,2,1,207000
2024,1,0,81419
2024,2,1,240000
2024,1,1,68400
2024,2,1,180000
2024,2,1,115500
2024,1,1,232223
2024,2,0,276680
2024,1,1,126500
2025,2,1,264000
2024,2,1,220000
2024,2,1,86000
2024,2,1,282000
2024,2,1,210000
2024,1,1,300000
2024,0,0,35625
2025,0,1,140000
2025,1,1,73700
2025,2,1,208200
2024,2,1,252000
2024,0,0,17333
2025,2,1,260000
2024,2,1,288000
2025,2,0,168000
2025,3,1,333000
2024,1,1,117000
2025,2,1,128360
2024,0,1,90300
2025,2,1,225000
2023,1,1,70900
2023,2,0,57000
2025,1,1,350000
2025,1,1,140800
2025,1,1,105000
2025,1,0,70405
2025,1,1,720000
2025,1,1,160000
2024,0,1,52200
2025,0,0,24556
2024,1,1,132500
2025,2,1,167700
2024,2,1,172800
2024,2,1,214000
2025,2,1,183600
2024,0,0,58333
2024,1,1,54911
2025,2,1,222700
2023,1,1,73000
2024,2,1,114720
2024,2,1,123000
2025,1,1,214032
2024,2,0,75000
2023,2,1,160000
2025,2,0,76842
2025,1,1,270000
2025,2,1,138720
2024,0,1,65600
2025,1,0,115000
2025,1,1,230000
2024,2,1,204600
2024,1,0,133000
2024,2,0,93750
2024,1,1,158000
2021,2,1,256000
2025,1,1,295000
2025,2,1,178100
2024,1,1,278900
2024,2,1,187000
2025,2,1,142600
2024,1,1,86400
2025,1,1,125000
2023,2,0,245000
2024,1,0,62500
2025,2,0,107142
2024,2,1,149000
2024,3,1,89772
2023,2,1,130000
2024,2,1,106000
2024,2,1,255000
2024,1,1,134000
2024,1,1,184800
2023,2,1,199000
2024,2,1,157800
2024,2,1,148600
2024,2,1,217311
2024,2,1,151034
2024,3,1,265080
2024,0,1,75000
2025,2,1,94400
2025,2,1,120000
2024,2,1,338600
2024,1,0,88117
2024,0,1,65820
2024,2,1,145000
2024,1,1,172600
2024,3,1,250000
2025,2,1,175000
2024,2,1,228700
2024,2,1,314400
2024,2,1,250000
2023,2,1,205640
2024,2,1,282200
2023,2,1,324000
2024,1,1,150000
2024,1,0,140000
2024,1,1,96600
2024,1,1,106080
2024,0,1,80000
2025,2,1,210100
2025,1,1,155000
2024,2,1,62100
2025,1,1,48000
2024,1,1,123400
2024,2,0,100000
2023,0,0,115000
2024,0,1,180000
2024,1,1,171600
2025,2,1,64000
2024,2,0,90775
2024,2,1,160500
2023,2,1,187200
2024,1,1,120000
2024,3,1,173100
2024,1,1,87500
2024,2,0,193200
2024,2,1,112000
2025,1,1,210000
2025,2,0,65600
2024,0,1,80000
2025,2,1,194688
2024,0,1,118575
2024,2,0,260000
2024,1,1,183400
2025,1,1,156000
2024,0,1,183600
2024,2,1,175654
2023,2,1,142000
2024,1,1,67500
2025,2,1,372000
2025,2,1,195903
2025,1,1,155600
2024,1,1,76300
2024,2,1,129400
2025,2,1,170000
2024,2,0,132000
2024,0,1,135000
2025,2,1,137750
2022,2,1,185900
2025,2,1,132500
2024,1,1,84405
2024,1,1,128000
2024,2,1,153000
2025,2,1,65885
2023,2,1,145000
2025,2,1,111500
2023,1,0,104584
2025,2,1,177815
2024,2,1,128000
2024,0,1,58400
2023,3,1,290000
2025,1,1,83800
2025,2,1,214000
2025,2,1,145400
2025,2,1,150000
2024,2,1,185000
2025,1,1,88500
2024,2,0,68943
2023,2,1,90000
2024,1,1,96750
2025,1,1,120700
2025,1,1,194700
2025,1,1,80500
2025,2,0,55714
2025,2,1,195000
2024,1,1,117120
2024,1,0,180000
2025,0,1,120400
2024,0,1,132000
2024,0,0,50000
2025,1,1,112500
2024,0,1,116300
2023,2,1,232000
2024,0,1,108098
2025,2,1,230700
2025,1,1,118800
2024,2,1,76800
2024,1,1,93900
2025,2,1,130200
2025,2,1,172000
2025,1,1,97300
2024,1,1,253000
2024,2,1,200000
2024,2,1,112900
2024,1,1,106345
2024,0,1,113300
2025,1,0,50632
2025,2,1,150000
2022,2,1,160000
2025,2,1,101970
2024,2,1,191857
2024,2,0,77777
2025,1,1,130000
2024,2,1,146960
2024,2,1,104300
2025,2,1,158200
2024,2,0,210000
2024,3,1,246000
2024,2,0,123000
2023,2,1,195000
2024,2,0,58717
2024,2,1,106500
2024,1,1,86500
2024,2,1,130000
2024,2,1,414000
2025,1,1,178100
2025,3,1,168500
2023,0,1,40000
2025,2,1,148000
2025,1,1,127800
2025,2,1,240300
2024,1,1,108000
2025,2,1,257970
2024,2,1,260000
2025,2,0,191500
2025,1,1,115100
2023,2,1,168400
2024,2,1,110200
2024,0,1,104500
2024,2,1,112500
2025,1,1,222594
2024,2,1,93000
2025,2,1,187000
2024,1,1,310500
2024,2,1,145000
2025,2,1,284887
2023,2,1,319000
2025,2,1,171000
2025,1,1,128398
2025,0,1,150000
2025,0,1,60000
2025,2,0,42144
2025,1,1,91500
2024,2,1,245300
2023,2,1,219535
2025,0,1,235000
2024,1,1,82700
2024,1,1,135000
2025,2,1,245000
2025,2,1,200700
2024,1,1,160000
2025,0,0,16000
2024,2,1,109045
2024,1,1,165100
2024,0,0,59842
2025,1,1,115440
2024,2,1,139100
2024,2,1,207800
2025,1,1,117600
2025,2,1,109200
2023,2,1,120000
2023,3,1,247000
2024,2,1,129000
2025,1,1,125000
2023,2,1,280000
2025,2,1,96600
2024,1,0,109000
2025,2,1,191404
2025,2,1,335000
2024,2,1,180000
2023,2,1,126000
2024,0,1,37000
2024,1,1,235100
2025,2,1,223400
2023,1,1,140000
2025,1,1,225000
2024,1,1,239000
2023,1,0,97171
2025,1,1,200000
2025,1,1,170760
2024,2,0,253000
2024,2,1,175000
2025,0,1,109922
2024,0,0,50000
2024,1,0,87500
2024,1,0,50222
2023,1,1,144000
2024,2,1,151323
2024,2,1,192900
2025,0,0,37500
2025,2,1,97000
2024,1,1,120000
2024,2,1,323400
2024,1,1,195700
2023,0,1,30000
2024,1,1,135400
2025,2,1,129150
2024,1,1,164000
2025,2,1,161600
2025,2,1,157600
2025,2,1,300000
2025,2,1,202000
2024,2,1,129200
2023,0,0,23753
2024,2,1,150000
2025,2,1,125200
2025,1,1,75000
2025,2,1,198000
2023,2,1,247600
2024,2,1,194688
2024,0,1,67600
2025,2,1,150700
2025,2,1,210000
2024,2,1,207980
2024,2,1,200200
2025,2,1,84600
2025,1,1,250600
2024,2,1,229000
2025,2,0,111800
2025,2,1,185000
2025,2,1,238650
2024,2,1,267100
2023,2,1,208049
2025,3,1,185000
2025,2,1,85900
2024,0,0,42866
2024,1,1,88275
2025,2,1,175000
2025,1,1,68900
2024,2,1,255000
2025,2,1,227700
2025,2,1,130000
2025,2,0,180967
2025,2,0,108900
2023,2,1,87000
2024,1,1,75100
2024,2,1,182700
2024,2,1,104200
2024,2,0,77622
2025,2,1,141400
2024,2,1,140000
2023,0,1,58400
2023,2,0,50000
2024,2,1,165000
2024,1,0,36000
2024,2,1,270400
2025,2,1,94600
2024,2,1,155625
2023,0,1,100000
2023,1,1,95000
2024,1,1,100000
2023,1,0,92280
2024,2,1,300000
2023,2,1,148000
2025,2,1,160000
2024,1,1,57582
2025,1,1,201500
2024,3,1,207000
2025,1,0,137142
2024,2,0,106200
2024,2,1,160200
2024,1,1,105000
2024,1,1,500000
2024,0,1,108355
2025,1,1,65000
2025,2,0,180370
2024,2,1,178750
2025,2,1,340100
2024,2,1,199500
2025,2,1,233800
2024,0,1,129200
2025,0,1,53800
2024,1,0,120000
2024,0,1,148000
2024,2,1,140300
2024,0,1,89772
2025,2,0,261000
2025,2,1,184672
2024,2,1,136300
2024,2,1,294700
2025,0,1,172000
2024,2,1,190196
2025,2,1,199500
2025,2,1,162600
2024,2,1,96600
2025,2,1,113000
2024,2,1,149000
2024,2,1,194800
2024,2,0,114444
2024,1,1,115700
2025,2,1,180000
2025,1,0,21221
2024,0,1,106400
2025,0,1,137000
2024,2,1,182000
2024,1,1,166000
2024,2,1,137972
2024,2,0,173000
2025,2,1,174570
2025,0,1,100000
2025,1,1,81500
2024,0,1,38430
2022,2,1,156600
2024,1,1,184900
2024,1,1,81500
2024,1,0,100000
2023,2,0,72000
2024,2,0,78333
2025,2,1,144000
2024,2,1,118500
2025,2,1,109000
2023,2,1,164000
2025,2,1,104040
2024,2,1,86210
2025,1,1,113000
2025,1,1,150700
2022,0,0,33000
2024,2,1,185000
2024,1,1,68000
2025,1,1,175000
2025,2,1,132600
2024,0,1,106000
2024,2,1,117000
2024,0,1,77800
2025,1,1,96737
2025,2,1,161000
2025,2,1,194180
2024,2,1,127100
2025,2,1,265080
2024,2,1,191100
2024,1,1,201900
2024,2,1,105800
2024,2,1,110000
2024,2,1,245000
2025,1,1,151800
2024,2,1,172000
2025,1,1,124300
2023,1,0,65058
2024,0,0,50000
2024,1,1,79900
2023,2,1,283780
2024,2,0,192625
2023,2,1,224400
2025,2,1,199452
2022,1,1,62000
2025,2,0,125693
2025,2,1,142700
2024,2,1,109000
2024,2,0,67668
2025,2,1,101000
2025,2,1,160000
2024,1,1,176571
2022,2,1,215000
2024,2,1,302840
2025,2,1,190000
2023,1,1,210500
2024,1,1,91800
2024,1,1,410000
2025,1,1,74984
2024,1,1,247250
2023,2,1,77000
2025,0,1,155000
2024,1,1,71100
2024,2,0,141500
2024,1,0,162500
2024,2,1,176800
2024,0,1,118150
2023,2,1,70000
2024,2,1,204600
2025,0,1,141200
2022,0,0,49253
2025,2,1,112000
2025,1,1,170000
2024,3,0,31250
2024,2,1,146600
2024,2,1,162450
2024,2,1,215800
2025,2,1,200000
2024,1,1,350000
2024,2,1,301248
2024,2,1,184000
2023,2,1,153090
2025,1,1,89000
2025,2,1,172915
2025,1,0,263157
2024,2,1,134597
2024,2,1,238900
2025,0,1,124000
2024,2,1,73800
2024,1,0,63511
2023,0,1,155000
2025,2,1,209500
2025,2,1,199160
2025,2,1,150000
2024,1,1,86800
2024,0,1,109000
2022,2,1,138600
2023,1,1,150000
2024,1,1,165000
2023,2,1,214500
2025,2,1,280000
2025,2,1,179000
2025,2,1,130000
2024,2,1,299000
2025,2,1,150700
2025,2,1,185000
2024,2,1,120000
2025,1,0,212841
2025,3,1,130000
2025,2,1,145300
2025,2,1,179000
2024,2,1,163700
2024,1,1,168397
2024,2,1,195000
2024,1,1,99000
2025,2,0,162000
2025,0,1,171000
2024,2,1,133600
2024,2,1,459000
2024,2,1,208000
2024,0,1,149500
2025,0,0,120600
2024,1,1,132950
2025,2,1,260000
2024,2,1,280000
2024,0,1,32000
2024,1,1,120000
2025,0,1,85000
2024,2,1,108200
2025,1,1,169747
2024,2,0,92190
2024,1,1,256300
2021,0,1,90000
2024,0,1,201300
2024,0,1,205000
2024,1,1,118400
2025,2,1,95000
2024,2,1,108360
2025,1,1,162000
2024,1,1,264220
2025,2,1,158400
2024,0,1,136000
2024,2,1,81900
2024,1,1,150000
2024,2,1,119800
2025,1,1,245100
2024,2,1,117200
2025,1,1,258000
2024,1,1,143000
2024,2,0,228000
2024,2,1,144082
2024,0,1,145000
2025,0,1,79700
2024,0,0,50893
2025,2,1,231000
2025,2,0,73000
2024,0,1,145110
2024,1,1,137000
2025,2,1,281370
2025,2,1,173000
2025,2,1,314400
2024,1,0,68023
2025,2,1,220500
2024,2,1,264200
2024,1,0,64000
2024,2,0,191000
2025,1,0,275000
2024,1,1,100000
2024,2,1,237050
2025,2,1,123900
2025,3,1,142500
2025,1,1,85000
2024,2,0,82500
2024,2,1,314000
2024,1,1,44000
2024,2,1,220000
2024,1,1,97000
2024,2,1,193300
2025,3,1,142250
2025,2,0,115000
2025,2,1,181854
2024,1,1,134800
2024,3,1,115000
2025,1,0,100714
2024,1,0,140000
2024,1,1,135000
2025,1,1,115000
2025,2,1,119200
2024,2,1,71000
2025,2,1,170000
2024,2,1,150000
2024,2,1,141949
2024,1,1,82915
2024,1,0,125000
2025,2,1,200200
2024,0,1,280000
2025,2,1,169800
2024,1,0,132784
2024,2,1,170186
2024,2,1,235200
2024,2,1,320850
2024,1,0,205000
2024,1,1,192000
2025,2,1,146100
2025,0,0,65000
2024,2,1,114000
2025,2,1,290000
2024,1,1,185000
2024,2,1,139100
2024,2,1,471500
2024,0,1,119000
2024,2,1,172500
2025,2,0,83400
2023,2,1,177700
2025,1,1,135000
2024,2,1,91922
2025,2,1,83100
2024,2,1,209720
2024,0,0,29500
2024,2,1,183456
2024,2,1,188640
2024,0,1,163800
2024,3,1,299000
2025,1,1,324000
2024,2,1,116200
2024,1,1,52500
2024,1,1,124426
2024,2,1,156300
2024,1,1,135000
2025,2,1,156400
2025,2,1,157600
2025,2,1,109116
2024,2,1,200500
2025,2,1,246400
2023,1,1,189750
2024,1,1,209900
2024,1,1,250000
2024,1,1,279400
2024,2,1,216000
2024,1,1,141440
2024,1,1,137500
2025,2,1,174700
2024,1,1,150700
2024,1,1,137000
2025,2,0,105825
2024,2,1,162050
2025,2,1,216000
2024,2,1,357900
2025,0,1,66820
2024,1,1,73700
2024,2,0,122000
2024,2,1,136700
2023,1,1,150000
2024,1,1,90000
2024,1,1,164200
2025,1,1,128000
2024,2,1,60000
2023,1,1,128000
2024,2,0,70931
2025,0,1,69369
2024,1,0,90000
2024,2,1,136100
2025,1,1,65000
2022,2,1,130500
2024,2,1,290950
2025,2,1,144100
2025,0,1,51625
2025,0,0,34810
2025,2,1,276100
2024,2,1,153000
2024,2,1,177000
2024,0,0,100000
2024,1,1,294600
2023,2,1,119700
2024,3,1,77280
2024,1,1,280000
2025,2,1,184000
2024,2,1,275000
2024,1,1,185800
2024,1,1,370000
2024,1,1,40000
2024,3,1,122500
2025,2,0,248400
2024,2,1,182900
2024,1,1,280000
2024,2,1,196700
2024,1,1,115800
2024,1,1,75600
2025,2,1,597892
2025,1,1,153000
2025,2,1,120000
2023,3,1,165200
2024,3,1,106500
2024,2,1,186846
2024,2,1,242250
2025,1,1,242200
2024,0,1,162240
2024,2,1,272400
2024,0,1,85420
2024,0,1,62186
2024,2,1,207500
2025,2,1,297000
2025,2,1,107000
2024,1,1,163825
2024,1,1,213400
2024,1,1,129118
2024,2,0,116000
2024,2,1,227979
2023,2,1,276000
2025,2,1,240500
2023,1,1,152700
2024,2,1,247500
2024,2,1,81978
2024,1,1,101500
2024,0,0,55200
2024,1,1,129400
2025,1,1,200000
2024,2,1,159300
2025,2,1,240300
2024,1,1,132000
2024,2,1,189100
2023,0,1,100000
2024,0,0,42866
2024,2,1,250553
2025,1,1,71400
2024,1,1,242000
2025,2,1,82600
2025,1,1,85000
2025,1,1,272250
2024,2,0,90960
2024,2,1,190000
2025,2,1,136400
2024,1,1,165025
2024,0,1,110400
2024,1,1,168000
2024,0,1,98000
2025,1,1,72700
2024,2,1,117200
2025,1,1,140000
2024,1,1,171903
2024,2,1,174000
2025,1,1,66000
2025,0,1,105772
2024,2,1,210000
2024,1,1,115000
2024,2,1,113325
2025,1,1,177600
2022,0,1,160000
2025,1,1,62500
2023,3,1,272400
2024,1,1,135000
2025,2,1,120700
2024,2,0,121000
2024,1,1,111600
2025,1,1,150000
2024,1,1,105000
2025,2,1,208000
2024,2,0,190000
2023,2,1,139000
2024,1,1,299792
2025,1,1,129700
2025,3,1,205000
2024,2,1,186700
2024,2,1,115000
2024,2,1,119100
2024,0,1,161000
2024,2,1,94200
2023,1,0,97171
2024,1,0,84615
2025,2,1,107120
2025,1,1,241800
2025,1,1,92400
2024,1,1,130000
2025,2,1,150000
2024,1,0,49183
2024,2,1,141523
2024,1,1,79000
2025,1,1,70000
2024,2,1,149300
2024,3,1,210000
2024,2,1,222609
2023,2,1,168400
2024,2,0,98400
2024,0,1,110000
2025,2,1,195000
2025,2,0,100000
2024,1,1,167200
2024,2,1,149300
2024,2,1,165000
2022,2,1,65000
2023,0,1,85600
2024,2,1,296000
2024,2,0,137500
2023,2,1,128000
2024,2,1,220000
2024,1,1,64000
2024,1,0,64105
2024,1,1,242974
2024,2,0,111111
2025,2,1,117600
2023,2,1,155000
2025,2,1,177800
2024,0,1,160445
2025,1,1,190000
2025,2,0,127112
2025,1,1,187000
2024,1,1,158080
2024,2,1,155000
2024,2,1,136700
2025,2,1,76844
2024,0,1,237500
2025,2,1,130400
2021,2,1,165000
2024,2,1,161400
2024,2,1,315000
2024,1,1,370000
2024,2,1,250000
2025,1,0,35872
2024,2,1,276000
2024,1,1,89300
2024,2,0,72777
2025,1,1,126200
2023,2,1,195500
2025,1,1,120000
2025,2,1,117500
2024,1,1,183600
2025,1,1,73800
2025,1,1,99400
2024,1,0,92307
2025,2,1,303900
2025,3,1,328500
2024,2,1,201400
2024,2,1,126200
2024,2,1,217500
2025,1,1,86000
2024,2,1,182400
2025,1,0,65000
2024,2,1,332100
2025,2,1,190000
2024,1,1,250000
2025,1,1,166000
2022,1,1,70000
2023,0,0,19910
2024,1,1,201000
2024,2,1,124620
2025,1,0,60300
2025,2,1,184000
2024,0,1,75941
2024,2,1,88200
2025,2,1,136000
2023,2,1,222750
2024,2,1,150000
2024,1,1,54616
2024,0,1,46000
2024,1,0,150000
2024,1,1,146100
2024,1,1,165600
2025,2,0,65835
2024,2,1,230589
2022,2,0,200000
2024,2,1,135800
2025,2,1,85696
2025,1,0,46835
2024,1,1,104000
2024,2,1,90000
2025,2,1,303000
2022,2,1,120000
2025,1,1,172400
2025,2,1,137700
2024,2,1,150809
2025,2,1,152200
2024,2,1,142800
2025,2,1,198000
2025,1,1,117692
2025,1,0,155700
2024,2,1,136500
2024,2,1,121056
2024,1,1,130000
2024,1,1,102800
2024,2,1,107430
2025,0,1,80000
2024,0,0,38938
2024,3,1,168000
2024,2,1,133450
2024,0,1,69400
2025,0,1,200000
2024,2,1,111400
2022,1,1,150000
2025,1,1,84600
2024,2,0,43217
2024,1,1,68200
2024,1,1,120300
2024,1,1,89500
2024,2,1,165750
2024,2,1,191180
2024,3,1,204000
2023,0,0,67672
2024,2,1,269750
2025,1,1,266000
2024,1,1,141400
2025,1,1,124000
2025,2,1,134300
2024,2,1,198650
2025,2,1,252000
2025,1,1,104100
2025,0,1,62186
2023,0,1,90000
2023,0,1,79350
2024,2,1,85247
2024,0,0,49183
2024,3,1,120000
2025,2,1,315000
2024,2,1,193000
2025,2,1,112231
2024,1,1,128606
2025,1,1,115000
2024,2,1,126400
2025,1,1,123494
2024,1,1,142000
2025,2,1,271000
2024,1,1,85000
2025,2,1,222900
2025,1,1,80317
2024,3,1,264200
2023,1,0,49216
2022,0,0,33246
2025,1,1,67600
2024,1,1,259000
2025,2,1,150000
2025,2,0,112000
2024,2,1,231500
2025,2,1,213500
2024,2,1,185150
2025,2,1,211000
2025,1,1,161866
2024,3,1,165000
2025,2,1,85000
2024,2,1,125000
2022,2,0,95386
2025,0,1,70960
2024,2,1,240000
2024,0,1,74100
2025,2,1,97870
2025,1,0,50526
2025,2,0,56842
2023,2,1,180000
2024,2,1,167500
2024,2,1,208000
2024,1,1,198000
2024,1,1,80000
2024,1,1,103100
2024,2,1,720000
2023,2,1,230000
2024,2,1,205500
2024,1,1,110000
2025,1,1,125400
2024,2,1,185000
2024,2,1,180000
2025,2,1,135000
2025,1,1,148000
2024,2,1,199100
2025,1,0,110500
2025,2,0,129000
2025,1,1,63750
2025,1,1,163700
2024,2,1,240240
2025,2,1,112000
2024,3,1,85000
2024,2,1,240240
2025,2,0,212000
2025,2,0,120000
2025,2,1,175000
2024,1,1,154100
2024,1,1,211364
2024,2,0,173000
2023,3,1,80000
2025,1,0,37894
2025,2,1,200500
2025,2,1,68400
2025,2,1,198300
2024,2,1,138900
2022,2,1,140000
2025,2,1,114000
2023,2,1,300240
2025,1,1,138600
2023,2,1,180514
2024,0,1,90000
2024,1,1,84105
2023,2,1,218213
2025,2,1,168400
2024,1,1,25000
2025,2,1,124000
2024,1,0,87500
2025,2,1,98140
2023,0,0,32390
2024,2,1,126650
2025,2,0,134832
2025,0,0,130514
2024,2,1,189800
2024,1,1,51000
2024,1,0,46250
2025,1,1,172931
2024,2,1,302960
2025,2,1,284280
2024,2,1,180000
2024,2,1,141200
2024,2,1,158842
2024,2,1,206000
2025,1,1,73230
2024,2,1,165000
2024,1,1,57500
2024,0,1,49452
2024,2,1,137600
2025,1,1,77000
2024,2,1,165600
2024,2,1,163700
2025,1,1,112003
2024,1,0,66666
2024,0,1,140000
2024,2,1,96000
2025,2,1,140000
2025,2,1,91900
2024,2,1,201650
2023,2,1,178000
2024,2,1,275000
2024,1,0,40370
2024,2,1,229900
2024,2,1,114500
2025,1,1,195500
2024,2,1,117200
2024,0,1,115000
2025,2,1,174000
2025,1,1,140700
2024,2,1,138000
2024,1,1,110900
2024,2,0,40576
2025,1,1,144810
2025,2,1,279000
2024,0,1,122328
2024,2,1,170000
2024,2,1,227200
2025,2,1,207000
2024,1,1,290000
2024,1,1,136800
2023,2,0,152000
2025,2,1,236300
2024,1,1,136000
2024,1,1,236300
2025,2,1,200000
2024,1,0,88290
2025,2,1,303500
2024,0,1,28800
2025,2,0,180840
2024,2,0,289520
2023,2,1,113220
2022,2,1,197000
2024,2,1,337000
2025,1,1,84000
2024,2,1,128000
2024,1,1,150000
2024,2,1,245300
2024,2,1,176490
2024,0,0,87040
2025,2,1,233500
2025,2,1,240998
2025,2,1,179000
2025,2,1,187300
2025,2,0,127000
2024,0,0,49835
2024,2,1,193400
2025,2,1,181854
2025,1,1,67647
2024,2,1,140000
2023,2,0,95000
2025,0,1,58656
2025,2,1,112700
2025,2,1,229100
2025,2,0,54063
2024,1,1,71100
2024,2,1,309400
2024,1,1,93700
2024,2,1,258750
2025,2,1,135000
2024,3,1,225000
2025,1,1,132800
2024,0,1,159870
2024,1,1,72813
2023,2,1,175000
2024,2,0,88888
2024,1,0,90011
2023,2,1,227700
2024,2,1,155000
2025,2,1,176000
2024,3,1,283800
2024,2,1,208000
2025,2,1,403800
2024,2,1,284400
2024,1,1,95722
2025,2,1,240000
2024,2,1,200000
2025,2,1,338500
2025,3,1,130900
2025,1,1,160284
2024,2,1,188100
2024,2,1,151200
2024,2,1,167687
2024,2,1,147700
2024,2,1,107300
2025,2,0,119656
2025,1,1,159200
2025,3,1,96400
2024,3,1,230000
2024,2,1,179340
2023,1,1,144200
2024,1,1,221760
2023,2,1,194595
2024,0,1,168520
2024,2,1,316300
2024,1,1,150000
2025,0,1,146000
2025,2,1,217400
2024,2,0,203333
2022,1,0,33609
2024,3,1,161600
2024,2,0,107054
2024,2,1,167200
2024,1,1,75000
2024,2,1,227740
2023,2,1,186000
2024,1,1,67000
2024,2,1,129200
2024,2,1,110250
2024,1,1,92500
2024,2,1,252000
2024,2,1,50200
2025,0,1,67600
2025,2,1,136100
2024,2,0,109512
2024,2,1,252450
2024,2,1,297000
2025,2,0,150000
2024,2,1,202800
2024,1,1,126345
2024,2,1,230000
2024,0,0,115000
2024,1,0,56300
2023,2,0,207300
2024,2,1,130000
2024,1,1,99336
2022,1,0,98506
2023,2,1,240810
2024,1,1,54000
2025,2,0,60948
2025,1,0,54736
2024,0,1,151800
2025,0,0,44601
2024,0,1,87999
2024,0,1,167642
2025,1,1,133300
2025,0,1,120000
2024,2,1,157500
2024,0,1,136800
2024,2,1,214032
2025,2,1,214170
2024,2,1,215000
2024,2,1,193000
2024,1,1,166000
2024,1,1,112600
2025,1,1,123000
2025,2,1,194500
2025,2,1,116375
2025,2,1,210000
2024,1,1,140000
2025,1,1,154000
2024,2,1,338600
2025,1,1,195500
2025,1,1,185000
2024,2,1,255000
2024,0,1,120000
2024,0,1,208800
2024,1,1,62400
2024,2,1,295000
2024,2,1,72000
2025,1,1,230000
2025,2,1,219900
2024,2,1,162500
2025,1,1,86649
2025,2,1,174000
2024,2,1,198000
2024,2,1,212109
2025,2,1,139217
2024,1,1,64900
2024,2,1,241005
2025,1,0,37578
2024,2,1,196000
2024,1,1,160480
2024,0,1,200000
2024,0,1,154818
2024,1,0,159000
2024,0,0,93109
2025,1,1,100000
2025,1,1,143000
2024,1,1,172500
2025,1,1,155000
2024,0,1,63500
2023,2,1,255360
2023,2,1,84000
2024,1,1,118050
2024,2,1,179400
2023,1,1,170000
2025,1,1,96600
2025,1,1,149550
2022,2,1,205600
2024,0,1,97375
2025,1,1,98900
2024,2,0,82000
2025,3,1,203000
2024,2,1,187266
2024,2,1,212200
2023,2,1,150000
2024,0,1,150000
2024,2,1,230000
2024,1,1,82910
2025,1,1,103500
2025,2,1,77400
2023,1,1,238000
2024,2,1,310300
2024,1,1,82800
2024,2,1,212500
2025,0,0,47594
2025,2,1,101000
2025,0,1,70000
2025,2,1,205000
2025,2,1,130000
2024,1,1,121000
2024,1,1,137000
2025,2,1,136000
2024,1,1,216000
2024,1,0,130786
2024,1,1,243300
2024,2,1,201500
2025,0,1,173040
2024,0,1,100000
2025,2,0,180840
2024,2,1,190000
2024,2,1,75600
2025,2,1,155300
2024,2,0,110000
2024,2,1,150000
2024,2,1,116550
2025,2,1,110000
2025,1,1,181900
2024,2,1,157650
2024,2,1,110000
2025,2,1,117000
2024,0,1,68000
2024,2,1,120000
2025,3,1,120750
2025,2,1,176720
2024,2,1,150280
2024,2,1,94600
2024,2,1,276000
2024,1,1,160000
2024,2,1,77400
2024,1,0,115200
2024,1,0,85000
2024,1,1,179000
2025,1,1,64985
2024,2,1,140000
2024,2,1,174500
2024,0,1,108000
2025,2,1,77200
2022,0,1,86000
2024,1,0,137000
2024,2,1,234700
2024,0,0,102147
2024,0,1,43920
2024,2,1,160000
2024,2,1,214000
2024,1,1,183000
2024,0,1,129315
2024,1,1,75600
2025,2,1,159100
2025,2,0,130000
2024,1,1,92030
2025,2,1,225400
2024,2,1,75000
2025,2,1,200200
2024,2,1,199000
2024,2,0,171210
2025,2,1,150600
2025,1,1,88200
2024,1,1,157900
2025,1,1,205600
2024,2,1,211180
2023,2,1,193000
2025,2,1,164780
2023,0,1,149800
2025,2,1,73600
2024,2,1,243500
2024,2,1,108800
2023,1,0,70132
2024,1,1,153175
2024,2,1,157590
2024,1,1,365000
2025,0,1,36000
2023,2,1,247600
2023,1,1,156000
2024,1,1,193000
2025,1,1,65523
2023,3,1,75000
2025,0,0,55714
2024,2,0,86915
2024,2,1,138200
2025,1,1,95900
2025,2,1,112700
2025,2,1,127310
2024,1,1,198500
2022,2,1,120000
2024,2,1,300000
2024,2,0,156000
2024,2,1,126000
2023,2,1,200000
2025,2,1,188825
2025,1,1,86700
2023,0,1,125000
2023,2,0,213654
2024,0,1,86600
2023,0,0,43064
2023,2,0,64311
2024,1,1,120000
2024,2,1,96960
2025,1,1,93770
2024,1,1,225000
2025,2,1,136400
2024,1,1,212800
2024,0,1,85000
2024,2,1,157450
2024,2,1,160000
2024,1,1,150000
2025,2,1,204200
2025,0,1,74000
2025,2,1,137100
2025,2,1,112450
2024,2,1,69000
2024,2,0,75000
2024,2,1,140100
2024,2,1,164000
2024,1,0,79874
2024,2,1,104981
2025,1,1,132500
2024,2,1,199400
2024,2,0,93750
2023,0,1,63750
2024,2,1,139700
2024,2,1,152200
2025,1,1,158620
2025,1,1,115000
2024,1,1,310000
2024,1,1,105000
2024,1,1,85000
2024,2,0,77777
2025,2,0,75000
2025,2,1,93500
2024,0,1,123419
2024,2,1,210000
2025,0,1,162000
2024,1,1,100000
2024,1,1,44000
2024,2,1,291000
2025,2,1,257500
2025,1,0,40506
2024,2,1,167200
2021,0,0,66970
2025,2,0,64285
2025,2,1,181400
2024,2,0,280000
2025,2,1,165300
2025,2,0,99759
2024,0,0,52971
2024,2,0,149000
2024,0,1,145000
2024,1,1,122500
2024,2,1,106700
2023,2,1,173000
2025,2,1,200000
2024,2,1,79000
2025,0,0,125011
2024,1,1,175750
2024,2,1,185000
2025,2,1,92118
2024,2,1,250000
2023,0,1,74540
2023,2,1,392000
2025,1,1,343000
2024,1,1,177000
2025,1,0,93637
2024,1,1,180393
2024,2,1,112000
2024,2,1,182000
2023,1,0,80976
2025,1,1,300000
2024,2,0,149000
2025,1,1,212333
2024,1,1,55250
2024,2,1,241500
2025,2,1,244140
2024,2,1,252000
2025,1,1,175000
2024,0,1,84800
2025,1,1,79500
2025,2,0,194700
2023,0,1,90000
2025,2,1,115400
2024,2,1,242974
2024,1,1,168084
2024,3,1,249600
2025,0,1,62400
2024,2,1,180000
2024,1,1,66330
2025,0,0,120314
2023,3,1,268000
2023,2,1,131712
2024,2,0,122200
2025,2,1,186200
2025,2,1,180000
2024,2,1,168570
2024,0,0,75666
2024,0,1,172000
2025,1,1,130000
2024,2,1,105000
2024,1,1,150000
2025,1,1,270700
2025,1,1,165600
2025,2,1,112000
2024,1,1,129300
2025,1,1,162000
2023,2,1,238530
2025,1,1,142800
2025,1,1,133000
2024,1,1,157000
2024,2,0,137496
2024,2,0,152000
2024,2,1,151968
2025,1,1,68000
2024,2,1,328821
2024,0,1,166200
2024,2,0,123000
2025,0,1,48000
2024,2,1,110100
2024,0,1,70400
2024,2,0,118750
2024,2,1,95000
2025,0,1,99875
2025,0,1,68000
2022,2,1,192000
2025,2,1,132500
2024,2,0,100000
2023,2,1,155000
2024,1,1,80700
2023,2,1,213800
2024,1,1,212000
2024,1,1,185000
2024,2,1,142250
2024,1,1,172000
2024,2,1,237188
2024,1,1,114000
2025,0,1,88600
2025,1,1,191000
2021,0,1,72500
2024,3,1,323400
2023,2,1,198800
2024,1,1,220900
2025,0,1,64575
2024,1,1,170700
2024,2,1,79000
2024,1,1,100050
2025,2,1,76500
2023,2,1,139000
2025,2,1,150500
2024,2,1,94700
2025,0,1,67500
2024,2,1,419750
2025,2,1,182750
2024,2,1,97600
2023,2,1,212800
2025,2,1,97300
2025,1,1,110000
2025,2,1,117000
2024,1,1,115000
2023,2,1,160000
2024,2,0,102533
2025,0,1,57000
2025,1,1,43822
2025,1,1,175400
2024,2,0,145000
2024,2,1,218900
2025,2,1,170640
2025,1,1,115000
2025,2,1,192840
2024,2,0,59706
2024,2,1,720000
2025,2,1,196100
2023,3,1,465000
2024,1,1,135800
2025,1,1,42000
2025,0,0,63157
2024,2,1,250000
2024,0,1,122000
2023,1,1,181700
2024,0,1,241500
2024,0,1,79700
2025,1,1,96000
2023,2,1,55720
2025,1,1,195500
2024,2,1,250000
2024,2,1,128500
2024,2,1,166500
2025,1,1,128000
2025,1,1,88779
2023,2,1,259900
2024,1,1,162240
2025,0,1,99700
2024,1,1,73600
2024,2,1,190000
2025,2,1,176500
2025,1,0,60126
2024,2,1,179000
2025,2,1,250200
2025,1,1,66000
2024,2,0,98561
2025,1,1,76075
2025,2,1,200000
2024,1,1,158620
2024,1,1,150000
2024,2,1,187700
2023,2,0,83667
2024,1,0,123000
2024,1,0,41438
2025,0,1,100000
2025,1,1,88561
2024,0,1,75000
2024,2,1,149800
2023,2,0,180514
2025,3,1,180000
2025,2,1,305700
2021,1,0,187442
2024,2,1,171350
2022,1,0,120402
2024,1,1,118750
2024,2,1,261000
2024,2,1,312230
2025,2,1,146600
2023,2,1,173800
2024,2,1,132000
2025,2,1,206900
2025,0,1,55000
2024,3,0,155000
2024,2,1,284000
2024,3,1,175000
2025,1,1,220000
2025,1,1,130000
2025,1,1,162000
2024,1,1,100000
2024,1,1,123800
2024,1,1,74900
2023,2,1,238000
2025,1,1,126000
2024,2,1,172000
2024,1,1,230000
2024,2,1,268400
2024,2,1,120000
2024,3,1,149200
2024,2,1,136850
2024,1,0,68561
2023,2,1,168100
2025,1,1,250000
2025,0,0,36000
2024,1,1,47500
2024,1,1,98949
2024,0,1,143400
2024,2,1,250000
2024,2,0,105000
2024,2,1,129200
2024,2,1,52000
2024,2,1,125000
2025,2,1,465000
2023,2,1,185000
2024,0,1,99500
2023,3,1,100000
2024,2,1,168600
2024,1,1,129960
2024,2,0,94444
2024,1,1,72708
2024,1,0,44000
2024,2,1,206650
2024,2,1,191400
2024,2,1,133000
2024,1,1,190000
2025,2,1,103900
2024,2,1,220000
2025,2,1,112000
2024,2,1,157450
2024,1,1,210000
2025,2,1,151000
2024,2,1,159264
2025,2,1,126000
2024,1,1,142400
2024,1,0,70000
2024,2,1,134500
2024,1,0,55555
2025,1,1,100000
2025,2,1,163116
2025,1,1,122200
2024,2,0,80000
2025,0,1,135320
2024,2,1,132500
2024,2,0,59733
2025,2,1,57798
2024,2,1,106000
2022,2,0,25804
2025,1,0,31578
2024,3,1,182000
2024,2,1,291500
2023,0,0,21593
2024,1,0,68111
2024,2,1,119000
2024,1,1,114000
2024,2,0,147000
2024,1,1,87000
2023,2,0,210398
2025,0,1,166000
2025,1,1,47586
2024,2,1,310500
2024,2,1,150300
2023,3,0,123471
2024,3,1,398600
2024,2,1,130000
2025,2,1,110000
2024,1,1,117400
2024,2,1,210900
2023,2,1,119250
2024,2,1,168000
2025,0,1,56000
2024,2,1,52000
2025,2,1,159800
2024,2,1,95000
2024,1,0,98444
2025,2,1,190200
2024,1,0,89000
2025,2,1,70000
2024,2,1,174000
2023,2,0,53444
2024,1,1,172200
2024,2,0,92160
2024,1,1,240000
2024,1,0,96888
2025,2,1,221760
2024,1,0,137930
2024,2,1,259400
2023,2,1,115000
2025,2,1,171800
2022,0,1,120000
2024,1,1,119000
2025,2,0,175000
2024,2,1,130000
2025,1,1,147500
2024,1,1,208800
2025,2,1,330504
2025,2,0,135000
2025,2,1,231000
2024,2,1,108200
2025,2,1,285000
2024,0,0,55555
2025,2,1,300000
2024,2,1,290000
2025,1,0,56000
2024,2,1,339250
2024,2,1,178970
2025,1,1,192000
2025,1,1,170000
2022,2,1,144000
2025,2,1,153925
2025,2,1,276100
2022,2,1,105000
2025,2,0,212200
2024,2,1,264800
2024,2,1,300000
2025,2,1,100000
2025,2,1,128092
2024,1,1,83300
2025,2,1,146000
2024,0,1,153500
2024,1,1,95000
2024,2,1,246000
2025,1,1,54000
2024,2,1,265800
2024,2,1,190000
2024,3,1,150000
2025,2,1,159800
2025,2,1,217000
2025,1,1,251000
2024,2,0,76923
2023,2,1,225000
2023,2,1,171600
2024,0,1,85300
2024,2,1,150000
2025,2,1,146751
2025,1,1,95000
2025,2,1,150000
2024,0,1,81075
2024,2,1,125000
2025,1,1,129400
2024,2,1,465000
2022,2,1,100000
2024,1,1,63750
2025,3,0,122857
2024,2,1,143000
2024,2,1,202000
2024,2,1,208000
2025,2,1,166600
2025,2,1,105245
2024,2,1,162000
2023,2,1,38000
2023,2,1,262000
2025,1,1,73637
2024,1,1,145125
2024,2,1,145000
2025,2,1,268500
2025,1,1,98800
2024,2,0,199700
2024,2,1,170600
2023,2,1,250000
2024,2,1,231100
2024,2,1,219320
2025,2,1,182000
2024,2,1,104800
2025,1,1,193400
2025,2,1,131600
2024,2,1,255000
2024,0,1,100000
2024,1,1,143896
2022,1,1,150000
2025,0,0,70354
2024,2,1,312200
2023,2,1,176000
2025,2,1,175900
2023,0,1,106875
2024,0,0,102000
2024,1,0,149500
2024,2,1,157600
2025,2,1,217450
2024,2,1,121000
2024,1,0,162500
2024,1,0,50308
2024,2,1,235000
2025,2,1,285000
2025,1,1,67335
2025,1,1,299300
2024,0,0,18000
2025,2,1,179950
2025,2,1,109000
2024,2,1,295000
2023,0,1,102000
2025,2,1,241600
2024,2,1,90000
2025,0,1,207811
2025,2,1,148750
2025,1,1,126800
2024,1,1,87000
2024,2,1,247300
2024,0,1,101400
2024,2,1,106200
2024,2,1,74400
2024,1,1,242200
2024,1,1,175000
2024,1,1,176000
2025,2,1,182900
2024,1,0,48888
2025,2,1,118800
2024,2,1,163000
2024,2,1,142516
2025,3,1,115000
2024,2,1,122100
2024,2,1,245000
2022,1,1,52500
2025,1,0,112156
2025,1,1,96600
2024,0,1,165511
2025,1,1,151000
2025,0,1,160000
2025,0,1,193500
2025,2,0,175000
2024,1,0,30000
2025,1,1,37725
2025,3,1,287103
2024,2,1,149500
2025,2,1,188640
2023,1,1,60000
2025,2,1,173880
2025,1,1,84000
2024,2,1,198072
2025,1,0,129497
2025,1,1,205000
2024,1,0,215000
2025,2,1,243700
2025,2,0,219100
2024,2,1,192000
2024,1,1,110100
2024,2,1,208600
2024,1,1,125680
2024,2,1,117000
2025,0,1,82000
2025,1,1,60560
2023,0,0,51861
2024,2,1,181000
2021,2,0,87738
2024,2,1,266000
2025,2,1,95600
2025,2,1,119900
2025,1,0,36935
2024,1,1,100050
2024,2,1,157000
2025,2,1,322000
2023,2,1,180000
2023,2,1,204750
2025,1,1,172000
2024,2,1,234300
2024,2,1,220000
2023,2,1,215000
2024,2,1,213150
2024,1,1,230000
2024,2,0,24000
2024,2,1,113840
2024,2,1,116000
2024,1,0,50000
2025,1,1,105000
2024,0,1,44850
2023,2,1,156560
2024,0,1,100980
2024,1,1,174117
2024,2,1,26161
2024,1,1,80000
2024,2,1,136852
2025,2,1,123000
2024,3,1,210000
2024,1,0,80000
2025,1,1,153500
2025,2,1,176924
2024,1,1,140000
2024,1,1,143000
2025,2,1,160000
2025,1,1,365000
2023,0,0,37573
2025,3,1,195230
2025,0,0,37069
2024,1,1,165600
2024,2,1,276000
2024,2,1,177008
2025,2,1,143100
2025,2,1,198440
2024,1,1,150200
2023,1,1,105400
2022,2,0,171000
2024,2,0,150000
2024,2,1,156672
2025,1,1,133000
2025,2,1,173000
2025,1,1,92700
2025,3,1,185500
2024,2,1,195500
2022,2,1,220000
2025,1,1,103680
2025,1,0,60900
2024,0,1,131500
2024,2,1,70000
2024,2,1,98500
2025,2,1,156350
2025,0,1,123760
2023,2,1,175000
2025,3,1,269400
2024,1,1,120000
2024,2,1,224000
2025,1,1,185000
2024,0,1,102500
2024,2,1,174900
2025,2,1,300000
2023,2,1,215050
2024,2,1,248000
2023,2,1,72000
2024,2,1,126017
2025,2,1,87100
2025,2,1,62000
2024,2,1,130200
2023,2,1,169374
2023,2,1,133000
2024,2,1,220900
2024,1,1,280000
2025,1,1,585000
2025,2,1,150000
2025,2,1,224000
2023,0,1,82800
2024,0,1,74300
2023,1,1,195000
2025,0,0,99618
2024,2,1,115400
2025,1,1,218973
2025,2,1,235900
2024,2,1,117200
2024,1,0,156000
2024,1,1,285000
2022,2,0,84053
2024,1,1,83900
2025,1,1,135000
2025,1,1,133100
2025,2,1,135040
2024,2,1,148719
2025,2,1,75600
2024,1,1,47700
2024,2,1,94600
2025,2,1,170300
2024,3,1,180000
2024,2,1,113000
2024,2,1,332100
2025,2,1,170371
2024,1,1,64985
2024,1,1,74900
2025,1,1,60500
2024,0,1,46000
2025,2,1,366000
2024,2,0,106900
2024,2,1,195000
2021,3,0,69741
2025,1,1,178600
2025,1,1,113250
2025,2,1,285200
2025,0,1,62400
2024,2,1,139000
2024,1,1,135400
2024,2,0,60000
2024,2,1,112586
2024,1,1,60000
2025,1,1,130000
2024,2,1,221900
2024,0,0,90011
2025,2,1,194740
2025,2,1,100000
2025,2,1,91800
2025,1,1,133630
2024,1,1,136500
2024,1,0,118724
2025,2,1,131000
2025,2,1,162500
2024,1,0,145800
2025,2,1,120750
2024,0,1,62800
2025,2,1,70000
2025,2,1,218500
2024,1,1,155250
2025,0,1,64000
2024,2,1,200000
2024,1,1,180000
2024,1,1,240240
2024,2,1,130000
2024,2,1,101100
2024,0,1,106400
2024,0,1,114000
2024,0,1,134000
2025,1,0,118267
2025,1,1,85000
2025,2,0,43452
2024,0,1,54000
2024,2,0,100000
2025,2,0,90417
2024,2,1,113400
2024,1,1,80000
2024,2,1,179428
2023,1,1,112000
2023,2,0,107968
2023,1,1,155000
2025,0,1,165300
2025,2,0,168000
2025,2,1,90426
2024,1,1,48000
2025,2,1,280600
2022,2,1,245000
2024,2,0,137000
2024,1,1,126800
2025,3,1,167400
2025,2,1,149500
2024,2,1,144600
2024,2,1,148300
2024,2,0,58106
2023,2,1,135000
2021,1,0,45391
2024,2,1,167800
2024,1,1,45000
2024,1,1,101257
2024,2,1,338600
2025,2,1,221800
2024,2,1,264846
2025,1,0,40000
2025,2,0,101265
2025,1,1,155000
2025,2,1,257950
2024,2,1,118976
2025,1,1,80204
2024,2,0,150500
2025,2,0,118450
2023,0,1,53800
2025,2,1,159850
2024,2,1,88275
2024,1,1,78400
2024,2,0,85000
2025,0,1,147000
2025,1,1,240000
2023,2,1,165400
2024,2,1,197000
2025,2,1,147000
2024,2,1,220800
2024,2,1,107250
2024,1,1,107600
2024,2,0,83400
2022,2,1,144000
2025,2,1,116000
2024,1,1,207000
2025,2,1,202800
2024,2,1,251600
2023,1,1,253000
2025,2,0,159000
2025,2,1,260700
2025,0,0,42105
2025,2,1,125000
2024,0,1,67725
2024,1,1,157000
2024,2,1,260000
2024,1,1,105000
2025,3,0,86740
2024,1,0,137930
2024,2,1,172300
2024,2,1,178600
2025,2,1,218000
2025,2,1,299200
2025,2,1,211180
2025,1,1,149000
2025,2,1,200800
2024,2,1,171000
2024,2,1,151800
2024,1,1,129000
2024,1,1,99100
2024,3,1,250000
2024,2,1,205000
2024,2,1,161500
2024,0,0,56250
2024,2,1,36000
2025,2,1,104650
2024,2,1,152000
2024,1,1,210000
2025,1,1,100300
2024,2,1,358000
2024,1,1,117400
2024,1,1,94900
2024,2,1,243900
2024,0,1,53950
2025,1,1,100000
2025,0,1,135300
2025,0,1,153000
2024,2,1,253800
2024,2,1,190220
2025,2,1,301000
2025,1,1,85500
2025,1,1,90500
2025,3,1,251000
2025,0,1,96000
2024,1,1,72800
2025,1,1,184100
2025,2,1,301200
2024,1,1,67300
2024,2,0,124620
2024,0,0,40000
2023,2,1,137500
2025,2,1,320000
2025,1,1,168002
2025,2,0,76800
2025,2,0,109618
2024,2,0,150000
2025,1,1,205000
2024,2,1,168200
2025,2,1,133650
2024,1,1,76500
2023,2,1,210000
2024,1,1,119000
2025,2,1,123800
2024,2,1,145000
2025,3,1,120000
2025,0,1,80000
2025,1,1,254400
2025,1,1,72000
2024,0,0,200000
2024,1,1,119273
2025,1,1,156672
2025,2,1,185100
2024,2,1,234000
2025,2,1,151500
2023,2,1,111600
2025,1,1,247800
2024,1,1,194600
2024,0,0,68561
2024,1,0,105000
2024,2,1,125000
2024,1,1,222000
2025,0,1,54000
2025,2,1,136380
2024,1,1,175800
2025,2,1,96800
2025,2,0,142000
2024,1,1,172000
2025,2,0,113378
2024,2,1,135400
2025,1,1,85000
2023,2,1,169900
2025,2,1,105714
2024,3,0,186400
2024,2,1,207000
2024,2,1,166551
2024,2,1,146005
2024,2,1,135000
2023,1,1,225300
2025,2,1,157560
2024,0,1,128000
2024,2,0,165000
2024,1,1,91700
2024,3,1,351000
2025,2,1,214300
2024,1,1,237050
2025,0,1,94212
2024,1,1,106000
2024,2,0,115000
2025,1,1,132849
2024,1,1,94000
2024,2,1,149020
2023,1,1,77900
2024,2,1,273500
2023,2,1,261500
2024,2,1,135000
2025,0,1,112900
2025,2,1,123810
2025,1,1,161172
2023,1,1,100000
2024,2,1,232000
2024,2,1,143300
2025,3,1,196320
2025,3,1,179300
2023,1,0,82500
2022,0,0,200000
2025,2,1,310900
2025,2,0,132600
2024,2,1,149600
2025,1,1,107957
2025,0,1,43919
2024,0,1,54000
2024,2,1,328000
2024,1,1,76690
2024,2,0,35000
2024,2,1,200000
2024,2,1,218000
2024,2,0,63750
2024,2,1,78800
2024,2,1,193000
2025,1,1,89000
2025,2,1,148500
2024,2,1,250000
2021,1,0,28016
2025,0,1,310000
2025,1,1,246000
2024,2,1,194000
2024,2,1,113200
2024,0,1,95000
2024,2,1,240000
2025,2,1,237600
2024,1,1,70500
2025,2,1,101000
2025,2,1,88000
2025,2,1,238580
2025,1,1,108113
2024,1,1,142560
2024,1,1,419750
2024,1,1,157000
2024,1,1,91650
2025,1,1,137500
2025,1,1,114192
2025,1,1,86000
2025,2,1,385000
2024,2,1,103400
2025,1,1,154100
2024,2,1,272900
2023,1,1,258000
2024,2,1,128500
2024,3,1,220000
2025,1,1,68000
2025,2,1,127300
2025,2,1,96600
2025,2,1,194000
2025,1,1,188000
2024,0,1,77000
2024,1,0,145858
2024,1,1,150000
2024,0,1,45700
2024,3,1,228000
2024,2,1,185000
2023,2,1,215000
2024,2,1,128833
2024,2,1,108800
2024,1,1,243300
2025,2,1,257200
2025,2,1,67100
2024,2,0,169230
2024,2,1,200000
2024,2,0,74276
2025,1,1,440000
2025,3,1,275000
2025,2,1,189584
2025,2,1,176790
2024,1,1,135900
2025,0,1,150000
2024,2,1,210000
2025,1,1,93900
2025,0,0,18987
2025,2,1,157000
2024,2,1,281700
2024,2,0,109000
2025,1,0,89085
2025,2,1,240100
2023,2,1,100000
2024,1,1,135376
2024,1,1,165760
2024,1,1,180000
2025,2,1,124000
2024,0,1,142000
2025,3,1,176000
2025,1,1,175450
2025,1,1,77969
2024,1,1,180000
2024,2,1,220000
2024,1,1,75000
2025,3,1,295000
2024,2,0,50000
2024,2,1,155000
2024,0,0,75000
2024,2,1,266000
2024,0,1,95166
2024,2,1,282200
2024,1,1,105750
2024,2,0,133400
2025,2,1,159000
2023,2,1,204500
2024,1,1,103300
2025,2,1,220000
2025,2,1,86000
2025,1,1,99500
2025,2,1,209657
2025,3,1,124250
2024,0,0,68562
2025,1,1,102000
2025,1,1,148014
2024,3,1,152600
2024,2,1,65300
2025,1,1,114000
2024,2,1,97870
2024,1,1,65000
2024,2,1,158000
2025,1,1,160000
2025,1,1,122000
2025,1,1,100000
2025,2,0,112400
2024,0,1,81000
2024,2,1,143000
2024,0,1,143200
2024,2,1,304750
2025,1,1,350763
2024,2,1,176800
2024,1,0,80000
2025,2,1,250600
2023,2,0,48585
2024,2,1,263000
2024,1,1,111662
2024,1,1,106500
2024,0,1,172000
2024,1,1,120672
2025,3,1,265080
2024,2,1,212750
2024,2,1,207300
2024,1,1,149820
2024,1,1,163000
2025,0,1,85850
2024,0,1,51000
2025,1,1,200000
2024,2,1,92000
2025,2,1,250800
2025,0,1,135000
2024,1,1,203100
2025,1,1,196600
2024,0,1,36300
2024,1,1,122328
2024,1,1,161406
2025,2,1,294000
2025,2,1,162000
2024,1,1,181300
2024,2,0,68750
2024,2,1,97500
2025,2,1,222000
2024,2,1,276000
2024,2,0,230000
2025,1,1,160300
2025,1,1,161406
2024,1,1,120000
2025,1,1,141440
2024,2,1,93300
2024,2,1,109500
2024,1,1,117887
2024,2,1,180000
2024,2,1,161500
2024,2,1,180650
2024,1,1,276000
2024,0,1,128544
2024,1,1,167500
2024,1,1,78800
2024,2,0,282000
2025,1,1,103300
2024,1,1,170200
2024,2,1,237500
2024,2,1,187000
2024,2,1,118500
2025,2,1,107000
2024,2,1,323400
2025,1,1,141000
2024,2,1,92000
2024,2,1,220000
2024,0,1,136000
2024,1,1,161000
2023,1,1,145000
2022,2,1,85000
2023,2,1,162000
2024,2,1,71000
2024,0,0,36606
2024,2,1,267444
2023,2,1,126800
2024,2,0,68750
2025,1,1,61500
2024,1,1,305900
2024,2,1,145000
2025,2,1,144200
2024,2,1,177300
2021,2,1,195000
2025,2,1,112000
2025,1,1,71300
2025,2,0,56962
2025,0,1,161000
2024,0,1,88500
2024,1,1,310000
2024,1,1,120000
2024,1,1,237600
2024,2,1,89000
2024,2,1,142500
2024,1,1,169442
2025,2,1,105520
2024,1,0,130000
2024,1,1,179900
2025,2,1,221600
2024,1,1,87280
2024,2,1,280000
2025,1,1,175800
2025,1,1,146000
2024,0,1,138900
2025,0,1,83340
2024,1,1,259200
2024,0,0,53333
2024,2,1,96600
2024,2,1,165500
2025,1,1,124500
2024,1,1,267100
2025,2,1,290000
2024,0,1,119000
2025,0,1,124700
2024,1,1,163000
2024,1,1,170500
2024,2,1,185400
2025,1,0,151200
2023,2,0,64781
2024,1,0,171800
2024,2,1,240240
2025,1,1,300000
2024,1,1,250600
2025,2,1,147300
2024,0,1,58343
2025,2,1,153935
2024,2,1,151463
2023,2,1,163625
2024,2,1,167000
2022,1,1,58000
2024,2,1,219000
2024,1,1,177688
2024,2,1,172100
2024,2,0,112000
2024,2,1,135400
2025,1,0,170000
2024,1,1,69862
2025,2,1,192300
2023,2,1,132000
2024,1,1,121909
2025,2,1,132400
2024,2,1,123400
2025,2,0,101052
2024,2,0,75600
2025,1,1,151170
2024,1,1,191922
2025,2,1,250000
2024,1,1,85134
2024,1,1,135285
2025,1,1,150000
2025,1,1,103064
2024,2,1,300000
2024,1,1,278900
2024,2,1,140000
2024,2,1,173000
2025,2,1,294000
2025,2,1,160000
2024,1,1,182600
2025,1,1,150000
2024,2,1,234900
2025,1,1,103781
2024,0,1,82370
2025,1,1,112800
2024,2,1,237000
2024,2,1,185000
2024,2,1,174129
2025,1,1,61000
2024,1,1,174500
2024,2,1,246000
2025,2,1,106200
2024,2,1,195800
2025,2,0,94220
2025,2,1,242500
2023,2,1,175000
2025,2,0,162200
2024,1,1,153000
2024,1,1,219600
2024,0,1,70000
2025,2,1,296300
2023,2,1,124000
2024,1,1,246000
2024,2,0,74000
2024,1,1,97600
2025,2,1,131414
2025,2,1,87200
2023,1,0,147648
2024,1,0,59615
2025,2,1,199400
2025,1,1,132000
2024,0,1,65000
2024,3,1,263000
2024,2,1,121400
2024,2,1,101000
2025,1,1,300000
2024,1,1,94300
2024,2,1,192700
2024,1,1,65000
2024,2,1,138945
2024,2,1,118000
2024,2,1,224000
2025,2,1,188100
2025,2,0,98600
2024,1,1,126000
2024,0,1,181610
2024,1,1,106345
2023,2,1,188600
2024,1,1,134198
2025,2,1,90000
2025,2,0,193000
2024,2,1,220000
2024,1,1,122000
2025,2,1,130603
2024,2,1,124000
2024,2,1,286000
2025,1,1,225000
2025,1,1,152405
2024,2,0,163639
2025,2,1,190000
2024,1,1,253000
2025,1,1,100000
2025,1,1,83600
2025,0,1,60800
2024,2,1,79800
2024,2,1,124800
2024,2,1,300000
2025,0,1,120000
2025,2,1,260200
2025,2,1,138000
2025,1,1,233000
2024,1,0,32075
2025,2,1,189000
2025,2,1,135800
2024,2,1,304496
2024,1,1,100000
2025,1,1,104792
2024,1,1,126713
2025,2,1,124900
2025,2,1,73000
2024,0,1,60000
2024,1,0,170000
2024,1,1,291000
2024,2,1,410000
2023,1,1,185000
2025,1,1,38000
2025,2,1,125000
2024,2,1,245400
2024,2,1,147430
2025,1,1,108000
2025,1,0,164556
2025,2,0,88607
2024,2,1,129960
2025,2,1,92000
2024,1,1,238000
2024,2,1,255500
2025,2,1,260000
2024,2,1,180000
2024,2,1,96761
2024,3,1,264000
2025,2,1,309400
2023,2,1,127500
2024,2,1,321800
2025,0,1,81000
2023,2,1,226600
2024,2,1,245000
2023,0,1,163800
2024,2,0,71932
2025,2,0,162400
2025,2,1,147000
2025,3,1,175000
2025,1,0,71428
2023,1,1,140000
2025,0,1,75000
2024,2,0,54000
2022,2,1,175100
2025,2,1,147900
2025,1,1,230230
2023,2,0,118118
2024,2,1,255500
2024,0,0,28888
2025,2,1,300000
2024,1,1,163000
2024,2,1,120000
2025,2,1,174400
2024,1,1,158000
2024,2,1,185500
2022,2,1,145000
2025,2,1,177000
2024,2,1,123970
2024,2,1,151725
2025,2,1,215800
2024,2,1,232300
2024,0,1,188100
2025,2,1,115000
2024,2,1,142600
2024,2,1,204360
2024,2,1,150300
2024,2,1,140032
2024,2,0,181500
2025,1,1,154000
2025,0,1,124000
2024,2,1,155000
2024,0,1,207000
2024,1,1,120100
2024,0,1,112000
2024,2,1,140000
2022,1,1,99100
2025,1,1,137750
2025,0,1,90900
2024,2,0,118750
2024,2,1,87100
2025,2,1,180000
2024,1,1,204600
2024,2,1,102000
2024,1,0,100100
2023,2,0,193000
2025,2,1,230261
2025,1,1,145000
2025,0,1,130000
2024,2,1,241700
2024,2,1,137400
2025,1,1,110000
2022,2,1,100000
2024,1,1,204000
2025,2,1,121300
2024,2,0,100000
2024,2,1,157476
2024,2,0,141500
2024,1,1,206258
2024,2,1,148000
2024,2,1,178315
2023,1,1,151800
2025,2,1,210000
2024,0,1,209000
2025,2,1,228600
2025,2,1,207348
2025,2,1,133000
2023,1,1,136500
2025,1,1,70000
2025,1,1,85000
2024,1,1,79600
2024,3,1,180000
2024,2,1,131841
2025,3,1,249900
2025,1,1,720000
2024,2,1,190800
2025,2,1,60600
2024,1,1,241200
2023,3,1,115500
2024,0,1,210000
2025,2,0,115000
2024,1,1,90700
2024,1,1,97000
2025,2,1,152737
2024,2,0,68750
2024,2,1,208000
2024,2,1,201450
2024,3,1,157500
2024,2,1,158076
2024,1,1,161000
2024,0,0,88640
2024,0,1,53700
2023,2,1,210000
2024,2,0,49183
2024,0,1,93400
2024,2,0,57000
2025,2,1,220320
2023,2,1,112000
2023,1,0,46755
2023,1,1,700000
2024,0,1,52488
2023,2,1,180500
2025,0,1,74799
2024,1,1,224000
2022,1,0,67723
2025,3,1,150000
2024,1,1,121000
2024,1,0,185700
2025,2,1,150000
2024,2,1,267100
2025,2,0,231000
2024,2,1,166800
2025,2,0,69231
2024,2,1,199600
2024,1,1,215000
2024,2,1,79500
2025,0,1,273600
2024,2,1,75000
2025,1,1,87000
2025,2,1,197000
2024,1,1,140000
2024,2,1,180100
2024,1,1,158100
2025,2,1,187300
2024,0,1,112200
2024,0,1,73170
2025,2,1,197600
2024,1,1,177735
2024,2,0,129375
2025,2,1,303400
2022,2,1,128875
2024,2,1,237100
2024,2,1,257000
2022,2,1,250000
2024,2,1,250777
2022,2,1,93700
2023,2,0,44051
2025,1,1,100259
2025,1,1,155250
2024,1,1,95000
2025,2,1,118200
2024,3,1,235500
2023,2,1,197400
2025,0,1,96350
2022,1,1,130000
2024,2,1,190237
2025,1,1,200000
2025,1,1,161700
2025,2,1,356500
2024,0,1,48000
2024,0,1,148200
2025,1,1,140000
2024,2,1,255000
2024,1,1,136000
2025,2,1,316480
2023,2,1,201650
2023,2,1,153600
2025,1,0,95684
2024,1,0,94864
2025,2,1,160700
2025,1,1,107300
2024,2,1,164000
2024,1,1,216040
2025,1,1,184000
2024,2,1,74476
2025,2,1,131500
2024,2,1,128500
2025,1,0,134460
2024,2,0,69333
2024,2,1,131300
2024,2,1,86300
2024,2,1,230589
2025,3,1,113840
2025,2,0,108000
2024,1,1,208000
2024,2,1,133600
2024,2,0,36014
2024,1,1,129000
2025,2,1,139189
2024,2,0,105000
2025,2,1,217800
2024,2,1,253194
2024,1,1,80000
2025,1,1,77200
2024,2,1,300000
2024,1,1,87100
2025,1,1,178000
2024,1,1,105000
2024,1,1,135500
2024,2,1,205100
2024,2,1,200000
2024,0,1,99800
2024,1,1,88750
2025,2,1,250000
2024,2,1,218500
2024,1,1,208800
2025,1,1,150000
2023,0,1,65000
2025,2,1,294000
2024,2,1,128000
2024,2,1,183000
2024,1,1,82999
2024,0,1,74300
2023,2,1,81800
2024,1,1,98450
2024,2,0,30000
2025,2,1,94800
2025,1,1,120000
2024,2,1,129400
2025,2,1,110000
2024,2,1,170955
2025,0,1,118785
2024,2,1,97400
2024,2,1,177600
2025,2,1,220000
2025,0,1,120000
2024,3,1,412500
2025,1,0,131500
2025,0,1,72700
2024,3,1,90000
2024,2,1,160000
2024,1,1,200000
2025,1,1,89400
2023,1,1,145000
2025,3,1,213480
2024,2,1,95000
2025,1,1,78000
2024,2,1,252000
2025,2,1,173700
2025,1,1,175000
2024,2,1,168800
2025,2,1,164000
2023,2,1,300000
2024,2,1,92500
2025,2,1,143320
2023,1,1,210000
2024,2,1,88275
2025,2,1,256000
2024,2,1,122700
2025,1,1,200000
2023,2,1,138900
2024,2,1,256500
2024,2,1,158000
2025,1,1,104000
2025,2,0,105063
2024,1,1,81806
2024,0,1,107000
2025,2,1,296300
2024,1,1,158500
2025,2,0,52964
2023,2,1,152000
2025,2,1,190000
2024,2,1,265000
2024,2,1,67060
2024,2,1,155880
2023,2,1,118000
2025,2,1,105000
2025,1,1,115000
2024,2,1,313700
2024,0,1,97000
2024,2,1,196720
2022,2,1,193900
2025,1,0,85540
2024,0,1,80500
2024,2,1,137658
2024,1,1,64000
2024,2,1,79348
2024,0,1,73000
2025,1,1,186500
2025,2,0,166500
2023,3,1,175000
2024,0,1,81081
2024,2,1,176000
2024,0,1,264200
2023,1,0,113563
2025,2,1,154000
2024,0,1,94000
2025,2,1,214060
2024,2,1,160000
2024,0,0,93750
2024,1,1,357100
2023,2,1,185900
2024,0,1,127075
2024,1,1,329600
2025,1,1,108000
2025,2,1,111000
2025,2,1,92400
2025,2,1,134000
2024,1,1,100000
2025,2,1,141440
2024,0,1,212800
2023,2,1,185000
2025,2,1,222000
2024,1,1,90000
2024,1,1,132250
2024,2,1,234200
2024,1,1,143000
2025,2,1,155500
2024,2,1,358000
2025,1,1,168000
2024,2,1,152000
2024,2,1,178000
2024,1,1,62300
2024,0,1,86100
2024,1,1,79600
2025,2,1,97000
2024,1,1,160500
2024,2,0,87500
2024,2,0,121800
2025,2,1,173160
2024,2,1,328000
2025,2,1,86000
2024,2,1,203010
2024,1,1,168000
2025,2,1,286300
2024,1,0,168400
2024,2,1,162000
2024,2,0,100000
2025,1,1,135320
2024,1,1,116000
2024,1,0,70000
2024,1,1,67600
2024,1,1,300000
2024,1,0,190000
2025,2,1,179500
2025,1,1,107366
2025,2,1,182000
2025,2,0,136500
2024,2,1,150000
2025,2,1,194900
2025,2,1,168150
2024,2,1,192000
2024,0,1,54863
2025,2,1,82600
2025,1,1,77200
2024,2,1,209000
2025,0,1,123283
2024,0,0,59842
2025,2,1,126100
2024,1,0,61666
2025,2,1,99849
2025,2,1,214500
2025,0,1,113840
2025,2,1,300000
2025,0,1,198300
2024,1,0,94725
2025,1,1,125000
2024,3,1,448000
2025,1,1,83430
2024,2,1,241000
2024,0,1,94300
2024,1,1,171835
2023,2,1,172900
2025,2,0,322784
2025,2,1,148230
2024,0,1,140000
2025,0,0,56842
2023,2,1,79600
2025,2,1,530000
2024,1,1,117000
2024,1,1,230000
2024,1,1,73700
2024,2,1,125945
2025,1,0,45846
2024,0,1,94900
2024,1,1,235000
2024,0,1,112000
2025,3,1,130920
2024,0,1,72864
2025,2,1,220881
2024,1,0,90000
2024,0,1,210100
2024,1,1,173040
2024,1,1,129000
2025,1,1,61500
2024,1,1,65593
2024,1,1,187000
2025,1,1,149000
2023,1,1,165000
2024,1,1,85500
2023,1,1,116500
2024,1,0,164000
2025,2,0,140000
2025,3,1,385000
2025,1,1,130313
2024,0,1,80080
2024,1,1,214300
2024,2,1,195000
2023,2,1,120000
2023,1,1,200000
2024,2,1,116700
2025,1,1,60400
2024,2,1,110000
2023,2,1,106500
2025,1,1,185000
2024,2,1,189000
2024,2,1,230000
2024,0,1,200000
2024,2,1,99800
2025,2,0,163000
2025,2,1,160500
2024,2,1,238650
2025,1,1,228600
2024,2,1,205700
2025,2,1,133300
2024,1,1,101098
2024,2,1,165000
2022,2,1,154560
2025,2,0,64147
2025,2,1,118900
2024,2,1,170700
2025,0,1,95000
2025,2,1,170760
2024,1,1,119000
2025,2,1,144000
2024,1,1,210255
2025,2,0,110000
2024,0,1,100000
2025,2,1,87000
2024,2,1,236250
2024,2,1,136000
2023,2,1,145900
2023,1,1,100000
2025,1,1,82000
2024,1,1,132500
2021,2,1,200000
2025,1,1,125000
2024,2,1,165000
2025,1,0,86400
2024,2,1,250000
2025,2,1,80000
2025,2,1,235000
2024,2,1,85000
2024,2,1,143706
2025,2,1,90000
2024,1,1,142000
2021,0,0,100000
2023,1,1,57800
2024,2,1,208000
2025,2,1,207000
2022,2,1,70000
2024,2,1,93750
2025,2,1,150000
2024,1,1,75000
2024,1,0,49183
2024,1,1,155000
2024,2,1,235000
2024,2,0,122305
2025,1,1,145100
2025,1,1,201193
2024,2,1,143896
2024,1,1,72870
2024,2,1,145200
2024,2,1,192000
2025,1,1,117000
2024,1,1,91062
2025,2,1,133000
2024,2,1,117343
2024,2,1,159300
2025,2,1,113596
2025,1,1,311779
2024,1,1,100600
2025,1,1,184142
2024,1,1,166600
2025,2,1,230000
2025,0,1,67600
2023,1,0,104584
2025,1,1,84000
2024,2,1,84720
2024,2,0,54000
2025,2,1,264000
2024,3,1,147500
2025,2,1,131300
2024,2,1,120800
2024,2,1,252000
2024,2,1,110000
2025,1,1,156000
2024,1,1,98000
2024,1,1,118050
2024,2,1,175000
2025,2,1,94600
2024,1,1,179500
2024,2,1,110000
2024,2,1,222480
2025,1,1,171000
2025,0,1,108100
2024,2,1,143860
2024,2,1,157500
2025,2,1,164663
2023,2,1,200000
2024,1,1,157500
2024,2,1,80000
2025,2,1,131250
2024,2,1,82800
2024,2,1,91155
2024,2,1,196000
2025,2,1,209000
2024,2,1,119800
2024,3,1,113840
2025,2,1,170800
2023,2,1,126900
2024,1,1,84200
2025,2,1,250200
2024,2,1,243500
2024,2,1,134500
2023,0,0,18160
2024,2,1,211000
2025,1,1,148350
2024,1,1,92560
2025,2,1,143600
2024,1,0,37800
2024,0,1,100000
2024,1,1,78800
2020,1,0,112872
2025,2,1,150280
2025,2,1,110000
2024,1,0,64103
2024,1,1,107100
2024,2,1,72700
2025,2,1,240100
2024,2,1,165825
2023,2,1,86900
2024,1,1,179500
2025,2,1,153925
2023,2,1,113000
2024,2,1,235264
2024,1,1,67700
2025,1,1,83264
2024,2,1,170300
2024,2,1,119100
2025,2,0,41482
2024,2,1,303400
2024,1,1,98000
2024,2,1,165100
2024,1,1,243500
2024,2,1,241500
2025,1,1,84000
2025,2,1,186000
2024,1,1,222480
2023,0,1,70800
2025,2,0,113924
2025,2,1,278875
2025,1,0,90000
2024,1,1,203280
2025,2,1,89180
2024,2,1,109300
2024,2,1,133800
2024,2,1,300500
2024,2,1,219100
2024,1,1,113900
2025,0,1,100000
2024,1,1,85000
2024,2,1,247600
2024,1,1,110000
2025,2,0,67530
2023,2,1,172500
2024,2,1,119000
2024,0,1,137000
2025,2,1,243000
2024,3,1,194760
2022,0,0,84053
2024,2,1,259000
2024,0,1,86153
2024,2,1,241875
2024,2,1,122900
2024,1,1,69860
2024,1,1,145000
2024,1,1,86000
2025,2,1,129300
2025,2,1,187500
2023,2,1,274450
2025,3,0,142842
2024,1,0,57500
2024,0,0,88640
2024,1,0,40000
2025,0,1,82000
2024,2,1,85500
2025,1,1,135720
2024,0,1,111300
2024,1,1,167030
2024,1,0,200840
2025,2,1,73251
2024,2,1,235000
2024,2,1,216700
2024,1,1,93600
2020,2,1,150000
2024,2,0,65145
2025,1,0,191100
2025,2,1,123200
2023,2,1,331640
2024,2,1,176446
2025,2,1,200000
2024,2,1,105900
2024,1,1,220900
2024,2,1,183764
2020,0,0,42000
2025,2,1,225000
2025,2,1,205000
2024,2,1,194180
2023,2,1,130000
2025,2,1,147000
2024,1,1,40000
2024,2,1,176355
2025,3,1,160000
2025,1,1,80900
2024,1,1,66100
2025,1,1,127000
2025,0,1,146000
2025,0,1,144000
2023,2,1,120000
2024,1,1,130000
2024,2,1,129000
2024,2,1,151400
2024,1,0,75000
2023,2,1,193800
2025,2,1,217500
2024,0,0,27000
2025,2,1,120000
2025,2,1,133650
2025,2,0,75789
2024,2,1,220900
2025,2,1,95000
2024,2,0,82600
2025,1,1,140000
2025,0,0,21006
2024,2,1,243000
2024,3,1,208400
2024,0,0,52500
2024,2,1,364100
2024,0,0,76923
2025,2,1,98480
2024,2,1,282000
2025,2,1,175800
2024,1,1,158000
2024,2,1,135400
2024,1,1,345000
2024,1,1,199500
2025,1,1,450000
2023,1,1,155000
2023,1,1,90000
2024,2,1,116200
2025,2,1,113700
2022,1,1,167000
2024,2,0,120000
2025,2,0,182780
2022,2,1,127000
2025,2,1,219400
2024,2,1,222800
2025,2,1,38000
2025,2,1,178000
2023,2,1,169850
2025,1,1,200200
2023,2,1,152000
2023,2,0,158000
2023,2,1,110500
2025,2,1,219500
2025,1,1,158900
2024,1,1,110400
2022,2,1,99750
2024,0,1,62000
2024,1,0,57442
2024,2,1,120000
2021,1,0,50000
2024,2,1,145300
2024,0,0,56250
2024,1,1,154960
2025,1,0,22736
2025,0,0,16000
2024,3,1,323300
2023,2,1,168400
2025,2,0,190300
2024,1,1,114700
2025,2,1,168000
2024,1,1,143302
2025,2,1,219400
2024,2,1,84600
2025,1,0,114354
2024,1,1,97000
2025,2,1,90000
2024,1,1,165000
2025,2,1,350000
2024,2,1,180000
2024,2,1,124700
2024,0,1,94050
2024,2,1,200000
2024,2,1,190196
2024,2,1,145000
2023,1,0,48585
2024,2,1,100000
2024,2,1,143500
2024,1,1,214300
2025,2,1,85300
2024,2,1,337300
2024,1,1,130000
2025,2,1,170000
2025,1,1,180000
2024,2,1,264200
2024,1,1,210000
2024,1,1,255600
2024,2,1,313000
2024,2,1,167200
2025,1,1,112160
2025,2,1,164000
2024,1,0,38666
2024,0,1,106590
2024,0,1,84600
2025,2,1,225000
2025,1,1,60400
2024,2,1,235000
2025,0,1,118310
2024,0,1,260000
2024,1,1,106500
2025,1,1,75000
2025,2,1,118976
2023,2,1,286000
2024,2,1,148500
2024,2,1,329000
2024,2,1,217000
2023,2,0,133700
2024,0,1,118750
2025,2,1,334800
2024,2,0,146408
2025,2,1,110000
2024,0,0,63763
2025,2,1,223900
2023,2,0,86374
2025,1,1,175900
2024,2,1,109100
2024,2,1,98000
2024,2,1,103000
2024,1,0,25860
2025,2,1,148014
2024,2,1,105000
2024,2,1,130100
2022,1,0,80036
2025,2,1,135000
2021,0,0,19073
2023,2,1,291500
2024,1,1,90000
2025,2,1,171000
2024,1,1,215000
2024,1,1,144500
2025,2,1,146900
2025,1,1,171000
2025,2,1,107300
2024,1,1,237500
2024,2,0,194120
2024,3,1,128000
2024,3,1,140000
2024,2,1,137500
2024,2,1,220000
2025,1,0,120000
2025,1,1,67600
2022,2,1,135000
2022,1,1,112300
2025,1,1,195000
2025,2,1,145100
2024,1,1,135000
2024,1,1,159500
2025,0,1,112000
2021,1,1,170000
2025,0,1,146000
2023,1,1,150000
2022,2,1,150000
2024,1,1,96350
2025,2,1,190300
2025,0,1,40000
2025,2,1,148750
2024,1,0,210960
2023,2,1,129300
2024,1,1,153000
2025,2,1,204300
2024,2,1,154000
2025,1,1,122200
2025,2,0,184000
2025,2,1,121000
2023,2,1,115000
2024,2,1,248920
2024,1,1,48000
2025,1,1,45000
2024,1,1,156000
2024,2,1,180000
2023,2,1,150000
2024,2,1,192000
2024,2,1,113840
2022,2,1,141525
2024,1,1,312200
2024,2,1,108000
2024,1,1,317000
2025,1,1,190000
2024,2,1,160000
2024,2,1,227938
2024,1,1,96750
2024,1,1,85000
2024,3,1,200000
2025,1,1,75600
2025,2,1,95200
2024,1,1,193000
2023,1,1,166000
2024,3,1,180000
2025,2,1,199800
2025,2,1,103700
2024,2,1,206000
2024,1,0,36000
2024,1,1,162000
2024,2,1,189600
2024,1,1,148550
2024,2,0,115200
2025,1,1,186000
2024,2,1,215424
2024,2,1,307000
2025,2,1,109500
2024,1,1,64000
2024,2,1,85000
2025,0,1,127800
2025,2,1,140000
2024,2,1,165100
2024,1,1,107300
2025,2,1,158000
2024,2,1,135150
2024,1,0,94707
2024,2,1,116000
2024,1,1,192840
2024,2,1,73900
2025,0,1,125000
2023,2,1,83000
2025,2,1,123300
2025,1,1,141450
2025,1,1,65025
2023,2,1,140000
2023,2,1,206000
2023,2,1,119800
2024,1,1,208200
2024,1,1,115000
2024,2,1,150000
2025,2,1,184300
2025,2,1,234500
2022,2,0,187200
2024,1,1,170000
2025,3,1,213480
2025,2,1,291200
2024,1,0,80000
2025,2,1,158000
2025,1,1,290180
2025,2,1,128452
2024,2,1,120000
2025,2,1,200400
2025,2,1,72250
2024,1,1,560000
2024,2,1,81500
2025,2,1,220000
2024,2,1,138100
2024,2,1,145000
2024,1,1,71220
2025,2,1,146500
2025,2,1,252000
2024,0,1,122000
2021,2,1,120000
2025,2,1,141400
2024,1,1,290950
2023,1,0,79976
2025,2,1,149600
2023,1,1,225000
2025,1,1,150000
2024,2,0,75000
2025,0,1,80000
2025,2,1,232300
2024,1,1,115000
2024,2,0,137500
2024,2,1,205000
2024,2,1,142300
2024,2,1,119213
2024,2,1,145430
2024,2,1,137000
2024,2,1,287470
2023,3,1,140000
2025,2,1,147500
2024,1,1,256500
2024,1,1,259200
2025,2,1,172800
2023,2,1,222000
2024,1,0,130000
2024,1,1,170200
2024,2,1,106000
2025,2,1,194852
2024,1,1,175000
2025,1,1,74800
2024,1,1,94920
2023,2,1,200000
2025,1,1,167500
2025,1,1,145800
2024,2,1,280000
2023,1,1,210000
2024,2,0,155650
2024,1,1,218500
2025,0,1,154000
2024,1,1,61200
2025,1,1,133900
2024,0,0,39245
2025,2,1,121400
2024,1,1,194100
2024,1,1,94415
2024,2,1,275000
2024,0,1,79700
2025,1,1,139905
2024,2,1,86000
2024,2,1,174271
2024,0,1,75000
2024,1,1,97000
2024,2,1,159100
2025,2,1,120000
2021,1,1,150000
2025,1,1,106200
2022,2,0,76814
2025,1,1,145000
2025,2,1,266000
2024,1,1,405000
2024,2,0,200000
2025,1,1,71500
2024,1,1,276000
2025,3,1,176525
2024,2,1,245400
2024,2,1,150000
2024,1,1,333000
2024,2,1,220000
2025,0,1,66000
2024,1,0,93222
2025,3,0,142105
2023,1,1,242100
2024,1,1,55000
2024,1,1,123300
2024,2,1,165800
2025,2,1,98000
2024,2,1,310000
2024,2,1,192500
2023,2,0,135000
2025,1,1,72000
2025,1,0,145000
2025,2,1,265505
2025,2,0,63157
2025,1,1,85000
2025,3,1,157500
2025,2,1,205600
2025,0,1,91200
2024,1,1,75600
2025,2,1,147472
2024,1,1,90000
2024,0,1,68000
2024,2,1,250600
2025,2,1,215000
2025,2,1,137500
2025,2,1,123000
2025,2,1,157675
2022,1,1,66100
2024,2,1,455200
2025,2,1,200000
2025,0,1,140000
2024,2,0,120000
2025,0,0,52631
2024,1,0,160000
2024,2,1,175000
2024,2,1,202800
2024,1,1,187000
2025,1,1,207965
2025,1,0,88607
2024,2,0,25210
2024,2,1,141525
2024,2,1,143100
2024,2,1,114000
2024,2,1,213000
2024,2,1,139300
2024,2,0,60833
2024,2,1,195200
2023,2,1,171000
2024,0,1,137000
2024,2,1,314400
2023,2,1,134236
2023,1,0,36000
2025,1,1,256400
2025,2,1,96900
2024,2,0,77777
2024,2,0,120000
2024,2,1,91000
2025,1,1,124300
2024,2,1,97497
2025,0,1,101700
2025,2,1,80300
2023,2,1,50000
2024,2,1,190300
2024,1,1,54552
2025,1,1,231100
2025,2,1,128500
2024,2,1,88000
2025,2,0,154200
2025,0,1,94400
2024,3,1,256200
2024,0,1,112000
2024,2,1,144660
2025,1,1,86000
2023,2,1,198800
2024,1,0,56227
2023,0,1,140000
2024,2,1,103050
2025,0,1,186900
2024,2,1,164500
2025,1,1,159000
2025,3,1,264000
2024,2,1,145000
2024,2,1,137972
2023,2,1,163000
2024,0,1,58250
2024,2,1,185000
2024,2,1,150000
2024,1,1,188400
2024,1,1,385000
2025,1,1,127698
2025,1,1,170200
2024,2,1,175800
2025,2,1,225000
2023,1,1,52500
2022,2,1,201000
2025,1,1,173650
2025,2,1,117728
2022,1,0,78000
2025,1,1,157373
2025,2,0,170000
2024,1,1,186000
2024,0,1,72300
2024,2,1,329333
2024,1,1,137100
2024,2,1,178000
2025,2,1,110000
2024,1,1,81250
2025,1,1,95000
2024,1,1,71094
2024,2,1,131500
2024,2,1,189245
2024,1,1,179000
2024,2,1,244000
2023,2,1,227850
2024,0,1,79900
2025,1,1,75000
2025,0,1,52000
2023,2,1,323300
2023,1,1,68000
2024,2,1,196900
2024,2,1,200000
2024,1,1,119600
2024,2,0,84615
2024,1,1,105500
2025,1,1,133000
2023,2,1,135000
2024,1,1,194000
2024,1,0,95000
2024,1,1,82200
2025,2,1,50000
2024,2,1,93440
2024,2,0,153000
2024,0,1,120000
2025,2,1,255000
2022,2,1,110000
2024,2,1,285670
2025,1,1,70024
2024,2,1,141200
2025,2,1,134400
2023,2,1,204500
2024,0,1,82783
2025,2,1,181000
2023,2,1,328400
2024,0,1,116600
2025,2,0,33991
2024,2,1,201066
2025,1,1,120834
2023,1,1,73100
2024,1,1,133200
2025,2,1,286000
2024,2,1,205000
2025,2,1,350000
2024,1,1,60400
2024,0,0,116925
2024,2,1,470000
2025,0,1,55000
2024,0,1,183000
2025,2,1,124000
2024,1,1,76690
2025,1,1,163000
2024,0,1,17888
2025,2,1,224994
2022,0,0,55475
2023,2,1,206000
2024,2,1,180000
2025,1,0,105263
2024,1,1,89250
2025,2,1,205000
2024,2,1,62300
2024,1,1,348000
2024,1,1,80000
2024,2,1,142166
2025,2,1,179000
2025,2,1,156160
2023,2,1,182000
2023,2,1,204000
2024,1,1,152375
2025,1,1,151440
2024,1,0,54615
2025,0,1,51000
2025,2,0,41431
2024,1,1,170185
2025,2,1,127300
2025,1,0,80000
2024,2,1,194000
2024,1,0,93500
2024,2,0,80000
2024,1,1,88800
2025,2,1,216000
2024,1,1,117000
2023,2,1,138750
2023,0,0,43064
2024,2,1,170600
2025,2,1,96500
2025,2,0,177215
2025,1,1,67700
2025,1,1,81094
2025,2,1,68000
2023,2,1,147500
2023,2,1,89100
2025,1,1,313000
2023,2,1,153300
2024,1,0,137000
2024,1,1,94500
2024,3,1,338000
2023,2,1,198300
2024,2,1,305700
2024,2,1,145537
2025,2,0,91200
2024,2,1,153075
2023,2,1,118600
2024,2,1,209000
2025,1,1,72250
2024,1,1,65000
2024,2,0,100000
2024,2,1,226000
2024,1,1,69050
2024,2,1,111600
2025,2,1,115000
2025,2,1,120000
2025,2,1,173000
2024,2,1,166500
2025,2,1,97750
2024,0,1,108000
2024,1,1,93600
2024,1,1,149400
2025,1,1,120275
2024,0,1,76000
2025,1,1,76000
2024,1,0,60000
2025,2,0,92210
2024,2,1,120400
2025,2,1,198000
2024,2,0,105500
2025,2,0,31200
2024,1,1,87300
2024,1,1,300000
2024,0,0,102495
2025,1,1,47840
2024,2,1,195600
2023,2,1,221300
2022,0,0,16455
2024,2,1,223500
2024,0,1,74000
2025,2,1,157000
2025,2,1,65000
2024,1,1,72150
2025,2,1,198240
2022,2,1,155000
2024,1,1,141340
2024,1,1,265200
2024,2,1,137000
2025,2,1,271910
2025,2,1,150768
2024,1,0,73076
2024,2,1,127000
2022,1,1,126500
2025,3,1,160000
2025,2,1,85150
2024,2,1,225750
2024,2,1,248520
2024,2,1,252000
2025,2,1,228600
2024,2,1,202730
2025,1,1,142500
2024,2,1,137600
2025,2,1,121030
2025,2,1,180000
2023,0,1,90000
2025,2,1,128600
2024,1,1,180000
2024,2,1,112000
2025,2,1,314400
2025,2,1,76208
2024,1,0,92307
2024,2,1,209600
2024,1,0,202000
2024,2,1,179101
2024,1,1,84400
2025,1,1,170688
2024,2,1,105600
2024,2,1,64000
2024,1,1,137000
2024,2,1,104580
2024,2,1,359720
2024,1,1,51175
2025,1,1,185100
2025,2,1,215000
2025,2,1,136000
2025,2,1,110000
2024,2,1,133200
2024,1,0,36000
2025,1,1,103002
2024,0,1,128000
2025,1,1,172400
2023,2,1,230000
2025,1,1,220000
2024,2,1,138000
2025,2,1,172300
2025,2,0,76800
2025,2,1,61360
2024,1,1,158500
2024,2,1,209440
2025,2,1,425500
2024,1,1,110000
2025,1,1,85000
2025,1,1,166900
2025,0,1,43000
2025,1,1,108826
2024,3,1,109120
2024,1,1,240000
2024,0,1,91200
2024,3,1,290000
2022,2,1,198440
2024,2,1,260000
2025,2,1,82000
2024,1,1,89000
2024,2,1,159800
2024,2,1,170186
2024,0,1,128800
2025,1,1,195000
2025,2,1,239100
2025,0,1,70200
2025,0,0,32842
2025,2,1,120000
2024,1,1,64000
2025,2,1,120450
2025,1,1,88795
2022,0,0,51081
2024,2,1,127000
2024,2,1,135000
2024,2,1,151100
2024,1,0,180000
2025,2,1,275000
2025,1,0,68561
2025,0,0,47368
2023,2,1,360000
2024,3,1,243300
2024,2,1,92200
2025,1,1,245000
2024,2,1,258800
2024,1,1,130000
2025,0,0,30379
2024,1,1,154660
2024,1,1,181050
2024,1,1,124000
2024,0,1,148000
2024,2,1,131500
2024,1,1,90000
2025,1,1,137000
2024,3,1,179200
2025,2,1,176000
2024,0,1,120000
2024,1,1,166320
2024,2,0,74911
2024,2,1,337250
2025,2,1,720000
2024,2,1,73008
2025,1,0,102147
2025,2,1,126000
2024,1,1,98400
2024,2,1,179782
2024,2,1,202500
2025,0,1,91000
2023,1,1,170000
2024,2,1,253000
2024,2,1,192036
2024,1,1,84533
2022,0,0,40000
2025,1,1,136000
2025,1,1,183800
2025,2,1,238000
2023,1,1,115950
2024,1,0,73076
2024,2,1,276000
2023,1,0,55368
2025,2,1,203600
2025,2,1,160666
2023,2,1,169000
2025,2,0,120000
2024,1,1,135000
2025,1,1,150000
2024,2,1,137600
2022,2,1,160000
2024,1,0,55555
2024,1,0,65000
2024,1,1,126000
2024,1,1,98700
2024,1,1,78000
2024,2,0,618750
2024,1,0,65648
2025,2,1,120000
2022,2,0,68293
2024,1,1,70000
2025,1,1,121400
2024,1,0,80826
2025,1,1,175000
2024,2,1,90146
2024,1,1,162000
2024,1,1,64000
2024,1,1,55000
2024,2,1,132000
2025,2,1,292000
2025,2,1,155000
2025,1,0,411392
2025,2,1,418800
2025,2,1,174500
2023,2,0,280830
2025,1,1,183100
2024,2,0,55555
2025,1,1,71000
2024,2,1,152737
2025,2,1,192000
2025,2,1,158000
2024,2,1,178700
2024,1,1,287500
2024,0,0,42415
2024,2,1,116000
2025,1,1,244000
2024,2,1,212000
2025,2,1,137000
2025,2,1,170000
2024,1,1,70000
2024,0,1,81700
2024,2,1,196900
2025,1,1,149000
2025,2,1,192000
2024,2,1,250000
2025,1,1,190000
2023,2,1,64000
2024,2,1,132362
2025,3,1,65000
2024,3,1,182400
2025,1,1,64600
2024,2,1,212400
2023,2,1,266400
2024,2,1,135700
2025,2,1,356500
2024,2,1,115000
2024,1,1,221000
2024,0,1,95500
2024,2,1,225000
2025,1,1,109800
2024,2,1,268500
2023,2,1,278700
2024,1,1,84894
2024,2,1,174518
2024,2,1,277500
2023,2,1,226500
2024,0,1,172100
2024,2,1,219230
2025,0,1,340100
2025,2,1,241000
2024,1,1,170000
2023,2,1,189000
2024,2,1,195000
2022,2,1,231250
2024,1,1,96400
2024,1,1,64000
2023,2,1,81666
2024,2,1,117400
2024,2,1,165900
2024,2,1,198700
2024,2,1,188800
2024,1,1,84000
2025,2,1,195000
2024,0,1,80600
2024,1,1,266000
2024,2,1,145400
2024,1,1,132100
2024,2,1,150000
2024,1,1,144900
2024,1,1,137500
2024,2,1,166860
2024,0,1,98090
2025,2,1,125375
2025,2,1,122200
2024,0,1,133900
2024,2,1,242000
2024,2,1,355000
2024,1,1,203350
2024,1,1,142000
2024,2,1,181000
2024,2,1,75000
2025,1,0,223500
2025,2,1,154000
2025,2,0,159800
2024,1,1,75000
2024,1,0,115000
2025,2,1,233958
2024,2,1,195500
2025,1,1,77400
2024,2,1,154400
2024,2,1,195000
2024,1,1,157000
2024,2,1,124000
2024,1,1,64200
2024,2,1,104280
2024,1,1,118800
2025,2,0,105000
2024,1,1,205700
2025,2,1,233450
2023,2,1,220000
2024,1,1,200000
2025,2,1,261000
2024,1,0,77051
2024,3,1,140000
2025,2,1,204900
2023,2,1,205600
2024,2,1,128192
2024,0,0,26575
2025,2,1,135000
2025,1,1,195000
2024,2,1,239900
2025,2,1,355000
2024,1,1,182400
2025,1,1,194740
2023,2,1,150120
2024,2,1,186846
2025,1,0,60900
2024,0,1,55000
2023,2,1,93593
2025,2,1,196200
2025,2,1,312000
2025,0,1,85000
2024,1,1,187352
2025,3,1,260000
2021,2,1,170000
2024,2,1,158500
2024,2,1,314800
2025,2,1,243448
2025,0,0,78947
2025,3,1,111100
2023,1,1,190000
2025,2,1,128800
2025,0,1,113000
2024,0,1,95450
2024,1,1,97750
2024,0,1,118750
2024,2,0,102200
2024,2,1,220600
2023,2,1,138800
2024,2,0,137500
2025,2,1,211000
2025,1,1,200000
2024,1,1,95413
2023,1,1,177000
2021,1,0,62649
2024,2,1,205200
2025,1,1,77900
2024,3,1,201300
2025,2,0,84810
2024,0,0,31250
2025,0,1,111100
2024,0,1,250000
2024,2,1,105000
2024,2,1,195500
2025,2,1,151300
2024,1,1,128000
2025,2,1,110200
2024,2,1,222500
2024,3,1,163300
2024,1,1,114000
2024,1,1,76128
2025,0,1,80417
2025,0,1,190000
2024,2,1,304496
2025,1,1,62800
2025,2,1,200000
2025,1,1,100000
2024,0,1,144000
2022,2,1,180000
2025,1,1,129000
2025,2,1,138000
2025,1,1,205000
2025,1,1,175000
2024,2,1,183800
2023,2,0,105000
2025,1,1,120000
2025,1,1,120000
2024,1,1,146994
2025,2,1,82600
2025,1,1,183950
2024,0,1,51375
2024,2,1,132300
2024,2,1,125000
2024,2,1,258524
2024,1,1,210900
2024,2,0,87500
2025,2,1,209100
2024,2,1,183552
2025,2,0,162000
2025,1,1,250000
2024,1,1,214464
2024,2,1,77000
2024,2,1,116645
2024,1,1,86660
2024,2,1,125760
2024,2,1,178200
2024,1,0,80000
2024,1,1,255500
2025,2,1,180800
2024,2,1,147900
2025,2,1,162600
2024,2,1,110409
2025,2,1,125000
2024,2,1,93000
2025,2,1,212300
2025,0,1,187000
2023,1,1,140000
2024,1,1,163000
2024,1,1,66300
2025,2,1,114000
2025,1,0,58458
2025,1,0,303797
2023,3,1,269600
2024,2,1,233200
2025,2,1,284500
2023,0,1,240000
2025,2,1,111500
2025,2,1,343100
2025,0,1,40000
2023,1,1,214300
2025,1,1,96012
2024,2,1,100000
2024,1,1,129000
2025,2,1,188000
2024,1,1,210000
2024,2,1,144630
2022,1,1,106260
2023,2,1,137500
2024,2,1,157000
2025,1,1,350000
2025,2,1,137439
2024,2,1,127500
2024,3,1,200000
2024,1,1,203000
2025,2,1,239900
2022,1,0,55410
2025,1,1,143100
2025,1,1,153000
2024,1,1,225396
2024,1,1,234300
2025,0,1,61600
2024,2,1,267900
2025,1,1,82500
2025,1,1,124800
2022,2,1,380000
2024,1,1,150000
2024,1,1,249385
2025,2,0,88607
2025,0,1,110000
2024,2,1,140275
2025,2,1,83700
2020,0,1,91000
2025,1,1,189577
2024,2,1,220000
2025,0,1,63000
2024,2,1,139000
2025,2,1,75900
2025,1,1,188871
2024,2,0,84981
2024,2,0,33333
2023,3,1,120000
2024,2,1,288820
2024,2,1,43700
2023,2,1,120000
2023,2,0,124000
2024,1,1,61250
2025,1,1,47840
2024,2,1,125600
2023,2,1,135000
2024,1,1,74000
2025,1,1,174600
2024,2,1,172000
2024,1,1,225000
2024,2,1,290700
2024,2,1,234900
2024,2,0,194500
2025,1,0,78821
2023,2,1,135000
2025,2,1,185200
2023,2,1,159090
2024,1,1,187300
2024,2,1,190800
2024,2,1,162000
2024,2,1,233400
2024,1,0,92190
2025,2,1,160000
2025,0,0,46428
2023,0,1,115000
2025,1,1,62000
2024,1,1,75000
2024,1,1,147900
2024,1,1,221100
2023,0,0,49216
2024,2,1,122200
2025,2,1,600336
2024,1,1,149400
2024,0,1,138000
2024,1,1,214032
2024,2,1,243800
2024,2,1,182400
2025,2,1,207315
2023,2,1,183414
2024,1,1,138900
2024,1,0,63453
2025,1,1,176700
2024,2,1,142500
2024,1,1,100000
2024,1,0,138000
2025,2,1,170000
2024,2,1,192900
2024,1,1,161202
2024,2,1,395000
2024,2,1,170200
2025,1,1,105000
2025,2,1,303000
2023,2,1,127300
2025,1,1,215000
2024,1,1,172000
2024,0,1,252000
2025,3,1,200000
2025,2,1,188000
2024,2,0,300000
2024,1,1,85000
2025,1,1,116000
2025,2,0,114000
2025,1,1,83200
2024,2,1,370000
2025,1,1,200000
2024,2,0,106250
2024,2,0,155000
2024,2,0,83875
2025,1,1,100000
2024,2,1,167700
2023,2,1,111600
2024,1,1,60400
2024,1,1,117000
2025,3,1,170000
2024,2,1,350000
2025,0,1,89250
2025,2,1,132600
2025,1,1,84000
2022,2,1,104000
2025,2,1,216750
2022,2,1,165400
2024,1,0,56250
2023,2,1,273400
2025,2,1,500000
2023,2,1,120750
2024,2,1,202000
2024,2,1,280000
2024,1,1,700000
2024,2,1,419750
2025,2,1,114700
2025,2,1,190000
2025,2,1,175000
2024,2,1,170000
2024,2,1,140300
2024,1,0,80000
2024,2,1,216000
2024,2,0,62500
2025,1,1,126000
2024,2,1,114000
2025,2,1,176784
2024,2,1,126000
2024,0,1,168888
2025,2,1,116000
2024,1,0,80000
2025,2,1,201600
2023,1,0,24613
2024,2,0,181818
2025,2,1,117440
2023,2,1,191600
2025,1,1,90000
2024,2,1,130000
2025,2,0,178000
2024,2,0,92000
2024,2,1,112200
2024,1,1,106575
2024,1,1,167900
2024,3,1,132500
2024,2,1,176000
2024,2,1,69800
2024,1,1,75000
2024,0,1,62400
2025,0,0,56962
2025,1,1,188500
2025,2,1,127000
2024,0,1,45000
2025,1,1,87000
2024,1,1,229925
2024,2,1,89000
2024,2,1,124100
2024,2,1,123000
2024,3,1,440000
2023,1,1,198000
2024,2,1,106000
2023,2,0,73000
2024,1,0,55555
2025,1,1,133000
2025,0,1,118000
2025,2,1,170200
2025,1,1,36000
2020,3,0,79833
2024,2,0,41600
2025,2,1,155250
2024,2,1,106200
2025,2,1,175000
2024,2,1,209000
2024,1,1,96000
2025,1,1,83400
2025,1,0,113480
2025,2,1,215270
2025,1,1,210000
2024,1,1,114500
2025,2,1,270000
2025,1,1,121000
2024,1,1,170186
2025,2,0,146200
2022,1,0,65257
2024,1,1,36000
2024,1,1,251000
2025,1,1,53521
2024,2,1,136000
2024,2,1,138034
2025,1,1,105500
2024,2,1,163492
2023,0,1,85600
2025,2,1,90000
2024,1,1,109000
2025,0,1,130400
2023,2,1,52500
2024,2,1,188640
2025,1,1,98000
2025,2,1,249100
2024,2,1,200500
2025,2,1,264000
2025,2,1,88000
2024,2,1,149300
2023,2,1,212800
2025,3,1,122000
2024,1,1,125000
2023,2,0,124163
2024,2,1,285000
2025,1,1,170112
2024,1,1,220700
2024,2,1,288400
2024,2,1,86300
2024,2,1,263500
2023,2,1,275000
2024,2,1,299375
2024,2,0,175000
2025,1,1,248600
2024,2,1,177500
2024,2,1,314400
2024,2,1,115000
2025,2,1,181360
2025,2,1,124200
2024,1,1,169000
2024,0,0,50000
2025,1,1,132300
2024,3,1,122200
2025,2,1,137400
2024,2,1,204300
2024,0,1,79000
2023,2,1,172040
2024,2,1,95000
2024,2,1,144400
2024,2,1,213580
2024,1,1,128000
2024,1,1,98500
2024,1,1,70000
2025,2,1,160965
2024,0,1,149820
2025,2,1,99100
2025,1,1,110525
2025,2,1,157700
2025,2,1,120082
2023,2,1,172000
2024,1,1,251000
2025,2,1,105780
2024,1,0,32222
2024,2,1,104800
2025,2,1,107700
2025,2,0,85503
2022,2,1,132000
2024,1,1,85000
2022,2,0,168000
2025,2,1,364320
2024,1,0,93750
2025,2,0,142000
2024,1,1,109300
2024,2,1,58834
2024,2,1,169700
2025,2,0,198734
2025,0,0,37974
2025,2,1,248400
2025,2,1,193000
2025,0,1,130000
2024,2,1,215050
2025,2,1,200000
2024,1,1,216040
2024,1,1,84000
2024,1,1,172600
2024,1,1,299003
2025,1,1,112000
2020,1,1,106000
2024,0,0,55555
2024,1,0,119400
2024,1,0,179000
2024,2,1,142600
2023,1,1,169000
2025,1,1,170038
2024,1,1,124880
2025,2,1,89000
2025,2,1,255000
2025,0,0,50160
2024,2,0,87500
2025,2,1,150029
2025,2,1,250000
2024,2,0,300000
2024,1,1,171600
2024,0,1,142996
2025,1,1,178000
2024,1,1,340000
2023,2,1,150000
2024,2,1,378700
2023,2,1,266500
2024,1,1,160000
2025,1,1,145000
2024,0,1,89548
2024,2,0,85600
2024,2,1,222480
2024,1,1,103500
2025,2,1,133100
2025,2,1,160200
2024,1,1,142000
2025,1,1,122000
2024,1,0,680000
2025,2,1,312200
2025,1,1,96000
2025,1,1,146200
2024,2,1,175307
2024,1,1,195000
2025,2,1,247000
2024,2,1,156000
2024,2,1,138900
2022,2,1,225000
2024,1,1,200000
2024,2,0,79874
2024,2,1,118500
2024,2,0,200000
2024,1,1,98300
2024,2,1,201825
2025,1,1,118000
2023,0,1,133000
2024,0,0,43750
2024,2,1,41500
2025,1,1,140000
2024,1,1,147400
2024,1,1,258000
2025,1,1,160000
2024,1,1,61550
2023,1,1,87500
2024,1,1,96412
2024,2,1,300000
2024,2,1,118000
2025,2,1,170400
2025,2,1,165000
2024,2,1,246000
2024,1,1,191000
2025,2,1,157000
2025,1,1,72000
2024,1,1,78000
2025,2,1,115590
2025,2,1,185000
2024,2,1,114720
2023,2,1,192000
2025,2,0,125000
2025,1,0,84699
2025,1,1,136990
2025,2,1,110000
2025,2,1,236500
2024,1,1,113169
2024,0,1,93000
2025,1,1,144000
2022,3,1,130000
2025,1,0,54696
2025,2,1,178100
2025,0,1,56000
2024,2,1,122500
2025,1,1,269075
2025,2,1,99400
2024,2,1,197100
2024,2,0,225700
2023,2,0,79976
2024,1,1,57700
2023,2,1,166000
2025,2,1,158000
2025,2,1,193000
2024,2,1,311525
2024,1,1,173400
2025,2,1,101500
2024,1,1,198600
2025,1,1,210000
2025,0,0,46029
2025,1,1,237500
2022,2,1,150000
2024,2,1,207993
2024,2,1,206300
2025,2,0,171478
2024,0,1,56250
2025,1,0,78481
2024,2,1,162800
2024,1,0,91000
2024,2,0,150000
2024,2,1,166600
2025,1,1,194800
2025,1,1,97000
2022,0,0,17684
2024,2,1,113500
2022,2,1,179305
2024,2,1,147784
2024,2,1,97335
2024,2,0,180000
2025,2,1,240000
2022,2,1,231250
2024,1,1,67800
2023,3,1,162500
2022,2,0,155499
2024,1,1,132000
2023,2,1,170045
2020,1,1,103000
2024,2,1,210470
2025,2,1,96600
2025,1,1,173830
2024,1,1,75624
2024,1,0,98000
2024,0,1,52000
2024,2,1,102300
2025,0,0,40506
2025,1,1,221000
2025,2,1,240000
2024,2,1,181120
2024,0,1,142136
2025,1,1,218900
2025,2,1,92700
2025,1,1,256500
2025,3,1,185000
2024,0,1,80860
2024,1,1,175100
2025,2,0,110300
2023,1,0,100000
2024,2,1,199200
2025,2,1,255112
2025,2,1,91000
2024,1,1,259500
2024,1,1,110718
2023,1,1,340000
2025,2,1,203940
2023,2,1,104244
2024,0,1,85000
2024,2,1,104800
2023,2,1,153400
2025,0,1,80000
2025,2,1,69600
2023,0,1,150000
2024,1,0,93333
2025,2,1,122300
2024,1,1,150400
2024,2,1,235750
2024,2,1,178500
2024,2,0,74666
2023,1,0,70000
2024,0,1,40000
2024,2,0,73466
2025,2,1,155000
2025,2,0,153600
2025,2,1,230000
2024,2,1,143000
2024,2,1,147900
2025,1,1,75200
2023,2,1,83000
2024,1,1,196500
2025,1,1,223600
2024,1,0,54300
2023,2,1,101000
2025,2,1,108000
2025,2,0,167600
2025,2,1,170850
2024,1,1,100000
2025,2,0,228800
2024,1,1,263000
2025,1,1,210800
2023,2,1,166500
2024,2,1,86000
2024,0,1,70000
2024,1,1,156000
2023,0,0,50000
2024,2,1,222200
2024,2,1,129340
2024,2,1,228188
2024,2,1,123810
2025,0,0,94936
2024,1,1,80000
2025,2,1,100500
2025,2,1,180000
2025,3,1,355000
2024,1,1,70500
2023,1,1,85000
2024,2,0,90000
2024,2,1,132604
2025,2,1,163900
2023,2,1,140000
2023,1,1,70000
2024,0,1,150200
2024,1,1,216600
2024,2,1,191250
2024,2,1,133861
2023,2,1,132000
2023,2,1,112200
2025,1,1,130000
2024,2,1,90000
2025,1,1,143922
2024,2,1,199100
2024,0,1,56000
2024,0,0,50666
2025,2,1,176534
2024,1,0,62500
2024,2,1,83200
2024,2,0,253000
2024,1,0,145000
2025,1,1,81000
2024,0,0,62548
2025,3,1,200000
2024,2,1,108000
2024,2,1,82000
2024,2,1,148049
2023,2,1,192300
2025,2,0,119200
2025,0,1,124600
2025,2,1,117200
2024,2,1,220000
2025,0,1,43200
2023,2,1,177000
2025,1,1,128000
2025,1,0,96428
2024,3,1,237500
2024,1,0,86000
2024,0,1,178200
2025,2,1,206860
2024,1,1,51700
2024,1,1,45600
2025,1,1,291800
2025,0,0,31578
2025,2,1,80000
2024,2,1,244700
2024,1,1,265000
2024,2,1,136000
2025,1,1,166000
2025,1,1,176361
2023,2,0,56143
2025,3,1,207890
2025,1,1,343000
2024,2,1,227600
2024,1,1,68000
2024,2,0,78031
2025,2,1,120000
2024,1,1,134300
2025,2,0,64860
2025,1,1,122400
2024,0,1,66000
2023,2,1,194100
2024,1,1,124300
2025,1,1,115000
2024,2,1,172000
2023,2,1,106000
2025,2,1,103711
2024,1,1,221625
2025,1,1,126510
2025,2,1,150000
2024,3,1,221000
2024,2,0,63000
2024,0,1,48508
2024,2,1,214000
2023,2,1,166500
2024,2,0,101000
2024,2,1,132000
2024,2,1,150000
2025,2,0,246100
2025,2,1,170000
2024,1,1,213880
2024,1,1,100300
2025,1,0,67215
2024,1,1,218572
2025,2,1,207980
2025,2,1,116000
2025,0,0,73684
2024,2,0,135000
2025,1,1,81000
2024,0,1,43888
2023,1,1,106300
2024,1,1,132000
2025,2,1,250000
2025,1,1,173016
2024,1,1,166800
2025,2,1,106000
2025,1,1,405000
2024,3,1,180000
2025,1,1,216850
2024,1,0,113860
2023,2,0,132870
2025,2,1,144000
2024,2,0,304000
2024,2,1,132000
2024,1,1,85850
2025,0,0,18000
2025,2,1,272000
2024,1,1,290000
2025,2,0,64000
2024,1,1,176000
2024,2,1,206700
2025,1,0,44303
2024,1,0,33137
2024,2,1,215000
2024,2,0,79430
2024,1,1,250200
2023,3,1,212000
2024,2,1,80000
2024,2,1,104800
2025,0,1,128000
2024,2,1,102000
2024,0,1,78874
2024,2,1,255000
2024,2,1,191100
2024,2,1,125000
2020,2,1,412000
2024,2,1,160600
2024,2,1,144630
2024,1,1,107766
2024,2,1,280000
2023,2,1,189750
2025,1,1,108900
2025,2,1,120460
2024,1,1,142800
2025,2,1,104800
2024,2,1,151900
2025,3,1,155000
2024,2,1,357600
2024,3,1,205000
2025,0,0,31645
2024,0,1,110000
2024,2,1,248400
2025,0,1,116350
2024,2,1,200000
2024,1,1,152580
2024,2,0,120000
2024,2,1,192000
2024,3,1,490000
2023,2,1,270250
2025,1,1,165490
2024,2,1,132000
2025,2,1,158003
2024,1,1,203500
2024,1,1,102200
2025,0,1,135000
2024,2,1,131040
2025,2,1,166000
2025,1,1,80000
2022,2,1,81500
2024,0,1,49400
2024,1,1,89500
2025,2,0,94936
2025,1,1,128000
2023,2,0,248100
2025,2,1,150000
2025,2,0,75880
2024,1,0,73333
2024,0,1,147000
2024,0,0,82700
2024,1,1,138000
2020,1,1,138350
2024,2,1,136100
2025,2,0,216150
2025,2,1,297600
2024,2,1,158642
2025,2,1,241800
2025,2,1,207219
2025,2,1,110635
2025,1,1,56139
2024,2,1,181610
2025,0,1,120000
2023,1,0,80000
2024,1,1,162240
2024,1,1,192500
2023,2,1,83700
2024,2,1,177300
2025,1,0,65772
2023,0,1,137500
2024,0,1,150000
2024,1,1,142000
2024,2,1,238000
2024,1,1,264200
2024,2,1,133007
2024,3,1,142000
2021,2,0,82744
2025,0,1,120000
2024,1,1,102500
2025,3,1,350000
2024,1,1,145500
2025,1,1,195903
2024,2,1,300200
2025,1,1,240000
2025,2,1,220200
2025,3,1,273050
2024,0,1,93500
2023,2,1,123600
2024,2,0,125000
2024,2,0,55300
2024,1,0,62000
2025,2,1,234300
2025,2,1,167981
2025,1,1,179000
2025,1,1,78200
2025,2,0,242040
2024,3,1,150000
2025,0,1,91123
2024,1,1,163420
2024,1,1,300000
2024,2,1,110000
2025,1,1,75920
2025,2,1,122000
2024,1,1,76980
2025,1,1,156700
2025,1,1,260000
2025,2,1,185000
2024,1,1,134160
2024,2,0,41333
2024,1,1,247000
2025,1,1,193000
2024,1,1,65281
2024,2,1,121500
2024,2,1,140000
2024,1,0,800000
2024,1,1,141000
2024,2,1,161600
2024,1,0,75600
2025,2,1,202000
2025,2,1,144699
2025,2,1,338270
2024,2,1,102000
2024,1,1,256500
2024,2,1,243000
2024,1,1,219300
2023,2,1,198000
2025,2,1,94161
2025,1,1,440000
2024,1,1,46900
2025,1,1,139400
2024,1,1,100000
2024,2,1,83300
2023,3,1,71908
2025,3,1,215600
2025,2,1,75800
2024,2,1,199700
2022,2,1,190000
2023,2,1,212000
2024,1,1,303000
2024,2,1,302400
2025,0,1,55100
2024,2,1,216000
2023,1,0,67419
2025,3,1,170760
2024,0,1,156000
2025,2,1,310000
2024,0,1,74984
2025,2,1,121500
2025,2,1,132000
2024,2,1,256000
2025,0,0,94689
2024,2,1,175800
2024,1,1,115000
2024,0,1,95000
2025,2,1,138200
2024,2,1,117725
2023,1,0,50745
2024,1,1,176000
2024,2,1,201300
2024,1,0,37333
2024,2,1,141340
2022,0,1,168000
2025,2,1,168700
2024,2,1,156300
2024,2,1,183300
2024,1,0,54444
2025,2,1,372800
2025,1,1,140000
2025,2,1,241700
2025,2,1,159200
2025,1,1,100000
2025,2,1,152000
2025,3,1,120000
2025,2,1,150000
2025,2,1,78900
2025,2,0,108100
2024,2,1,105000
2023,2,1,205000
2024,1,1,85000
2024,1,1,75500
2024,2,0,112500
2025,0,0,35714
2025,1,1,123800
2024,2,1,220000
2024,1,1,75100
2024,1,1,120000
2024,2,1,242000
2025,2,1,196000
2024,2,1,250000
2023,1,1,105700
2024,2,1,161500
2025,2,1,95000
2025,1,1,43000
2024,2,1,108000
2025,1,1,97800
2024,1,1,76300
2024,0,0,63539
2025,2,1,100000
2025,1,1,110000
2024,1,1,168000
2024,1,1,211980
2025,2,1,115440
2024,1,1,100000
2025,1,1,126100
2025,2,1,126650
2023,2,1,200000
2024,2,1,93757
2022,1,0,110820
2025,2,0,126582
2025,1,1,147100
2024,1,1,73100
2024,1,1,310500
2024,2,1,125760
2021,2,0,60757
2024,0,0,50420
2024,2,1,391000
2024,2,1,175500
2024,2,1,62691
2024,0,1,170500
2024,1,1,209000
2024,1,1,114400
2025,2,1,268400
2023,2,1,215000
2022,2,1,165000
2025,2,0,41385
2024,2,0,96012
2024,2,0,93846
2024,0,1,75000
2025,1,1,143300
2024,1,1,82000
2025,2,0,140000
2025,1,1,130000
2024,1,1,174300
2025,2,0,129264
2025,2,1,192700
2024,2,1,234000
2024,2,1,166358
2024,1,1,70000
2025,2,1,129000
2025,2,1,122000
2024,1,1,79310
2025,2,1,153925
2025,1,1,234240
2025,2,1,192100
2025,2,1,160000
2024,2,1,101080
2024,3,1,220000
2025,2,1,234000
2025,2,1,176000
2024,1,0,128150
2024,1,1,209720
2024,0,1,121000
2025,2,1,145000
2025,1,1,181600
2024,1,1,69862
2025,1,1,66000
2024,1,1,123000
2024,2,1,202800
2025,1,1,172000
2025,0,1,112370
2022,2,1,60000
2024,1,1,153500
2022,0,0,27317
2024,2,1,207800
2022,2,1,200000
2025,1,1,184000
2025,1,1,197200
2024,2,1,195000
2024,0,0,55555
2025,1,0,104000
2024,0,0,70000
2024,0,1,101846
2024,2,1,65000
2024,2,1,175000
2024,1,0,146250
2024,2,0,108000
2024,1,1,128544
2024,2,1,207000
2024,1,1,125100
2023,2,1,52100
2024,1,1,48000
2025,2,1,175000
2024,2,1,104300
2022,2,1,195000
2024,2,1,236872
2024,1,1,150000
2024,1,1,79000
2023,1,1,140000
2024,1,1,61046
2025,1,1,135000
2024,2,1,80000
2022,2,0,86193
2024,1,1,138000
2024,1,1,170750
2025,0,1,55000
2024,1,1,111000
2025,2,1,227950
2023,2,1,350000
2025,0,1,73506
2024,1,1,229900
2023,2,1,170000
2024,1,0,112377
2025,1,1,130000
2024,1,0,99080
2024,0,1,34000
2024,3,1,218860
2024,1,1,200000
2024,2,1,192300
2024,2,1,198200
2025,3,1,195000
2024,1,1,134600
2024,1,1,144000
2024,2,1,180000
2024,1,1,71920
2023,2,1,140000
2024,0,1,192300
2024,1,1,143000
2025,2,1,85992
2024,2,1,93500
2025,1,1,100000
2024,1,1,150000
2024,2,1,170700
2024,2,1,81400
2025,2,1,203000
2024,2,1,135000
2024,1,1,61008
2025,2,1,138900
2023,2,1,152900
2024,2,1,232000
2024,1,1,132540
2024,2,1,100464
2025,0,0,16000
2025,1,1,104000
2024,1,0,40000
2024,1,0,60000
2025,1,1,54000
2025,3,1,230098
2024,0,1,60000
2023,2,1,139700
2024,0,1,54600
2024,1,1,277300
2025,1,1,172000
2023,2,1,176000
2025,2,1,168650
2025,2,1,77900
2025,2,1,176800
2025,1,0,75949
2024,2,1,236925
2024,2,1,142200
2025,2,1,161900
2024,1,1,78200
2024,2,1,110100
2024,1,1,170038
2024,1,1,157850
2024,0,1,95000
2022,2,1,120000
2025,2,0,69726
2024,1,1,83000
2024,2,1,105420
2025,2,1,173455
2024,2,1,150000
2025,0,1,90000
2025,0,1,44419
2024,1,1,115000
2024,1,1,69957
2024,0,1,122900
2025,0,0,125000
2025,1,0,86075
2021,1,0,72212
2025,1,1,192000
2025,2,1,137000
2023,2,1,81000
2024,1,1,128000
2024,1,1,124600
2025,1,0,63291
2024,2,1,227600
2024,2,1,100800
2024,2,1,198450
2025,1,1,214500
2024,1,1,242400
2025,3,1,142250
2024,2,1,188500
2023,2,1,174800
2025,1,0,79610
2024,2,1,185150
2024,0,1,50736
2024,1,1,169500
2024,1,1,108000
2024,2,1,260500
2024,2,1,113000
2023,2,1,146115
2025,2,1,222500
2024,2,1,378700
2025,2,1,208000
2025,1,1,158200
2024,2,1,220000
2024,1,0,72777
2021,0,0,21637
2024,1,1,82227
2024,2,1,196350
2024,2,1,172400
2022,2,1,101570
2024,0,1,309000
2025,2,1,220000
2025,3,1,144600
2024,3,1,144000
2024,1,1,102600
2024,2,1,133000
2024,2,1,181000
2024,2,1,123280
2025,2,0,247000
2025,1,0,52842
2024,2,1,85000
2024,2,0,108000
2025,2,0,119900
2024,0,0,92222
2024,1,0,109301
2024,0,1,45864
2024,1,0,91000
2025,2,1,186700
2024,1,1,219400
2025,2,1,125528
2024,2,1,183523
2024,2,1,150700
2024,1,1,148100
2024,2,1,170500
2024,1,1,120000
2024,2,1,96200
2025,2,1,266450
2025,2,1,101239
2024,1,1,240000
2024,0,1,83158
2025,1,0,50632
2023,1,0,76284
2025,2,1,193200
2024,2,1,268500
2025,3,1,110000
2024,1,1,204000
2020,2,0,117104
2024,2,1,260000
2025,2,1,110000
2025,1,1,225000
2024,2,1,144200
2025,1,1,204600
2024,1,1,85878
2023,2,1,186000
2025,2,0,92050
2025,1,1,196600
2024,0,1,116706
2024,2,1,220600
2025,1,1,202700
2023,2,1,167500
2024,1,1,211180
2025,1,1,104000
2024,2,1,139000
2024,1,1,47975
2025,1,1,144800
2024,0,0,46000
2024,1,0,34973
2021,0,0,85000
2025,2,0,208759
2025,2,1,136190
2024,2,1,132974
2025,2,0,100000
2025,1,0,68000
2025,1,0,125000
2025,1,1,138320
2025,0,1,58440
2025,2,1,140000
2024,1,1,47500
2025,1,1,72700
2024,1,1,167200
2025,2,0,48000
2024,2,1,80000
2025,2,1,175000
2024,2,1,370000
2023,2,1,116990
2024,1,1,90200
2025,1,1,63000
2025,0,1,56000
2024,2,1,260000
2025,2,0,79852
2024,2,1,173000
2025,2,0,50008
2024,1,0,175000
2024,1,1,39600
2024,2,1,198000
2024,0,0,80000
2024,2,0,97400
2024,2,1,166000
2024,2,1,90000
2025,1,1,170000
2025,1,1,135000
2025,2,0,50526
2024,2,1,119400
2022,1,1,140000
2024,2,1,110487
2025,1,1,73800
2024,2,1,230000
2024,2,1,152880
2024,2,1,118000
2024,0,1,63300
2024,1,0,51450
2024,1,1,410000
2024,2,1,129600
2024,1,1,89600
2024,3,1,229000
2024,0,1,77900
2024,3,1,288000
2025,2,1,203000
2024,0,1,75400
2023,2,1,143250
2024,2,1,199700
2023,2,1,203000
2023,2,1,212000
2023,2,1,127876
2025,3,1,297700
2023,2,1,142000
2024,0,0,21600
2024,1,1,317000
2024,1,1,135450
2024,2,1,76800
2024,1,1,83550
2024,2,1,92000
2024,2,1,183300
2025,2,1,208000
2024,1,0,51900
2023,2,1,225000
2025,0,1,70228
2025,2,1,173000
2024,2,1,145000
2025,2,1,155000
2024,1,1,160000
2025,2,0,129200
2025,2,1,169625
2024,2,1,110000
2025,2,1,110098
2023,1,0,81838
2025,1,1,100800
2025,2,1,248000
2024,1,1,290180
2024,2,1,150000
2025,2,1,111260
2024,1,0,117718
2025,2,1,139600
2024,2,1,178200
2025,1,1,121790
2023,2,1,183000
2024,1,1,260000
2024,2,1,163000
2025,2,1,133473
2024,2,1,143800
2025,1,1,164500
2025,1,1,77260
2024,0,0,53187
2025,2,1,111780
2025,1,1,46000
2024,2,0,160000
2024,2,0,72800
2025,2,0,61052
2024,0,1,67500
2024,0,1,79594
2024,1,0,48831
2024,2,1,201300
2025,0,0,80000
2025,3,1,256000
2024,2,1,149200
2024,2,1,132600
2024,0,0,70000
2025,2,0,55755
2024,2,1,217508
2024,2,1,88000
2024,2,1,96600
2024,2,1,179000
2024,0,1,145000
2024,2,1,284280
2025,0,1,51900
2024,1,1,236802
2025,1,1,117100
2023,2,1,190000
2021,2,0,88654
2024,1,1,95300
2024,2,1,117300
2025,2,1,252000
2024,1,1,59000
2025,3,0,101265
2024,1,1,151800
2025,2,1,266500
2024,2,1,97870
2024,2,1,133900
2025,1,1,240000
2024,1,1,173040
2024,1,1,175100
2024,2,1,120700
2024,2,1,144000
2025,1,1,203000
2024,1,0,115000
2025,2,1,200000
2023,1,0,123040
2023,0,1,72000
2024,2,1,144138
2024,2,0,80000
2024,0,0,54400
2023,3,1,125000
2021,1,0,69999
2024,2,1,193000
2025,1,1,105000
2024,2,1,177650
2024,1,1,275000
2024,2,1,247600
2024,2,1,115000
2024,0,0,40000
2024,3,1,215000
2025,2,1,253000
2025,1,1,168500
2025,0,1,150000
2024,1,1,91400
2024,2,1,182400
2024,1,1,96600
2024,1,1,197659
2025,2,1,194862
2025,3,1,145000
2025,2,1,73100
2024,1,1,395000
2024,2,1,118100
2023,2,0,189750
2024,1,1,530000
2024,2,1,227700
2024,2,0,185000
2023,2,1,153000
2025,1,1,107100
2024,2,1,246000
2023,2,1,166375
2024,1,1,132400
2024,0,1,175100
2024,2,1,158290
2024,1,1,385250
2025,2,0,191500
2023,1,1,115000
2025,1,0,110800
2024,2,1,264500
2025,2,1,161100
2025,0,0,97727
2025,2,1,264480
2024,1,1,177000
2023,2,1,152375
2024,2,1,239000
2024,1,1,133900
2024,2,1,246500
2025,2,1,258000
2023,2,1,115000
2022,2,1,144000
2024,2,1,191000
2024,2,1,173430
2024,2,1,168700
2024,2,1,110000
2025,2,1,224000
2025,2,1,218000
2024,2,1,129699
2024,2,1,220400
2024,2,1,166600
2024,1,1,75000
2025,2,1,272000
2025,2,0,36842
2024,0,1,133697
2025,0,1,77600
2024,0,1,83300
2024,1,1,129600
2025,2,1,143200
2024,2,1,154000
2024,2,1,136100
2023,3,1,150000
2025,2,1,204700
2024,2,1,141250
2024,2,1,104000
2024,0,1,115920
2024,1,1,54000
2024,2,1,188400
2024,1,1,126600
2025,2,0,53983
2024,1,1,87120
2025,1,1,202000
2024,1,1,165600
2024,1,1,321830
2024,2,1,170200
2024,2,0,250000
2024,1,1,178360
2024,2,1,113500
2025,2,1,210500
2024,2,0,108000
2024,1,1,95000
2024,2,1,144300
2024,2,0,66666
2025,3,1,145000
2025,2,1,109000
2021,1,0,74000
2024,3,1,163600
2025,1,1,176000
2024,0,1,40000
2025,1,1,126000
2024,2,1,115000
2024,1,1,178000
2024,1,1,99600
2025,1,0,47368
2024,2,1,280000
2024,2,1,181000
2025,1,1,70000
2024,0,0,70350
2024,1,1,160000
2025,2,1,261500
2024,2,1,99000
2025,2,0,110500
2024,2,1,89230
2024,2,1,105000
2024,1,0,73100
2025,2,1,89250
2025,2,1,207000
2024,2,1,485000
2024,1,1,138000
2025,2,0,69473
2025,2,1,120000
2025,2,1,175800
2025,2,1,233500
2025,0,1,42000
2024,1,1,180000
2022,2,1,170000
2024,1,1,123500
2025,3,1,256000
2023,1,1,189000
2023,2,1,198000
2024,2,1,115023
2024,2,1,160520
2024,1,1,127000
2025,2,1,125300
2025,1,0,240506
2023,2,1,229000
2024,3,1,150000
2025,2,1,117600
2024,2,1,58700
2024,1,1,80000
2025,2,1,239700
2025,0,1,81900
2024,2,1,175520
2025,1,1,78700
2023,2,1,155000
2024,1,1,138900
2024,1,1,156450
2025,2,1,84600
2025,1,1,132700
2025,2,1,175000
2025,2,1,145000
2025,2,1,120625
2024,2,1,256500
2024,1,1,312200
2024,1,1,256000
2023,2,1,200800
2024,2,1,189600
2024,1,1,96250
2024,1,1,58400
2025,0,1,60000
2024,0,0,85900
2024,2,1,179700
2024,1,1,248920
2025,1,1,90300
2025,2,1,173700
2024,0,0,47500
2024,2,1,149165
2024,1,1,234000
2024,1,1,142000
2023,1,1,55000
2025,1,1,110160
2024,2,1,258800
2025,1,0,59158
2024,1,1,175800
2025,0,1,160850
2023,1,1,73100
2024,2,1,327750
2025,1,1,174800
2025,1,1,240000
2024,2,1,210000
2025,0,1,188700
2024,3,0,68750
2024,1,1,141000
2024,2,1,80000
2024,0,1,43618
2024,2,1,165000
2024,1,1,66132
2024,1,1,220900
2024,2,1,169300
2025,1,1,62000
2024,2,1,71250
2025,2,0,114481
2025,1,1,264000
2024,2,1,118000
2024,2,1,156000
2025,2,1,200800
2023,2,1,185100
2024,2,1,138225
2024,2,1,95000
2024,2,1,69600
2024,2,1,123200
2023,1,0,300000
2024,2,1,153000
2024,1,1,97935
2025,2,1,349000
2024,2,1,164845
2024,1,1,59469
2024,2,1,323900
2024,0,1,72280
2025,2,1,118200
2024,2,1,234700
2025,2,1,85000
2024,2,0,140000
2025,1,1,162000
2024,2,0,142700
2025,2,1,425500
2025,2,1,108400
2024,2,1,64900
2023,2,1,105000
2024,1,1,145800
2024,0,1,67000
2025,2,0,350000
2024,2,1,128000
2024,1,1,131500
2024,0,1,100714
2024,2,1,188500
2025,2,1,75240
2024,1,1,135148
2024,2,1,185000
2023,1,1,247500
2024,2,1,178200
2024,2,0,69000
2025,1,1,240000
2023,3,1,220000
2024,2,1,175654
2024,2,1,77000
2024,2,0,123076
2024,1,1,108800
2025,2,1,189200
2024,2,1,85000
2023,1,1,250000
2025,3,1,200000
2025,2,1,252900
2024,1,1,69700
2024,2,1,203000
2025,1,1,333000
2024,2,1,90900
2024,1,1,115400
2025,2,1,100000
2025,2,1,105070
2024,1,1,84014
2024,2,1,179000
2025,1,1,100000
2024,2,1,155000
2025,2,1,222000
2025,2,1,125840
2025,2,1,117200
2024,2,1,137000
2023,2,1,110000
2024,2,1,72200
2025,1,0,100000
2025,2,1,206000
2024,1,1,65800
2025,2,1,121595
2025,2,1,125611
2024,0,1,63000
2025,1,1,47000
2025,2,1,86500
2024,1,1,77000
2025,2,1,550000
2024,3,0,70400
2024,2,0,173000
2024,2,1,102000
2025,1,1,163280
2025,1,0,57306
2025,1,1,152000
2024,3,1,244900
2025,1,0,75200
2023,2,1,115607
2025,2,1,137600
2024,2,1,108500
2024,2,1,63720
2025,2,1,256500
2024,2,1,213000
2023,1,1,75000
2023,2,1,100500
2023,2,1,160000
2024,2,1,195700
2025,1,0,42202
2025,2,0,28206
2025,2,1,74476
2024,1,1,134561
2025,1,0,135000
2025,2,1,170000
2024,1,0,152000
2024,2,1,106600
2025,1,1,173500
2024,2,0,98400
2024,2,1,106000
2025,1,1,80000
2025,2,1,140000
2025,2,1,143000
2024,1,1,54000
2025,2,1,165360
2024,2,1,117300
2025,2,1,118976
2025,1,1,142526
2025,0,1,82000
2025,2,1,190300
2024,2,1,121200
2024,2,1,140000
2025,2,1,247000
2024,1,1,90000
2025,1,1,76000
2024,2,1,311600
2024,1,0,69493
2024,1,1,83268
2024,2,1,207810
2024,0,1,140000
2024,1,1,176358
2024,2,1,258000
2024,1,1,205500
2025,1,1,107707
2025,1,1,150400
2025,2,1,157500
2024,0,1,75600
2024,2,1,169088
2024,2,1,65000
2023,2,1,110000
2023,2,1,155000
2025,2,1,199000
2025,2,0,113000
2024,2,0,50666
2024,2,0,61562
2024,2,1,119200
2024,1,1,30000
2023,3,1,167500
2024,1,1,100917
2024,0,1,220000
2025,1,1,84846
2025,0,1,75000
2023,2,1,100000
2024,2,0,61333
2024,0,0,92000
2025,1,1,104000
2024,0,0,57692
2025,2,1,159300
2022,2,1,375000
2025,2,1,185000
2024,1,1,154000
2024,0,1,173040
2024,2,1,120000
2025,1,1,56000
2024,2,1,137600
2024,1,1,112000
2024,2,1,159600
2024,2,0,117000
2024,1,1,75600
2024,2,1,111720
2024,1,1,529200
2024,2,1,132000
2024,2,1,139800
2024,0,1,66000
2025,1,0,100000
2025,1,1,78554
2025,1,1,104000
2025,3,0,157788
2025,2,1,119000
2024,2,1,82500
2024,0,1,150260
2024,2,1,212000
2024,2,1,146010
2025,1,1,190000
2024,2,1,266875
2025,1,1,102400
2022,0,1,150000
2024,2,1,235000
2025,2,1,255360
2024,2,1,25000
2024,2,1,236500
2023,2,1,94192
2025,2,1,102900
2022,2,1,165000
2024,1,1,77000
2025,0,1,115100
2024,1,1,118000
2022,1,1,31795
2024,1,1,242000
2025,2,1,110000
2025,1,1,106000
2025,0,0,16000
2024,1,1,158620
2024,2,1,159800
2025,2,1,248795
2025,2,1,170000
2024,1,1,340000
2024,2,0,256000
2024,1,1,151500
2024,2,1,143000
2024,2,1,142800
2023,2,1,250000
2024,2,1,228800
2025,2,1,199980
2025,2,1,97049
2025,2,1,159000
2025,2,1,97800
2025,2,1,155969
2025,1,1,129600
2024,1,1,87800
2024,2,1,95071
2024,2,1,101300
2024,2,1,122219
2024,2,1,147600
2025,2,1,118200
2023,2,1,193000
2025,1,1,220700
2024,2,1,200200
2024,0,1,66500
2024,2,1,125760
2024,2,1,150509
2024,2,0,128300
2025,1,1,133300
2024,1,1,161000
2025,2,1,239600
2024,2,1,76300
2024,1,1,105000
2025,2,1,175500
2025,2,1,130591
2025,2,1,161700
2024,2,1,78600
2023,2,1,226000
2025,2,1,155300
2025,0,1,70000
2024,2,1,165555
2025,2,1,158000
2025,2,1,76700
2024,1,1,90800
2024,2,1,165000
2024,2,1,139000
2025,2,0,80635
2025,1,1,174100
2025,0,1,261250
2024,1,1,106000
2025,0,1,96600
2024,2,1,194000
2025,2,1,245000
2025,2,1,184800
2024,2,1,145600
2024,2,1,85000
2024,1,1,143200
2025,2,0,134734
2024,2,1,110000
2024,2,1,228000
2025,2,1,92423
2024,2,1,483000
2025,2,1,212040
2024,1,1,279000
2025,2,1,110000
2024,2,1,140300
2024,2,1,110000
2025,2,1,176520
2024,0,1,180200
2025,1,1,156000
2024,1,1,53521
2025,2,1,74880
2023,2,0,275000
2025,1,1,110000
2025,0,0,79648
2024,1,1,62800
2023,2,1,133300
2024,1,1,197800
2022,1,1,165000
2025,0,1,119500
2024,1,0,80000
2025,1,1,81900
2025,2,1,99843
2024,2,1,183300
2023,2,1,187000
2025,0,1,130000
2025,2,1,179200
2022,0,0,60938
2023,2,1,88052
2024,2,1,248700
2024,0,0,47756
2024,2,1,337500
2023,1,1,750000
2025,2,1,149800
2024,1,1,142002
2024,2,1,194500
2024,0,1,101520
2025,0,1,211300
2023,2,1,182200
2023,1,1,138510
2025,2,0,72911
2024,1,1,194600
2024,1,1,117000
2025,1,1,202150
2025,1,0,150000
2024,1,1,85000
2025,2,0,45595
2025,1,1,120000
2025,3,1,120000
2023,1,1,63000
2025,2,1,118976
2025,1,1,172931
2025,1,1,175900
2024,2,1,95200
2024,1,1,221500
2024,2,1,126100
2025,2,1,170000
2024,2,1,138800
2025,2,1,287600
2025,1,1,112700
2024,2,0,73000
2025,2,0,60493
2025,2,1,142000
2025,1,1,90000
2024,2,1,195900
2025,2,1,166750
2025,2,1,126100
2022,1,1,79000
2025,1,1,260000
2024,0,0,56514
2025,3,1,244000
2024,0,1,250200
2024,0,1,153600
2023,3,1,118440
2025,0,0,21818
2022,2,1,184000
2024,1,1,95100
2025,2,1,150000
2024,1,1,113300
2024,1,1,253000
2025,2,1,113000
2024,2,1,64000
2024,2,1,147000
2024,1,0,112500
2025,2,1,153000
2024,1,0,57066
2024,1,1,137000
2025,2,1,79200
2024,1,1,70000
2024,3,1,290000
2025,0,1,237310
2025,2,1,170805
2023,2,1,202350
2025,2,0,120000
2025,0,1,40000
2024,2,1,267900
2024,1,1,165500
2024,1,1,177300
2025,2,1,122000
2024,0,1,105000
2023,1,1,195000
2024,0,1,66000
2024,1,0,114231
2024,0,1,120000
2025,2,1,161000
2024,1,1,96000
2024,1,1,245520
2024,1,1,175420
2024,2,1,138000
2024,0,1,150000
2024,2,1,92500
2025,2,1,195500
2024,1,1,254000
2023,0,1,80000
2025,2,1,191000
2024,0,1,110400
2024,2,1,141480
2024,3,1,173000
2024,2,1,322200
2024,1,1,151424
2024,2,1,142700
2025,2,1,305000
2025,0,1,100000
2025,1,1,72100
2024,2,1,187300
2024,1,0,63356
2024,1,1,170000
2024,2,1,211800
2023,2,1,240000
2024,1,1,170000
2025,2,1,138000
2024,1,1,146058
2025,2,1,191000
2025,2,1,243400
2024,2,1,171102
2025,1,1,104000
2025,2,0,89285
2025,2,1,107000
2023,3,1,172200
2024,0,1,66820
2023,1,1,142200
2024,1,1,73580
2025,1,1,121821
2024,1,1,143500
2024,1,0,43750
2025,2,1,151300
2025,2,1,109600
2024,2,1,103000
2024,2,1,205000
2025,1,0,62857
2025,1,0,115000
2025,1,1,174206
2023,2,1,147000
2024,1,1,79300
2025,2,0,15645
2024,2,1,142500
2024,2,1,115100
2025,2,1,98100
2024,1,1,165000
2024,2,1,248400
2025,1,1,252000
2024,2,1,234300
2025,2,1,291000
2024,0,1,143100
2024,1,1,197700
2025,1,1,260100
2025,2,1,137000
2025,1,1,98125
2025,2,1,243860
2025,2,1,184000
2021,0,0,49646
2024,2,1,119628
2025,1,1,151600
2023,1,1,70000
2024,1,1,178360
2024,1,0,172000
2023,2,1,106900
2024,0,1,72700
2025,2,1,157750
2024,1,1,235400
2024,0,1,77000
2025,2,1,118000
2025,2,1,130500
2025,0,1,69300
2025,2,1,203000
2025,2,1,105400
2025,1,1,97600
2024,1,1,115000
2023,2,0,112000
2024,0,1,64000
2024,2,1,137600
2025,2,1,121790
2024,3,1,255000
2023,2,1,90000
2025,2,0,50185
2024,2,0,75000
2024,2,1,280000
2024,2,1,257500
2024,0,1,75000
2023,2,1,104650
2024,2,1,180000
2025,2,0,138200
2025,2,1,160000
2025,1,0,47368
2024,2,1,166400
2024,3,1,214500
2024,2,1,156500
2025,2,1,86600
2024,2,0,176000
2025,2,1,161400
2024,2,0,62500
2024,2,1,137000
2025,0,1,67670
2025,2,1,150000
2022,2,1,170000
2024,2,1,118000
2025,2,1,285000
2025,1,1,227950
2025,2,1,129000
2023,0,0,49216
2024,2,1,188800
2025,2,1,119574
2025,1,1,146000
2025,2,1,59282
2025,2,1,162000
2025,1,1,107120
2024,0,1,87900
2022,2,1,106800
2024,2,1,96000
2025,2,1,190000
2024,2,1,137000
2024,2,1,96040
2024,1,1,138995
2025,1,0,632911
2023,2,0,81800
2025,0,1,88452
2024,2,1,119803
2024,2,1,79200
2024,2,1,69600
2024,0,1,117700
2024,1,1,200000
2024,2,1,291400
2025,2,1,305000
2025,3,0,114315
2024,2,1,196000
2024,0,1,111000
2024,2,1,175000
2023,2,1,225000
2024,3,1,168350
2024,2,1,95000
2024,2,1,300200
2024,2,1,301200
2023,1,1,65300
2025,2,1,148000
2024,1,1,158000
2023,2,1,193000
2023,3,0,129058
2024,1,1,83000
2025,1,0,64285
2024,2,0,62500
2025,1,1,111662
2024,0,0,125500
2025,1,1,325000
2024,2,1,209000
2024,1,0,70000
2025,1,1,90000
2023,2,1,129300
2024,2,1,115100
2024,2,1,103786
2025,1,1,220000
2024,2,1,115500
2024,2,1,225000
2025,1,1,265000
2025,1,1,179000
2025,2,1,160400
2024,1,0,60000
2025,1,1,110000
2024,2,1,272400
2025,1,1,104000
2024,1,1,70000
2024,2,1,90000
2024,2,1,97500
2024,1,0,56250
2023,2,1,175000
2025,1,1,156000
2024,1,1,419750
2024,2,1,250200
2024,2,1,172100
2025,1,1,154000
2025,2,1,486000
2025,2,1,136000
2025,2,1,142166
2025,1,1,216975
2024,2,1,370300
2024,2,1,100700
2024,1,1,65593
2024,1,1,229461
2024,2,1,154280
2024,2,0,85800
2025,1,1,130000
2023,2,1,142000
2022,2,1,300000
2024,2,1,229369
2025,0,1,36000
2024,2,1,110261
2023,2,1,55000
2023,1,1,65800
2025,2,1,122400
2024,2,1,199800
2025,1,1,76560
2024,1,1,115000
2024,1,1,213400
2024,1,1,120800
2025,1,0,135000
2025,2,1,372400
2024,2,1,128000
2025,2,1,209200
2024,2,1,127700
2025,1,1,230300
2024,2,1,130900
2024,0,1,100996
2024,2,1,231100
2025,2,1,215000
2024,1,1,123836
2024,2,0,400000
2025,1,1,140000
2024,1,0,61250
2025,1,1,164000
2024,2,1,156000
2024,1,1,250000
2024,2,1,209700
2025,2,1,125760
2024,2,1,101000
2024,2,1,168000
2024,1,0,61105
2023,2,1,135200
2024,1,1,117875
2024,2,1,128000
2024,2,1,199500
2025,2,1,240000
2025,2,1,190000
2025,1,1,95000
2025,2,1,64900
2024,3,1,286500
2025,2,1,225000
2024,2,1,155000
2024,0,1,45000
2024,2,1,207279
2024,1,1,160000
2025,2,0,159000
2024,2,1,220000
2024,2,1,154000
2020,1,1,135000
2024,1,1,113000
2025,2,1,134000
2023,0,1,80000
2024,3,1,41500
2025,2,1,246000
2024,2,1,322100
2025,2,1,242000
2023,2,1,152300
2025,1,1,119574
2025,1,1,264200
2024,1,1,117500
2024,1,1,79900
2024,0,1,88500
2024,2,1,322300
2025,0,1,158113
2025,1,1,242000
2025,2,1,343000
2023,2,1,75000
2024,2,1,185346
2024,1,1,130000
2024,2,1,170000
2025,1,1,118900
2024,1,1,220000
2024,1,1,225500
2025,2,1,205000
2024,1,1,207000
2025,2,1,205000
2025,1,0,632911
2024,2,1,169400
2024,2,1,90700
2025,2,1,136100
2023,1,1,110000
2024,2,1,204400
2024,0,1,107968
2023,0,0,74087
2025,1,1,90000
2025,1,1,234700
2023,2,1,200000
2025,1,1,123656
2024,0,0,39000
2025,1,1,99800
2025,0,1,99600
2025,2,1,500000
2024,2,1,243000
2025,2,1,246500
2025,1,1,146520
2025,1,1,185300
2025,1,1,108600
2024,2,1,226500
2024,0,1,140000
2024,1,1,70600
2024,1,1,300000
2024,2,1,276800
2024,1,1,198000
2025,2,1,85450
2025,2,1,151700
2024,2,1,283780
2024,1,0,140000
2024,1,1,80000
2024,2,1,223500
2024,1,1,93500
2025,2,1,149940
2024,1,1,170038
2025,1,1,258000
2024,2,1,100000
2024,1,1,236300
2025,1,1,239000
2024,2,1,327000
2025,1,1,180000
2025,2,1,48000
2025,3,1,177341
2024,1,1,229900
2024,2,0,68000
2024,2,1,208000
2025,0,1,34091
2024,2,1,150400
2024,2,1,176000
2024,1,0,104668
2024,1,1,284000
2024,2,0,120000
2024,1,1,170450
2024,2,0,98001
2024,2,1,90129
2024,1,1,172400
2024,1,1,83850
2024,2,1,115000
2025,1,1,112500
2024,0,1,170000
2024,0,1,90280
2025,1,1,137100
2025,1,1,107120
2024,2,1,192000
2025,1,1,79310
2023,0,0,24940
2025,0,1,200000
2024,1,1,143750
2025,2,1,164940
2024,2,1,165490
2024,1,1,143100
2025,2,1,158000
2024,1,1,174000
2023,2,0,172256
2025,2,1,66700
2024,1,1,89700
2024,2,1,321000
2025,2,1,145000
2025,0,1,119953
2024,2,1,185600
2024,0,1,138000
2024,2,1,121500
2024,2,1,112500
2024,2,0,210000
2024,2,1,213600
2024,0,1,210100
2024,2,0,48000
2024,1,1,140000
2023,1,1,140000
2024,2,1,173000
2024,1,1,104000
2025,2,1,181896
2024,2,1,110000
2024,2,1,119076
2024,2,1,150000
2023,2,1,187100
2024,1,1,175000
2025,1,1,131584
2024,1,1,83000
2024,1,1,243300
2024,1,1,156523
2024,1,0,100000
2025,2,1,124400
2024,0,1,150700
2024,0,0,55333
2024,2,1,103500
2025,2,1,120082
2024,0,1,42516
2025,1,1,153965
2024,1,1,114910
2024,1,1,312867
2024,1,1,196400
2024,1,1,185000
2024,2,0,190500
2025,1,1,183920
2024,2,0,102000
2025,1,1,135000
2024,1,1,188400
2024,0,1,98975
2025,2,1,230000
2024,3,1,195000
2025,1,1,435000
2024,2,1,260000
2024,1,1,120500
2025,1,1,70000
2025,1,1,87250
2025,1,0,24210
2025,0,1,86600
2024,1,1,200875
2022,1,1,150000
2024,2,1,118200
2024,1,1,127500
2024,2,1,274800
2025,1,1,98300
2025,2,1,111000
2022,2,1,190000
2024,0,0,111051
2025,2,1,316100
2023,2,1,168000
2024,2,1,170112
2025,1,0,68475
2022,2,1,132000
2025,1,1,112500
2025,1,1,90000
2025,2,1,120400
2024,2,1,157450
2024,2,0,138000
2024,2,1,111000
2024,2,1,234400
2024,2,1,183600
2025,2,1,514000
2024,1,1,210000
2024,1,1,138000
2025,2,1,282900
2024,1,1,239000
2024,2,1,181600
2024,1,1,204500
2025,1,1,87419
2024,0,1,185200
2023,2,1,311000
2024,1,0,43750
2025,3,1,200000
2024,2,1,207900
2024,2,1,169680
2024,3,1,150000
2023,1,1,123500
2024,0,1,85179
2024,2,1,284400
2025,1,1,130600
2024,2,0,133025
2025,1,1,217500
2025,1,1,285000
2024,1,1,212383
2024,2,1,112000
2025,2,1,114500
2024,2,1,247000
2025,1,1,158620
2024,1,1,99000
2024,2,1,257000
2024,2,1,122600
2025,0,1,138000
2025,2,1,103900
2025,0,1,95300
2024,2,1,165100
2024,2,0,85000
2024,2,1,165000
2023,2,1,137500
2024,2,1,138200
2025,2,0,92627
2024,0,1,145000
2025,1,1,139360
2024,1,1,102350
2025,0,1,66500
2024,2,1,217508
2024,2,1,172300
2025,0,0,103939
2024,2,1,227800
2025,1,1,86700
2025,2,1,190000
2025,2,1,146350
2025,1,1,100000
2025,0,1,135600
2022,2,1,140400
2024,2,1,300000
2024,0,1,95347
2025,3,1,301200
2025,2,1,334500
2024,1,0,57307
2024,1,1,154000
2024,2,1,113760
2024,2,1,192000
2025,2,1,243000
2025,2,1,284000
2024,2,1,150550
2025,1,0,220000
2024,2,1,86700
2024,2,1,105070
2024,2,1,181000
2024,2,0,103331
2024,2,0,90000
2023,2,0,82500
2025,2,1,260000
2024,2,0,264000
2024,2,0,85000
2025,1,1,130500
2024,0,1,49100
2025,2,1,195000
2024,2,1,138859
2024,1,1,190800
2024,2,1,700000
2025,1,1,92900
2024,2,1,133600
2023,2,1,193600
2025,0,1,64175
2025,2,1,160284
2024,2,1,117200
2024,2,0,350211
2024,1,1,135000
2024,2,1,113800
2025,2,1,256000
2023,1,0,110736
2025,2,1,181200
2025,1,1,136800
2024,2,0,44122
2024,2,1,128600
2025,1,1,83000
2025,1,1,120000
2024,2,1,85500
2024,2,1,154000
2024,2,0,66700
2024,0,1,36000
2024,2,1,183000
2025,2,1,96900
2024,2,1,141000
2024,2,1,151694
2024,2,0,112622
2025,2,1,198990
2025,1,1,163862
2025,2,1,137600
2025,1,0,109000
2025,3,1,215200
2025,2,1,220000
2024,2,0,151200
2024,2,1,228300
2025,1,1,207800
2025,2,0,151898
2025,2,1,168300
2024,2,1,123800
2024,1,1,144000
2024,1,1,317880
2022,2,1,140700
2023,1,0,79976
2024,2,1,150000
2024,1,1,65811
2025,1,1,245000
2025,2,1,170500
2024,2,1,340100
2024,2,0,199700
2024,2,1,231000
2024,2,1,220900
2024,0,1,167898
2025,2,1,190000
2024,1,1,112872
2024,1,1,160000
2025,2,1,125200
2022,1,1,127500
2024,1,0,61350
2024,1,1,79600
2024,2,1,76600
2024,2,1,85252
2025,0,0,55162
2024,1,1,89600
2024,1,1,81960
2024,2,1,217000
2024,1,1,148000
2025,2,1,425500
2024,1,1,190000
2024,0,1,86000
2025,2,1,110000
2024,2,1,208000
2024,2,1,122450
2025,0,0,50526
2024,2,1,147000
2024,1,1,60816
2025,1,1,160000
2024,2,1,95797
2024,3,1,195500
2025,1,1,286000
2025,2,1,303900
2024,1,1,193000
2024,2,1,121100
2024,2,1,75200
2024,2,1,105000
2024,2,1,181200
2024,2,1,500000
2025,1,1,133800
2024,2,0,297000
2025,1,1,196900
2024,2,1,307100
2024,2,1,150000
2024,2,1,110000
2024,2,0,107692
2024,2,1,419750
2025,0,1,75600
2024,1,0,79874
2023,2,1,126000
2025,1,1,86840
2024,1,1,234300
2024,1,0,54771
2025,2,1,257200
2025,2,1,110240
2025,3,1,151000
2024,1,1,67700
2024,1,0,202800
2025,1,0,50000
2025,1,1,56250
2025,1,0,64285
2024,1,0,57000
2021,0,1,100000
2023,2,1,303050
2024,1,1,98800
2023,2,1,162500
2024,1,1,158200
2025,2,1,84836
2024,2,1,229091
2024,2,0,111111
2024,0,1,103997
2025,2,0,106000
2025,0,1,62000
2025,2,1,120000
2024,2,1,116000
2023,1,1,157000
2024,2,1,465000
2025,2,1,227950
2025,0,0,79200
2024,2,1,120000
2024,1,1,126400
2024,1,1,105000
2023,0,1,85000
2023,1,0,36912
2024,2,1,230000
2025,1,1,120000
2023,0,0,16000
2024,1,1,225000
2024,2,1,43493
2023,2,1,84750
2024,2,1,160000
2024,2,1,106676
2025,2,1,55800
2024,0,1,44850
2023,2,1,161900
2024,2,0,101000
2022,1,0,47280
2024,1,1,80000
2022,1,1,160000
2024,2,1,95000
2024,1,1,110000
2024,1,1,241500
2024,2,1,193500
2024,0,1,43900
2025,1,1,110380
2023,2,1,185900
2025,2,1,237000
2025,2,1,138900
2025,1,1,144500
2025,2,1,285300
2024,2,0,239000
2024,2,1,207000
2024,1,1,230230
2025,0,1,145500
2025,3,1,69200
2024,2,1,289500
2025,2,1,273000
2024,1,1,98000
2024,1,1,130000
2023,2,0,38868
2024,2,1,273000
2025,2,1,58844
2025,2,1,72000
2025,2,0,122726
2024,1,0,31020
2025,2,1,204000
2024,1,1,294000
2025,3,1,87280
2024,0,1,199000
2024,0,1,185000
2024,1,1,75000
2024,2,1,93500
2024,1,1,67700
2025,2,1,279900
2024,2,1,264000
2024,2,1,235900
2025,1,1,143200
2025,1,1,128000
2024,1,1,114028
2024,2,1,245000
2024,2,1,333500
2024,2,1,156400
2024,0,1,65000
2025,2,0,67479
2025,1,0,250000
2025,0,1,106300
2024,1,1,132600
2024,1,1,135400
2025,2,1,264500
2024,1,1,135000
2024,1,1,296020
2024,2,1,132000
2024,1,0,103846
2025,2,1,100000
2024,1,1,87600
2025,2,0,74285
2025,1,0,126000
2024,2,1,285200
2024,1,0,48000
2024,1,1,163125
2024,2,1,155904
2024,2,0,75888
2025,2,1,220000
2024,2,0,112200
2024,1,1,212000
2025,1,0,63157
2023,2,1,143000
2024,0,0,90000
2024,1,1,113000
2024,2,1,282900
2024,1,1,143500
2025,2,1,260590
2024,1,1,194000
2024,2,1,206000
2023,2,1,323300
2024,2,1,160200
2024,2,0,100000
2025,2,1,130600
2022,2,1,153600
2025,2,1,413160
2025,2,1,143100
2025,1,1,80000
2024,1,1,256500
2025,2,1,340000
2025,2,1,147050
2024,2,1,128000
2024,2,1,312800
2025,2,1,127700
2024,2,1,132804
2025,2,1,143100
2024,1,1,98300
2024,2,1,118000
2024,2,1,216000
2024,1,1,92000
2024,2,1,111000
2024,0,1,151500
2020,1,0,46759
2025,2,1,155000
2024,2,1,156300
2024,2,1,183800
2024,2,1,87400
2025,0,1,38883
2025,2,1,219000
2024,2,1,185400
2025,2,1,294700
2024,1,1,270000
2025,1,1,260000
2024,1,0,75000
2025,2,0,83684
2024,2,1,283500
2024,2,1,253692
2025,0,1,40000
2025,2,1,183000
2025,1,0,58000
2024,2,1,261800
2024,2,1,288700
2024,1,0,61250
2025,2,1,350000
2024,2,1,111000
2024,2,1,202800
2024,2,1,189000
2024,1,1,70800
2024,1,1,80000
2025,2,1,123500
2024,1,0,106250
2025,0,0,18987
2024,2,1,80000
2024,3,1,130500
2024,2,1,134000
2025,2,1,138500
2024,2,1,272700
2024,2,1,165000
2024,1,1,131300
2025,2,1,96900
2024,1,1,98000
2024,2,1,120633
2025,2,1,163000
2024,2,1,219200
2024,1,1,205000
2024,1,1,76500
2023,2,1,165000
2024,0,1,79925
2024,3,1,142500
2025,2,1,102960
2024,0,1,190000
2025,1,1,220000
2025,3,1,156160
2024,2,1,222000
2024,0,1,124600
2025,0,1,50000
2025,2,1,40000
2024,0,1,30000
2025,2,1,112900
2025,1,1,110000
2025,2,1,215000
2025,2,1,123000
2023,1,1,166000
2024,0,0,48019
2024,0,1,126100
2024,1,1,68750
2024,1,1,190120
2025,0,1,73600
2025,2,1,558000
2024,1,1,183000
2023,1,1,205600
2023,2,0,150000
2025,2,1,137000
2024,1,1,207190
2025,2,1,173000
2024,3,0,51824
2024,1,1,175000
2025,2,1,112000
2025,2,0,60714
2024,2,1,170900
2024,0,1,64000
2024,0,1,158100
2024,2,1,209440
2025,1,1,130050
2025,1,1,100000
2025,0,1,130000
2024,2,1,191250
2025,1,1,128000
2024,2,1,164000
2024,2,0,118750
2025,1,1,118900
2025,2,1,204900
2024,2,1,129000
2024,2,1,199200
2024,2,1,160000
2023,2,1,145000
2024,0,1,63750
2024,2,1,216000
2025,0,1,140000
2024,1,1,122200
2025,2,1,363000
2025,2,1,190000
2025,2,1,235400
2024,1,1,165000
2025,2,1,197600
2024,2,1,141400
2025,0,0,80000
2023,2,0,90000
2024,1,1,150000
2024,1,1,108600
2024,2,1,118600
2024,1,1,95000
2023,2,0,95000
2023,2,0,77737
2025,2,1,159000
2024,2,1,300000
2024,1,1,145000
2024,1,1,107200
2025,1,1,128600
2025,1,1,198000
2025,2,1,160000
2024,1,1,51100
2024,1,1,244700
2024,1,1,85000
2025,1,1,250600
2024,2,1,180000
2025,2,1,209000
2024,1,0,112114
2025,2,0,88000
2025,1,1,195000
2024,1,1,127500
2024,2,1,419750
2025,1,1,125700
2025,2,0,101265
2025,1,1,123250
2024,2,1,151500
2025,2,1,175000
2025,0,1,43520
2025,2,0,66600
2024,1,1,173301
2023,2,0,60000
2025,1,0,106400
2024,0,1,140000
2025,1,1,160000
2025,1,1,163000
2024,1,1,109800
2025,2,1,245700
2024,2,1,177777
2024,1,1,408000
2024,1,1,59469
2024,0,0,51111
2024,2,1,223000
2025,1,1,137750
2024,3,1,197500
2024,0,1,39500
2022,1,1,60000
2025,0,0,19238
2024,2,0,138000
2024,2,1,198000
2024,2,1,146100
2024,2,1,200000
2024,2,1,269825
2024,1,1,126000
2023,1,1,204000
2023,2,1,161000
2024,1,1,116000
2024,2,1,106605
2025,1,0,145000
2023,1,1,150000
2024,1,1,200750
2022,2,1,250000
2024,1,0,248400
2024,2,1,201000
2025,2,1,237000
2025,2,1,140000
2025,2,1,250000
2024,2,1,193000
2024,1,1,78000
2024,2,1,274200
2025,0,1,168326
2024,1,0,91202
2024,2,1,281201
2024,2,0,56250
2024,2,1,161000
2023,2,1,204500
2025,1,1,129160
2024,1,1,145000
2024,1,1,80845
2023,2,1,139000
2025,2,1,162800
2025,1,1,142800
2024,1,1,80000
2025,2,1,100000
2024,2,1,139000
2024,2,1,175000
2024,1,1,125395
2024,1,0,135000
2024,3,1,99000
2024,1,1,86666
2025,2,1,161600
2022,2,1,138750
2024,1,0,110000
2025,1,0,71578
2024,0,1,109400
2024,2,1,239000
2023,2,0,144000
2025,0,0,83000
2024,2,1,145600
2025,2,1,57798
2021,1,1,111775
2023,2,1,140100
2025,2,1,115000
2025,2,1,195000
2024,1,1,170300
2024,1,1,162300
2025,1,1,100000
2024,1,1,132000
2024,2,1,116600
2024,1,1,55000
2024,2,1,126900
2025,1,0,101265
2024,0,1,57500
2024,1,1,83800
2024,0,1,57949
2023,1,1,166000
2025,2,1,137520
2023,1,1,67500
2024,2,1,174000
2024,1,1,257600
2024,2,1,228000
2023,2,1,385000
2025,2,1,260590
2024,2,1,299000
2025,1,1,165600
2024,2,0,150300
2025,0,1,90000
2025,2,1,133100
2025,2,1,186200
2025,3,1,113840
2025,0,1,146325
2025,1,1,192300
2024,2,1,112500
2024,1,1,294000
2024,3,1,312350
2024,2,1,178400
2025,2,1,255000
2024,2,1,85000
2025,1,1,170000
2025,0,0,29936
2025,2,1,166600
2025,0,1,52000
2024,3,1,314000
2024,1,1,145000
2025,2,1,157600
2023,2,0,230000
2024,2,1,190000
2024,2,1,250000
2023,2,1,255000
2024,2,1,135193
2024,2,0,123554
2025,0,1,103100
2024,2,1,410000
2024,2,1,70000
2025,1,1,54080
2025,1,0,108557
2024,0,1,234900
2024,0,1,105000
2025,2,1,150000
2024,2,1,250900
2025,1,1,85878
2024,2,0,186000
2023,2,1,228000
2025,2,1,94400
2024,1,0,63900
2024,2,1,174500
2024,2,1,187000
2024,1,1,50000
2024,1,1,159850
2025,2,0,60759
2023,2,1,169000
2024,0,1,140000
2024,2,1,120000
2024,1,1,75000
2025,1,1,122000
2024,1,0,48000
2024,0,1,90000
2024,2,1,241000
2024,2,1,222400
2025,1,1,286300
2023,0,0,24322
2024,0,0,66800
2024,2,1,136500
2024,2,1,227500
2025,1,1,163695
2024,2,1,182549
2025,2,0,155295
2025,0,1,114004
2024,1,1,178250
2024,1,1,166000
2024,2,0,108100
2023,1,1,186000
2025,2,0,124215
2025,1,0,88607
2023,1,1,70000
2024,2,1,284400
2025,1,1,137000
2025,2,1,500000
2025,2,1,158400
2024,2,1,218500
2025,0,0,105000
2024,1,1,98900
2024,2,1,250000
2025,2,1,158000
2024,0,1,95000
2025,1,1,119000
2024,1,1,254400
2024,2,1,189200
2021,2,0,127221
2025,2,0,193000
2024,0,1,65350
2025,2,1,155000
2022,0,1,108000
2024,1,1,154000
2025,3,1,225000
2025,1,1,42600
2024,2,1,97500
2025,2,1,209000
2024,1,1,53500
2025,0,1,75000
2024,2,1,199500
2025,2,1,176300
2024,1,1,134000
2024,1,1,193000
2023,2,1,199600
2025,0,1,75712
2024,1,1,218500
2024,1,1,192000
2025,1,1,122500
2023,2,1,139500
2024,2,0,101777
2024,3,1,305000
2023,3,1,257400
2023,2,1,104000
2024,2,1,87600
2025,2,1,190000
2024,2,1,171100
2025,2,1,116800
2025,0,1,178392
2024,1,1,110500
2025,1,1,310000
2024,2,0,271033
2024,1,1,74100
2024,1,1,350000
2025,2,1,188000
2025,0,1,112700
2025,2,1,208080
2021,2,0,71786
2025,1,1,109000
2024,3,1,300000
2024,2,1,156024
2024,2,1,126500
2024,2,1,203350
2023,3,1,55000
2024,2,0,93000
2024,2,1,216000
2024,1,1,139300
2025,0,0,16000
2025,0,0,75949
2024,2,1,254524
2025,0,1,225000
2025,2,1,154700
2025,2,1,235750
2025,2,1,205000
2025,2,1,212500
2024,2,1,194688
2024,1,1,178250
2024,2,1,130000
2025,0,1,149000
2024,2,1,97300
2024,2,0,215000
2024,2,1,97200
2025,1,1,75000
2022,3,1,200000
2023,2,1,75000
2024,1,1,185952
2024,1,1,23000
2025,0,0,57000
2025,1,1,197680
2024,2,0,180000
2024,2,1,170000
2024,2,1,104000
2025,1,1,71500
2024,1,1,120000
2025,1,1,166698
2024,2,0,210100
2025,3,1,76068
2025,1,1,130000
2024,2,1,252000
2024,1,1,245400
2024,2,1,121400
2020,2,1,190000
2022,2,0,135000
2024,2,0,165000
2025,2,0,49260
2025,2,1,194740
2024,1,1,220000
2024,2,1,265300
2024,0,1,211500
2025,2,1,134522
2025,1,0,46997
2025,1,0,34000
2024,1,1,58500
2023,2,1,232200
2025,1,1,60000
2025,2,0,115000
2024,1,1,81000
2024,1,1,96038
2024,2,1,165000
2024,2,1,178440
2025,1,1,128500
2025,1,1,267100
2025,2,1,235000
2025,2,1,218000
2025,2,1,162000
2025,2,1,205700
2025,2,1,177300
2024,0,1,155700
2023,2,1,110000
2024,2,1,204000
2024,1,1,125400
2024,2,0,130000
2024,0,1,50000
2025,2,1,71500
2024,2,1,211600
2024,2,1,136000
2024,2,1,239900
2025,2,1,127254
2024,0,0,49080
2024,3,1,170000
2025,1,1,139500
2025,2,1,102960
2024,2,1,180000
2025,2,1,136191
2024,2,1,172830
2024,0,1,87552
2021,0,1,50000
2024,2,1,324000
2024,2,1,135000
2023,2,0,60000
2024,1,0,142000
2025,1,1,73300
2024,2,1,210000
2023,2,1,192000
2025,2,1,110000
2024,2,1,163116
2025,2,1,180000
2025,1,1,165143
2025,2,1,310919
2023,2,1,310270
2024,2,1,295000
2025,2,1,140000
2025,2,1,131600
2025,2,1,129000
2024,2,1,83000
2025,1,1,105000
2025,1,1,175800
2025,2,0,69620
2025,1,0,94936
2025,2,1,164928
2024,2,1,79100
2024,2,1,110000
2025,2,1,87000
2024,1,1,110000
2024,0,1,96250
2024,1,1,87400
2025,2,1,196400
2024,1,0,90600
2024,0,1,50000
2024,2,1,145620
2024,3,1,368000
2024,2,0,83000
2023,1,1,83900
2024,1,1,350000
2025,2,1,224000
2024,1,1,68850
2025,1,1,270000
2025,2,1,123750
2024,2,0,91293
2025,2,1,113360
2020,2,1,190200
2024,1,1,69100
2023,2,1,201000
2024,1,1,56566
2022,2,1,136100
2024,0,1,74100
2025,2,1,113989
2025,2,1,208000
2024,2,1,197000
2024,1,1,109350
2022,2,0,135000
2024,2,1,145000
2025,3,0,145329
2024,0,0,50000
2024,2,1,142896
2025,1,1,65000
2024,2,1,290000
2023,1,0,38915
2024,0,1,200000
2024,1,1,220000
2023,1,0,33686
2024,2,0,211511
2025,2,1,117864
2025,1,1,227950
2025,2,1,114450
2025,0,1,129792
2023,2,1,258750
2025,1,1,208800
2024,1,1,165000
2023,1,1,130000
2024,3,1,190000
2025,2,1,402000
2024,2,1,181600
2024,0,1,128377
2024,0,1,95000
2025,1,1,116000
2024,2,1,124200
2025,1,1,166800
2025,2,1,251460
2023,1,0,43064
2024,1,1,99500
2024,0,1,88000
2025,1,1,51824
2024,2,1,293000
2025,0,0,81052
2024,1,1,142000
2025,1,1,126000
2022,2,1,136994
2025,1,1,165000
2024,2,1,68750
2025,2,1,180000
2023,1,1,82000
2024,2,1,84100
2024,2,1,125000
2024,2,1,70500
2024,1,1,204000
2024,0,0,70844
2024,2,0,77777
2025,2,1,190000
2023,2,1,227700
2025,0,1,173040
2024,1,1,94500
2024,2,1,163654
2025,1,1,315000
2024,1,1,65600
2024,2,1,155300
2022,1,1,113000
2025,2,1,84600
2023,2,0,80000
2024,1,1,96411
2025,1,1,598279
2024,2,1,364100
2024,2,1,367000
2024,0,1,113800
2024,2,1,95000
2025,3,1,180000
2025,2,1,269000
2022,1,1,145000
2024,2,1,175800
2024,2,1,85600
2024,2,0,111000
2024,1,1,163200
2024,2,1,178200
2023,2,1,50700
2024,2,1,70000
2025,2,1,237700
2025,1,1,99700
2024,3,1,410000
2025,2,0,167800
2025,2,0,141600
2023,1,1,90700
2024,0,1,65900
2023,0,1,62000
2024,1,1,228900
2024,0,0,83200
2024,2,1,179428
2024,2,1,62500
2025,2,1,186700
2023,1,1,172200
2024,2,1,216000
2025,1,1,334600
2025,2,1,260590
2023,2,1,125000
2025,1,1,530000
2024,2,1,254400
2024,1,1,66380
2024,0,1,46340
2024,2,1,304000
2024,1,1,249300
2025,2,1,130830
2024,2,1,123000
2025,0,0,55873
2025,1,1,93760
2025,0,0,73162
2024,2,1,137000
2025,1,0,98500
2025,2,1,242600
2025,2,1,185800
2022,1,1,120000
2024,0,1,80000
2024,0,1,80000
2024,2,1,196000
2024,2,1,144700
2025,1,1,173800
2023,2,1,190000
2023,2,1,150931
2025,1,1,94345
2024,1,0,129851
2024,1,1,280000
2025,2,1,108800
2024,1,0,119808
2025,0,0,75360
2024,2,1,185000
2024,2,1,138900
2023,0,1,50000
2025,2,1,198500
2024,2,1,163700
2024,2,1,47000
2024,0,0,27000
2025,1,1,73800
2024,0,1,72000
2024,0,1,65600
2024,1,1,80900
2024,2,1,323000
2024,2,1,110000
2025,2,1,186961
2025,2,1,100000
2023,2,1,103200
2025,1,1,134300
2024,3,1,294780
2024,2,1,259000
2022,1,0,36940
2025,2,1,340900
2022,2,1,275000
2025,1,1,155000
2024,2,0,195000
2024,0,1,82915
2024,1,1,114996
2025,1,1,228700
2025,1,1,245000
2025,2,1,141950
2025,1,1,75000
2025,2,1,97104
2025,1,0,67857
2025,2,1,168000
2025,1,1,163000
2025,0,0,16000
2025,1,0,72631
2025,0,1,70000
2024,2,1,137300
2024,1,0,287500
2025,2,1,137049
2025,2,1,120402
2025,2,1,195000
2024,0,1,61000
2024,2,1,139360
2024,1,1,60000
2024,0,1,87600
2024,2,1,321600
2025,2,1,190000
2024,2,1,101400
2024,1,1,144500
2024,2,1,187600
2025,1,0,121800
2024,1,1,56763
2023,2,1,183500
2025,1,1,134000
2024,0,0,79925
2024,1,1,120700
2024,1,1,178300
2024,0,1,50000
2024,2,1,189110
2025,2,0,40900
2024,0,0,46153
2025,0,0,27789
2025,2,1,234300
2024,2,1,135200
2024,1,1,203000
2025,2,1,161126
2024,1,1,205700
2024,2,0,78000
2025,2,0,107594
2024,2,1,88907
2025,0,1,47840
2024,2,1,79000
2025,2,0,61781
2025,2,0,118000
2024,2,0,94068
2024,2,1,109500
2024,1,1,300000
2024,3,1,152000
2025,2,1,148000
2024,1,1,147800
2025,2,1,122774
2024,2,1,282720
2024,0,1,89000
2025,2,1,187000
2024,2,1,209404
2025,2,1,112000
2024,2,1,136000
2025,2,1,158100
2022,2,1,55000
2024,2,1,130000
2024,1,1,123000
2025,1,1,195000
2024,2,0,98076
2024,1,1,48500
2025,2,1,162400
2024,2,1,131230
2025,1,1,32700
2025,1,1,184100
2025,2,1,220700
2024,2,1,125600
2023,2,1,128000
2025,2,1,229200
2024,2,1,221000
2022,2,1,125000
2024,2,1,261500
2024,3,1,168000
2024,2,1,114080
2024,0,1,110240
2024,1,1,120000
2025,2,0,111700
2024,2,0,150000
2025,1,1,133870
2025,2,1,128000
2024,2,1,103500
2025,2,1,240800
2023,2,1,300000
2025,1,1,130000
2025,2,1,181500
2025,2,1,189640
2024,2,1,235000
2025,2,0,112900
2023,1,1,35000
2023,2,1,237000
2025,2,1,77500
2024,1,1,118500
2024,0,0,41250
2024,0,1,101080
2024,0,1,97700
2024,0,1,135111
2024,0,1,67500
2024,1,1,93000
2024,2,1,153000
2024,2,0,150000
2025,1,1,160500
2022,2,1,126000
2024,2,1,330000
2024,2,1,105000
2024,1,1,160000
2025,1,1,109700
2025,2,0,75000
2024,2,1,284280
2025,2,1,143100
2024,1,0,111723
2025,2,1,140000
2023,2,1,172000
2023,2,1,176000
2024,1,1,233998
2024,2,1,230608
2025,2,1,141670
2024,1,0,45775
2025,2,1,143060
2024,2,0,260000
2024,2,1,225500
2024,1,1,153400
2024,2,1,230000
2024,1,1,200300
2025,1,0,40000
2024,2,1,126800
2024,1,0,58106
2024,0,1,70000
2025,2,1,62000
2025,1,1,231000
2024,1,1,215000
2021,0,0,65013
2025,2,1,161300
2025,2,1,93974
2024,2,0,278000
2025,0,0,24000
2025,2,1,181500
2024,2,0,92346
2024,1,1,194750
2023,2,1,152380
2023,0,0,43925
2023,2,1,103200
2024,1,1,68000
2025,2,1,77985
2024,1,0,50000
2023,1,1,50000
2025,0,1,96800
2023,1,0,32811
2025,0,1,69500
2025,0,0,95655
2025,2,1,133000
2024,2,1,164000
2025,2,0,65784
2024,0,1,168150
2025,1,1,203000
2024,1,1,86664
2024,2,1,175800
2023,2,1,114300
2025,1,1,129200
2025,3,0,253164
2024,2,1,234300
2025,3,1,185500
2024,1,1,57000
2024,2,1,161700
2025,1,0,99808
2025,3,1,325000
2025,1,0,42105
2023,1,1,107500
2024,2,1,302000
2025,0,1,51824
2024,2,1,187000
2024,0,1,180700
2025,2,1,160000
2024,2,1,309400
2025,2,1,263500
2025,2,1,143000
2025,2,1,225500
2024,1,1,59600
2025,1,1,80000
2024,2,1,118000
2025,3,1,275800
2024,2,1,196000
2024,2,0,36000
2025,2,1,169832
2025,2,1,150700
2024,1,0,120000
2025,0,1,132400
2024,1,1,96400
2024,2,1,239000
2025,1,1,195670
2024,3,1,140000
2023,2,1,227000
2025,0,1,65000
2025,2,1,144000
2025,2,1,157300
2024,2,1,198600
2025,2,1,300000
2025,1,1,170900
2024,2,0,44444
2023,2,1,105000
2024,1,1,98500
2024,2,1,119000
2025,2,1,180000
2024,1,1,155934
2023,1,0,63980
2024,0,1,223202
2023,2,1,193600
2022,2,1,120000
2024,1,1,224000
2024,1,0,100000
2023,3,1,230000
2025,2,1,220000
2025,2,0,500000
2024,2,1,83576
2023,2,1,94000
2024,1,1,96741
2024,2,1,124000
2025,0,0,66000
2025,1,1,66000
2025,1,1,78000
2024,2,1,465000
2024,2,0,117274
2024,2,1,134000
2025,2,0,60700
2025,1,0,125050
2024,2,1,121200
2024,2,1,223000
2023,2,1,152500
2025,2,1,182000
2025,0,0,20652
2024,0,1,220000
2025,2,1,120000
2024,1,1,147877
2024,1,1,106885
2024,1,1,76000
2024,2,0,124800
2021,0,1,80000
2024,1,1,134100
2024,0,1,133000
2025,2,1,140280
2025,2,1,218400
2025,0,1,60750
2025,2,0,146408
2025,2,1,74700
2024,0,0,172500
2023,0,1,133000
2025,1,1,164600
2024,2,1,79000
2024,1,0,41227
2024,1,1,56088
2024,2,1,220348
2025,2,1,36000
2025,2,1,95600
2024,3,1,150000
2024,1,1,97000
2024,2,1,163800
2024,0,1,136800
2024,2,0,62500
2023,2,1,156400
2025,0,0,142405
2025,2,1,207500
2024,2,0,125333
2025,1,1,205500
2024,2,1,179300
2024,2,1,129400
2024,1,1,131805
2024,2,1,262300
2025,2,1,353000
2024,0,1,208800
2025,2,0,251000
2024,1,1,189800
2024,1,1,293800
2024,1,1,120000
2024,2,1,130000
2024,1,0,171210
2024,1,0,43628
2025,2,0,122726
2025,2,1,212000
2024,0,1,128355
2024,0,1,126100
2025,1,1,288000
2024,2,1,147700
2025,1,1,147000
2024,2,1,194000
2024,1,1,259000
2024,2,1,190500
2025,2,1,130000
2025,0,1,39500
2025,2,1,174250
2023,2,1,148350
2025,2,1,213900
2024,1,1,67600
2025,2,0,140000
2024,2,1,62000
2024,2,0,72222
2024,2,1,66417
2024,1,1,154660
2025,2,1,95680
2024,1,1,148200
2024,2,1,200000
2023,2,1,112500
2025,1,1,99000
2023,2,1,142000
2024,0,1,101000
2025,2,1,214000
2024,2,1,87000
2025,1,1,232000
2025,1,0,41684
2025,1,1,93700
2024,2,1,192840
2024,2,0,159000
2023,2,1,385000
2024,2,1,283800
2024,2,1,147000
2025,2,0,100000
2025,2,1,88675
2025,1,1,176000
2025,0,1,63300
2024,2,0,52500
2024,0,1,99000
2025,2,1,135000
2025,2,1,101800
2024,1,1,62521
2025,1,1,131906
2025,1,1,139700
2022,1,0,128058
2024,1,1,117000
2024,2,1,202500
2024,1,1,92500
2025,2,1,109928
2024,1,1,132600
2024,1,1,181200
2025,1,1,167700
2024,1,1,87100
2025,2,0,240750
2024,0,0,115102
2025,2,1,300800
2024,1,0,237600
2025,1,1,154000
2023,1,1,138900
2025,2,1,177300
2024,0,1,89230
2024,3,1,186250
2025,1,1,166400
2025,2,0,74810
2025,2,1,151000
2022,1,0,80036
2023,2,1,125600
2024,2,1,180765
2024,0,1,88000
2025,2,1,88600
2024,2,1,258000
2024,3,1,232500
2024,0,0,89160
2025,2,1,386700
2023,2,1,126000
2024,2,1,164000
2024,2,0,137000
2025,2,1,134300
2025,2,1,180000
2024,1,0,158800
2025,2,1,250000
2024,2,0,171210
2023,2,1,120000
2024,1,1,175000
2024,2,1,160000
2025,1,1,71266
2023,3,1,180000
2025,2,1,121688
2024,1,1,80770
2024,2,1,122000
2024,1,0,48000
2024,2,1,74900
2024,0,1,107600
2024,1,1,150000
2025,1,1,67700
2023,3,0,205785
2024,0,1,216900
2024,2,0,140000
2024,2,1,337000
2024,2,1,241600
2024,2,1,94400
2025,0,1,69000
2025,2,1,105000
2024,2,1,236925
2024,0,1,105000
2023,2,1,119000
2025,0,0,74319
2025,1,1,165400
2024,1,1,210100
2023,1,1,155000
2025,2,1,170000
2024,2,1,278000
2024,2,1,97100
2024,1,1,131700
2024,0,1,280000
2024,2,1,152400
2023,2,1,336300
2025,1,1,82900
2024,1,1,183000
2025,2,1,78000
2024,2,1,93000
2024,1,1,131040
2025,1,1,79600
2023,2,1,180000
2025,2,1,68000
2025,2,1,148850
2024,1,0,116050
2024,2,0,203000
2024,1,1,63750
2024,3,1,340000
2024,2,1,245200
2024,2,1,258750
2024,2,1,120000
2024,2,1,143100
2025,2,0,112200
2025,0,0,25263
2023,2,1,310000
2023,2,1,239400
2024,2,1,232300
2025,2,0,105941
2023,1,1,143865
2024,0,1,160000
2024,2,1,165490
2024,1,1,175000
2024,1,0,45555
2024,1,1,174000
2024,0,1,42000
2024,3,1,157500
2025,0,1,101000
2023,0,1,47500
2024,2,1,205500
2024,1,1,69139
2024,2,0,48213
2025,2,1,223400
2025,2,1,234300
2024,1,1,95200
2025,1,1,112100
2025,1,1,225000
2025,2,1,197200
2023,2,1,125760
2024,2,1,225500
2025,2,1,138200
2023,0,0,132200
2024,2,1,168700
2025,1,0,105500
2025,1,1,171000
2024,2,1,185000
2024,2,1,144300
2024,2,1,113100
2024,2,1,259000
2024,2,0,136363
2023,2,1,210000
2024,2,1,197000
2024,1,1,265400
2025,2,1,96000
2023,1,1,100000
2025,1,1,97000
2025,0,1,87000
2024,2,1,330146
2025,3,1,207890
2024,2,1,314300
2024,1,1,122000
2024,2,1,250500
2024,1,1,131651
2023,1,0,73824
2025,2,1,195400
2024,1,0,71750
2025,1,1,99360
2025,1,0,82911
2025,1,1,60300
2025,1,1,95000
2024,2,1,240000
2023,2,1,96600
2024,3,1,180000
2024,1,1,296300
2025,0,0,26526
2024,0,1,135000
2025,1,1,90100
2024,0,1,82000
2024,0,1,115000
2024,2,1,196000
2025,1,1,211536
2025,2,0,48000
2024,1,1,123900
2024,2,1,170700
2025,2,1,173100
2023,2,1,181000
2024,0,1,57200
2024,2,1,170700
2025,0,1,64000
2024,0,0,25000
2024,1,1,97500
2024,1,1,124000
2025,1,0,69473
2025,2,1,113325
2024,2,1,125000
2024,3,0,100000
2024,2,1,106400
2024,1,1,87000
2024,2,0,140000
2024,1,1,76900
2024,0,1,141200
2024,1,0,250600
2025,2,1,154070
2024,2,1,260000
2024,2,1,209169
2025,1,1,122000
2025,2,1,109000
2025,3,1,160000
2025,1,1,119200
2024,1,1,123750
2025,2,1,154300
2025,1,1,35568
2023,2,1,191200
2023,2,1,138750
2025,2,1,130300
2023,2,1,150000
2024,1,0,70000
2024,0,1,92950
2025,1,1,234700
2024,0,1,148320
2025,2,1,249400
2024,0,0,71955
2024,1,1,167200
2024,2,0,117666
2023,1,1,105500
2025,2,0,48000
2024,2,1,240000
2025,0,1,81500
2024,1,1,67000
2024,2,1,76128
2024,1,1,101000
2024,0,1,110000
2024,2,0,92500
2024,2,1,290000
2025,1,0,63688
2024,1,1,200000
2025,2,1,193000
2025,2,1,100000
2024,2,1,75500
2024,0,1,187415
2024,1,1,62400
2025,1,1,120000
2024,2,1,134000
2023,2,1,186754
2024,1,1,152000
2020,1,0,70139
2025,2,1,136300
2024,2,1,208500
2025,1,1,174000
2024,1,0,46400
2023,1,1,97000
2024,2,1,124500
2024,2,1,111260
2024,2,1,236500
2025,1,1,66500
2023,2,1,87000
2024,1,1,65000
2025,2,1,174000
2025,2,1,350000
2024,2,1,94960
2025,1,1,118200
2024,2,1,245200
2025,2,1,118500
2025,1,1,220000
2024,2,0,187500
2023,0,1,105000
2024,1,1,187651
2024,0,1,160445
2024,1,1,128000
2024,2,1,141100
2024,2,1,158200
2023,1,0,95000
2024,2,1,232000
2024,2,1,170805
2024,3,1,150500
2024,0,0,24000
2024,2,1,220000
2025,0,1,152000
2024,1,1,84600
2024,2,1,328000
2025,2,1,80000
2024,2,0,77777
2024,1,1,128900
2024,2,1,155376
2024,1,0,74270
2025,1,1,172000
2025,0,1,40000
2024,2,1,198300
2025,1,0,95000
2025,2,1,214730
2025,2,1,216150
2025,0,1,139200
2024,2,1,176000
2025,1,0,57000
2024,0,1,58000
2022,1,0,48000
2024,2,1,96600
2025,2,1,290200
2025,2,1,110000
2024,0,1,180000
2025,1,1,241200
2025,2,1,227950
2024,1,1,350000
2025,1,1,118000
2025,2,1,228600
2025,2,1,307000
2023,2,1,180240
2024,2,0,118750
2024,2,1,201500
2025,2,1,85000
2025,2,1,273500
2024,2,0,132000
2024,0,1,63750
2024,2,1,180265
2024,1,1,52000
2025,1,1,100960
2024,1,0,50000
2025,2,1,106900
2025,2,1,153000
2024,2,0,210000
2025,2,1,105600
2025,1,0,100000
2025,2,1,175800
2024,2,1,125760
2024,0,1,198600
2025,2,0,85714
2024,1,1,153400
2025,1,1,142200
2024,2,1,246400
2025,2,0,67718
2024,2,1,238600
2024,2,0,83333
2025,1,1,125000
2025,2,1,246344
2025,2,1,265200
2024,2,1,87550
2025,1,1,86600
2024,1,1,200200
2024,2,1,138500
2024,0,1,120000
2024,2,1,269075
2022,2,0,61566
2025,2,1,109700
2025,2,1,124000
2025,2,1,130000
2023,2,1,113750
2024,2,1,218500
2024,1,1,143100
2024,1,0,60000
2024,2,1,158494
2023,2,1,75000
2024,1,1,104000
2025,2,1,77200
2024,2,1,261160
2024,1,0,280080
2024,2,1,257600
2024,0,0,107000
2025,1,0,36708
2025,1,1,134600
2025,2,1,130900
2024,2,1,234565
2025,2,1,135000
2024,2,1,151000
2025,2,1,560000
2024,1,1,92100
2025,2,1,99100
2025,2,1,228000
2025,1,1,166800
2025,2,1,187625
2024,2,1,204000
2024,1,0,181250
2024,0,1,76000
2024,2,1,208250
2024,1,1,137000
2024,2,1,215000
2024,1,1,166400
2025,2,1,128500
2025,1,1,178250
2023,1,1,197400
2024,2,1,280000
2024,2,0,143333
2022,2,1,180000
2024,2,1,95800
2024,2,1,261050
2024,1,1,118000
2022,2,0,125000
2023,1,1,92000
2024,1,1,111000
2025,2,0,79746
2024,2,1,113500
2025,2,1,105267
2024,2,1,82783
2024,2,1,350000
2024,3,1,132000
2025,2,1,182700
2024,2,1,200000
2025,1,1,76128
2022,1,0,55410
2022,1,0,43096
2024,0,1,80600
2024,2,1,195000
2024,1,1,111500
2024,2,1,176720
2025,1,1,117200
2024,0,1,133100
2024,1,1,167981
2025,2,1,52000
2024,2,1,163977
2025,1,1,66000
2024,1,1,119650
2024,3,1,368400
2024,2,1,136850
2023,2,1,128000
2025,1,1,146248
2022,0,1,77300
2024,0,1,89000
2025,0,1,45000
2024,0,0,83875
2025,2,0,106500
2025,1,1,259000
2025,1,1,127430
2023,2,1,180000
2025,2,1,153200
2024,2,1,163000
2024,2,1,359170
2024,1,1,79645
2024,2,1,304000
2024,2,0,40370
2024,2,1,115000
2024,2,0,160769
2023,1,1,245000
2025,2,1,81600
2024,2,1,278000
2025,2,1,236400
2025,1,1,105000
2024,0,1,105400
2024,2,1,150000
2025,2,1,238000
2024,2,1,130100
2024,1,1,174000
2024,1,1,195000
2025,2,1,191000
2023,1,1,138000
2025,0,1,89700
2024,2,1,93918
2024,2,1,125000
2024,2,1,92920
2025,2,1,343100
2024,2,1,128000
2024,1,1,168000
2023,2,1,173300
2024,1,1,200214
2025,1,1,60000
2025,2,1,155000
2024,2,1,260800
2024,2,1,138600
2024,2,1,148600
2024,1,0,94444
2024,3,1,191000
2025,2,0,167500
2024,1,1,82000
2024,3,1,70000
2025,2,0,73684
2024,1,1,60400
2024,2,1,151300
2025,2,1,121180
2024,2,1,189110
2025,2,1,124000
2025,2,1,114712
2025,2,1,220000
2024,1,1,94300
2025,2,0,106560
2024,1,1,176220
2025,1,1,89000
2025,1,1,139000
2024,2,1,80000
2024,1,1,150327
2023,2,1,179000
2025,2,0,119285
2025,1,1,100800
2023,2,1,300000
2024,1,1,256500
2024,1,0,43582
2025,1,0,156600
2025,0,1,60800
2024,1,1,158500
2025,1,0,88607
2024,1,1,250600
2023,2,1,169900
2023,0,1,43500
2024,1,1,144000
2024,1,0,39615
2024,2,0,52650
2024,2,0,165000
2025,1,1,223400
2024,0,1,59000
2025,2,1,219107
2025,1,1,113000
2024,2,1,200700
2025,0,0,45263
2024,3,1,270000
2025,2,1,416000
2024,2,1,118094
2023,0,0,42030
2023,1,1,197400
2025,1,1,150000
2025,2,1,315775
2025,1,1,60000
2025,1,1,146000
2023,1,1,144000
2024,2,1,158000
2024,1,1,188400
2023,1,1,144628
2024,1,1,166800
2024,0,1,92208
2025,2,1,378700
2024,2,1,129960
2025,2,1,384200
2024,2,1,343900
2023,3,1,194500
2025,1,1,120600
2025,0,1,85280
2025,2,1,142500
2024,2,1,115000
2024,2,1,130000
2025,2,1,147600
2024,2,1,103800
2023,0,1,52500
2025,3,1,267000
2025,2,1,133400
2025,2,0,135000
2024,1,1,88275
2025,2,0,113924
2024,2,1,134026
2025,2,1,229500
2025,2,0,57002
2024,1,0,56811
2025,3,1,144600
2024,2,1,100917
2024,0,1,144000
2024,1,1,116200
2024,1,1,94600
2025,0,0,26526
2025,2,1,200000
2024,2,1,148658
2025,1,1,129300
2024,2,0,56250
2024,1,1,102877
2025,0,1,86000
2024,1,1,57870
2025,2,1,187000
2025,1,1,300000
2025,2,1,135000
2024,2,1,202730
2024,2,1,294000
2024,2,1,104600
2024,2,1,294000
2025,1,0,79746
2024,2,1,333300
2024,1,1,154500
2024,2,1,95665
2024,1,1,360000
2025,2,1,165600
2024,1,1,135500
2025,1,1,220000
2024,1,1,146830
2025,2,1,113850
2024,2,1,126600
2024,2,1,88300
2024,2,0,96000
2024,2,1,262100
2025,1,0,125000
2024,1,1,75000
2024,2,1,158000
2024,0,1,100000
2025,2,1,129500
2024,2,1,140000
2023,2,0,172256
2025,2,1,167760
2025,1,1,179000
2024,2,1,109100
2025,1,1,82000
2023,1,1,130400
2024,1,0,47756
2025,1,1,60000
2025,2,1,138000
2024,2,1,136856
2024,1,1,129000
2022,1,1,150000
2022,2,1,116000
2024,2,1,131000
2024,2,1,364100
2023,2,1,205500
2024,2,0,210960
2025,0,1,69160
2025,0,1,111000
2024,2,0,92450
2021,0,0,29751
2024,2,0,140000
2025,2,1,149760
2024,1,0,147700
2024,2,1,223700
2024,1,0,178000
2023,2,1,120000
2024,2,1,155000
2025,1,1,146955
2025,0,1,117390
2025,1,1,69240
2025,2,1,118000
2025,2,1,46000
2024,2,1,167000
2024,2,0,87500
2025,2,1,100000
2024,2,1,78230
2024,1,1,136000
2025,2,1,160000
2025,1,1,95000
2025,1,1,92144
2025,3,1,70000
2025,2,1,377000
2024,2,1,132400
2024,2,1,179600
2023,1,1,142000
2024,2,1,106601
2024,1,1,85600
2024,2,1,118000
2024,1,1,123400
2024,1,1,148000
2024,2,0,124620
2024,0,1,98080
2024,2,1,145537
2024,2,1,96800
2025,2,1,140000
2025,2,1,250000
2024,2,1,145600
2023,0,0,30000
2024,2,1,353500
2024,0,1,72534
2023,2,1,70000
2024,0,1,81600
2025,2,1,252500
2024,2,1,124600
2024,0,1,82783
2025,2,1,215900
2024,2,0,105762
2025,1,1,61800
2024,1,1,265100
2022,2,1,110000
2024,2,1,183300
2024,3,0,348000
2023,2,1,210000
2024,2,1,223500
2024,2,1,181000
2025,2,1,600593
2024,2,0,87500
2024,1,1,380900
2023,2,1,52500
2025,1,1,69100
2025,0,1,113000
2024,1,1,87700
2024,1,1,103300
2024,2,1,201500
2022,0,0,24165
2025,2,1,95000
2024,2,1,145000
2025,1,1,170000
2025,2,1,102783
2025,1,1,135000
2024,1,1,259600
2025,1,1,264058
2024,2,1,250000
2024,2,1,233958
2023,2,0,110000
2024,2,1,116500
2024,2,1,179000
2024,1,1,146000
2024,2,1,147000
2024,1,1,91000
2024,2,1,194180
2024,2,1,252000
2024,1,1,160524
2025,0,1,135000
2024,2,0,171210
2025,1,0,66562
2024,1,1,68405
2024,0,0,117647
2024,1,0,24000
2024,2,1,144500
2024,1,1,560000
2024,1,1,80000
2025,1,1,224200
2025,2,1,180000
2025,1,0,91200
2024,1,1,109100
2022,0,0,41809
2025,0,1,128377
2025,2,1,212630
2025,1,0,126582
2024,2,1,196000
2023,2,1,132500
2024,0,1,162240
2025,2,1,146800
2024,1,1,108000
2025,2,1,169000
2025,2,1,144840
2023,2,1,98010
2025,2,1,158600
2025,0,0,102000
2024,1,1,138000
2023,2,1,110700
2025,2,1,126000
2024,0,0,52500
2025,1,1,129800
2025,2,1,120750
2025,2,0,75949
2024,2,1,136800
2024,2,1,207200
2024,2,1,184000
2025,2,1,136500
2024,2,1,118450
2024,2,1,126400
2024,1,1,115498
2025,0,1,44000
2024,0,1,101098
2025,2,1,142375
2024,1,1,148000
2022,2,1,186000
2024,1,1,48000
2025,1,1,200436
2024,1,1,210662
2024,2,1,120000
2025,2,1,239000
2024,2,0,66666
2025,0,1,146520
2024,1,1,264200
2024,1,0,110500
2024,1,1,60900
2025,0,1,175300
2025,1,1,333000
2024,1,1,251600
2024,1,1,135000
2025,2,1,197500
2024,1,1,99500
2025,2,1,181400
2023,2,1,139000
2025,1,0,159600
2024,2,1,340000
2024,1,1,78200
2025,2,1,279900
2024,2,1,190000
2025,1,1,164497
2024,1,1,166698
2025,2,1,102000
2025,2,1,129472
2024,2,1,152152
2025,2,1,85000
2024,1,1,251000
2023,2,0,129192
2024,2,1,123800
2025,3,1,284687
2025,1,1,79000
2024,2,1,234637
2024,1,1,110400
2025,3,1,110136
2023,2,1,157000
2025,1,1,120000
2024,1,1,95825
2023,2,1,128500
2025,2,1,232026
2023,2,0,210000
2024,2,1,190000
2024,3,1,153000
2024,0,1,103800
2025,1,0,100000
2025,1,1,107770
2024,2,1,97000
2024,1,1,96600
2025,2,0,189873
2024,1,1,64000
2025,2,0,105263
2022,3,1,200000
2025,2,1,202000
2024,1,1,176760
2024,0,0,80000
2023,2,1,143000
2025,1,1,154960
2022,1,1,157000
2023,1,1,250000
2025,2,1,203000
2025,1,1,375000
2025,2,1,170760
2024,2,0,75000
2025,1,1,110000
2023,2,0,216600
2024,0,1,109262
2025,1,1,136000
2025,0,0,67775
2024,1,1,150000
2024,2,0,170000
2024,2,1,189000
2024,2,1,217500
2022,2,1,66000
2025,1,1,94720
2024,0,1,70700
2024,2,1,187040
2024,1,1,90300
2024,1,1,250000
2025,1,1,118414
2024,1,0,106336
2024,2,1,107120
2024,1,0,79318
2025,3,1,125000
2025,1,1,73900
2024,2,0,219236
2023,0,0,49216
2025,2,1,88600
2025,2,1,75504
2025,0,1,73100
2024,1,1,170200
2024,1,1,154825
2024,2,0,104000
2025,1,1,137800
2024,1,0,119800
2024,2,1,270000
2024,1,1,71500
2024,2,1,125700
2025,1,1,162240
2025,2,1,197100
2025,2,1,155700
2022,1,0,65141
2024,1,1,89600
2024,2,1,151900
2025,2,1,126160
2024,2,1,79280
2022,2,1,154000
2024,2,0,115000
2024,1,1,96400
2024,2,1,246300
2024,2,1,191027
2025,1,1,85150
2024,2,1,239000
2025,2,1,119800
2025,2,0,120000
2024,2,1,143200
2024,2,1,123280
2025,2,1,155300
2024,1,1,405000
2023,2,1,117000
2024,2,1,142800
2024,1,1,153500
2023,3,1,210000
2024,1,1,180000
2025,2,0,223000
2024,1,0,87500
2024,2,1,162800
2024,1,1,157500
2024,2,1,156000
2025,2,1,291000
2025,2,1,352000
2023,2,1,220000
2024,2,1,151000
2024,1,1,161250
2024,2,1,250000
2024,1,1,84200
2025,2,1,200000
2025,1,1,130000
2024,0,0,153615
2024,1,1,99750
2024,2,1,165000
2024,2,0,184796
2024,2,0,104125
2024,2,1,175800
2024,1,1,135000
2025,2,1,207000
2024,0,1,160000
2025,2,1,175000
2024,2,1,211300
2024,1,1,126400
2024,0,1,73800
2024,0,1,60300
2025,1,1,105500
2025,2,1,189000
2023,2,1,113000
2024,1,1,70000
2024,2,1,149800
2025,1,1,180000
2025,2,1,128800
2024,1,1,135000
2022,3,1,324000
2024,2,1,176900
2025,2,1,93750
2025,2,1,96700
2024,2,1,105400
2024,2,1,48500
2025,1,1,176924
2025,2,1,148000
2024,1,1,93060
2024,3,1,220000
2023,0,1,190000
2024,1,1,259000
2024,0,1,76000
2024,0,1,110000
2024,0,1,116500
2025,2,1,218700
2024,2,0,209557
2025,2,1,124700
2024,3,1,400000
2025,2,1,135400
2025,2,1,75300
2024,2,1,133200
2025,2,1,194500
2024,1,1,148000
2024,2,1,112302
2024,2,1,339250
2024,2,1,110004
2024,2,1,95000
2025,0,1,162240
2024,2,1,242000
2024,0,0,87500
2024,2,1,258100
2024,2,1,128800
2024,2,0,79666
2024,2,1,90654
2024,2,1,206250
2024,2,0,180000
2024,2,1,285000
2024,1,1,86330
2024,1,1,326800
2025,2,1,232200
2024,2,1,187370
2024,2,1,268900
2024,2,1,359400
2025,2,1,210000
2025,2,1,57107
2025,2,1,160000
2023,2,1,122000
2025,2,1,212000
2024,2,1,133700
2025,2,1,190700
2023,3,1,239000
2025,3,1,372000
2025,1,1,96700
2025,0,1,150000
2023,2,1,183500
2024,2,1,96800
2024,1,1,145000
2024,2,1,166500
2025,1,0,29317
2025,1,0,159600
2025,1,1,147400
2024,0,1,162630
2023,2,1,159000
2025,2,1,199000
2025,2,1,112500
2025,2,1,76128
2025,2,1,113840
2024,2,1,83000
2025,2,1,145900
2024,2,1,243600
2025,1,1,120000
2025,2,1,247280
2025,2,0,296000
2025,2,1,126000
2024,2,1,186000
2023,2,1,51962
2024,1,1,360000
2024,2,1,250000
2025,2,1,94057
2024,1,1,138900
2023,2,1,95000
2024,2,1,132000
2024,2,0,100000
2023,2,1,85000
2024,2,1,123900
2021,2,1,174000
2025,2,1,212000
2024,2,1,135000
2024,2,0,116666
2025,2,1,226400
2024,0,1,51000
2024,2,1,293000
2024,0,1,154500
2023,2,1,370000
2025,2,1,138715
2024,2,1,145300
2025,1,1,120900
2024,1,1,151000
2024,0,0,30375
2024,1,1,128000
2023,1,0,36000
2024,1,1,214200
2024,2,1,267800
2024,0,0,48019
2024,2,1,135482
2025,1,1,320000
2024,2,1,416000
2025,2,1,167500
2024,2,1,229500
2023,1,1,190000
2022,2,1,144100
2024,2,1,197000
2024,1,1,111000
2024,1,1,160520
2024,2,1,148835
2024,1,1,240000
2025,0,1,52000
2023,2,1,106400
2024,3,1,170000
2024,1,1,160000
2022,1,1,155000
2025,1,1,132000
2024,1,1,123958
2024,2,1,110500
2024,2,1,253500
2024,2,1,170000
2024,0,1,64900
2024,1,1,138000
2024,2,1,216400
2024,1,1,136000
2024,0,1,70000
2023,0,1,250000
2025,2,1,144400
2024,1,1,105000
2024,1,1,164850
2024,1,1,72700
2024,2,1,175000
2024,0,1,118500
2025,2,1,175800
2024,2,1,100000
2025,2,1,91000
2024,1,0,130769
2023,1,1,73500
2024,2,0,222300
2024,0,1,109100
2024,2,1,201000
2024,2,1,287500
2025,1,1,49997
2024,2,1,58313
2025,3,1,171000
2025,0,1,73200
2024,2,1,200000
2022,1,1,206000
2021,1,0,40189
2025,0,1,98000
2024,0,1,341734
2024,2,1,750000
2024,2,0,57000
2025,0,1,195000
2024,1,0,312000
2024,2,1,129100
2025,0,1,71750
2024,2,1,118765
2025,2,1,234300
2025,1,1,269000
2024,1,1,96400
2023,2,1,112655
2024,2,1,204930
2024,2,1,149800
2025,1,1,86320
2024,2,1,227900
2025,2,0,67857
2024,2,1,146800
2025,1,1,117200
2025,2,1,142500
2025,1,1,45360
2024,2,1,190000
2025,0,1,145200
2024,1,1,125000
2023,0,0,20673
2022,2,0,192400
2024,0,1,45851
2024,2,1,202900
2024,2,1,178000
2025,1,1,195319
2025,2,1,253200
2024,3,1,346800
2025,2,1,101000
2025,2,1,178900
2024,1,0,38651
2025,1,0,75600
2025,1,1,122000
2025,2,1,175100
2025,2,1,200000
2024,1,1,135111
2024,2,1,167500
2024,2,1,177688
2023,1,1,220000
2025,1,0,132800
2023,0,0,55125
2024,1,0,165384
2025,1,1,230000
2024,2,1,118450
2023,2,1,234700
2024,1,1,90490
2025,1,0,59473
2025,1,1,100000
2024,1,1,130000
2024,2,1,106500
2025,2,1,225300
2024,1,0,200000
2024,1,1,75400
2024,2,1,237500
2023,2,1,180300
2025,1,1,80000
2024,2,1,152000
2023,0,0,41833
2025,2,1,109800
2025,2,1,110424
2025,1,1,257000
2024,0,0,40000
2025,2,0,187500
2025,2,0,67215
2024,2,1,138000
2024,1,1,212109
2024,2,0,105000
2024,2,1,156000
2024,2,1,75000
2024,2,1,82940
2025,3,1,264977
2024,0,1,82500
2024,1,1,90480
2024,2,1,385000
2024,0,0,49000
2024,1,1,76000
2025,0,0,17684
2024,2,0,157634
2024,1,1,206350
2024,2,1,217100
2024,2,1,70000
2023,2,1,213120
2025,1,1,224500
2025,2,1,195750
2024,2,1,171900
2025,2,1,207965
2024,2,1,295000
2024,1,1,179551
2025,1,1,61046
2024,1,1,42905
2024,1,1,100000
2024,0,0,50000
2024,1,0,56250
2024,0,1,72100
2025,2,1,215000
2025,3,1,236800
2024,2,1,96200
2024,2,1,201500
2025,2,1,148750
2024,1,0,102927
2024,2,1,132400
2024,2,1,113664
2025,2,1,281000
2024,1,1,195000
2025,2,1,204300
2024,2,1,232200
2024,2,1,116334
2025,2,1,170000
2024,2,1,250000
2025,2,1,198000
2025,1,1,235000
2024,1,1,139360
2024,1,1,139360
2025,2,0,129746
2025,1,1,163410
2024,0,1,70000
2023,2,1,122000
2024,2,1,140000
2025,1,1,154810
2024,3,1,144000
2024,0,0,75000
2025,2,1,362400
2025,2,1,168400
2025,2,1,182000
2020,2,1,164000
2025,2,1,264500
2024,3,1,255000
2025,1,1,129000
2024,2,1,99200
2024,1,1,262822
2025,1,1,137100
2024,0,1,44850
2023,1,1,136000
2024,1,1,215000
2024,1,1,79800
2024,3,1,80000
2025,1,1,210375
2023,3,0,246080
2024,2,0,35000
2024,2,1,95000
2024,2,1,385250
2025,2,1,283600
2025,1,1,153800
2024,2,0,112280
2024,2,1,88670
2024,2,1,143000
2025,2,1,199000
2025,0,1,80256
2025,1,1,175000
2025,2,1,124000
2024,2,1,151000
2024,2,0,106250
2022,0,0,40000
2024,2,1,229000
2024,1,1,86000
2024,2,1,141440
2025,2,0,97070
2022,2,1,150000
2024,1,1,170200
2025,2,1,115000
2025,2,1,184800
2025,2,1,200000
2025,1,1,223600
2025,1,0,569620
2025,2,1,260000
2025,1,1,128300
2024,0,1,137000
2024,1,1,192000
2024,2,1,96600
2023,2,1,147100
2024,0,1,116000
2025,2,1,126300
2025,1,1,222300
2024,2,0,85700
2024,2,1,225000
2023,2,1,142000
2025,2,1,211180
2025,2,1,190570
2024,1,1,99900
2023,1,0,67672
2024,0,1,98155
2024,2,1,207000
2023,2,1,90400
2024,2,1,110000
2024,2,1,199800
2024,1,0,137000
2024,2,0,121952
2024,0,1,123000
2024,2,1,133800
2024,1,1,112300
2024,1,1,181280
2025,1,1,210000
2025,2,1,148909
2025,2,0,94982
2024,2,0,66250
2025,2,1,110000
2025,3,1,145000
2025,2,1,231000
2025,2,1,286000
2023,2,1,192500
2025,1,1,69000
2025,2,1,239900
2025,2,1,69200
2024,2,1,137500
2024,0,1,63150
2025,1,1,230000
2023,3,1,200000
2024,2,1,234200
2025,2,0,65000
2024,1,1,87500
2024,2,1,240000
2025,2,1,175800
2025,1,1,64800
2023,0,1,100000
2024,1,0,241000
2024,0,1,81900
2025,1,1,81600
2024,2,1,91686
2024,0,1,180000
2025,2,1,109000
2025,2,1,140000
2024,2,1,231800
2025,1,1,140000
2024,0,1,180000
2025,1,1,113880
2025,1,1,260000
2024,2,1,98155
2024,1,0,75555
2024,2,1,106200
2022,1,0,75648
2023,0,1,119200
2023,2,1,190400
2025,2,1,219648
2025,2,1,195500
2024,2,1,171814
2024,2,1,202730
2024,2,1,162041
2024,1,0,50308
2025,2,1,68700
2024,0,1,77216
2025,2,1,125882
2024,1,1,200000
2025,2,1,257500
2024,2,1,175000
2025,1,1,246344
2024,0,1,35776
2024,0,1,196025
2025,2,1,180000
2025,1,1,112200
2024,2,0,66734
2025,1,0,36842
2024,1,1,140899
2025,1,1,98300
2025,2,0,43452
2024,2,0,50000
2024,2,0,50000
2024,0,1,237500
2025,3,1,350000
2025,2,1,113100
2025,1,1,140000
2025,2,1,203900
2025,2,1,145000
2022,0,1,180000
2025,2,1,263600
2024,1,1,100000
2025,2,0,57210
2023,3,1,330000
2024,1,1,244000
2024,2,1,96059
2023,1,0,104584
2025,2,1,190000
2025,3,0,250000
2025,0,1,185200
2022,2,1,184100
2025,2,1,178000
2024,2,0,124800
2024,1,1,175000
2024,1,1,209720
2024,0,1,173301
2025,1,1,184700
2025,2,1,115824
2025,1,1,123000
2022,2,1,181940
2024,2,1,192000
2025,0,1,62400
2024,2,0,220000
2024,1,1,320000
2023,2,1,116500
2024,2,1,98400
2025,2,1,166000
2024,1,1,130000
2024,1,0,150000
2025,2,0,94220
2024,1,0,61666
2023,1,1,177000
2025,2,0,174980
2024,1,0,81600
2024,2,1,139300
2025,2,0,59122
2024,2,1,200000
2024,0,1,81500
2023,2,1,151840
2024,1,0,44266
2023,1,1,107000
2024,2,1,171000
2024,2,1,158900
2025,2,1,108000
2024,2,1,77000
2024,2,1,175000
2024,2,1,206000
2025,2,1,92000
2023,2,1,109283
2024,2,1,88907
2025,2,1,72000
2022,2,1,205300
2024,1,0,62500
2024,2,1,146000
2023,1,1,62500
2024,0,1,124000
2022,2,1,104890
2024,2,0,242000
2025,0,0,43037
2025,2,1,149500
2024,2,1,211000
2024,1,1,143000
2025,2,0,107408
2025,1,1,312200
2025,2,1,233500
2025,0,0,129851
2025,3,1,297900
2023,2,0,60000
2024,2,1,254100
2025,2,1,91520
2025,0,1,170000
2024,2,1,104800
2025,1,1,151000
2024,3,1,231540
2025,2,1,68640
2021,2,1,174000
2024,2,1,44900
2024,2,1,240240
2024,0,1,69500
2024,1,1,225000
2025,1,1,91800
2024,2,1,78000
2024,2,1,77000
2025,1,1,92583
2024,1,1,170300
2025,2,0,240000
2024,2,1,237600
2025,1,1,280000
2022,1,0,18314
2024,2,1,84720
2025,0,1,136000
2024,1,1,199000
2024,0,1,97000
2024,3,1,323000
2024,1,0,50666
2025,2,1,245900
2025,2,1,84500
2023,2,1,180000
2024,2,1,248980
2025,2,1,141960
2023,1,0,98432
2024,0,0,125000
2025,2,1,275600
2024,1,1,216000
2024,2,1,171455
2025,1,1,144500
2025,2,0,145000
2024,2,1,171968
2023,1,1,183200
2024,2,1,247200
2025,2,1,104650
2024,2,1,209800
2023,2,1,385000
2024,2,1,287470
2024,2,1,256500
2025,1,1,96600
2022,1,1,113000
2024,3,1,378000
2025,2,1,79380
2024,2,0,155000
2025,2,0,88607
2024,2,1,323400
2025,2,1,81000
2025,1,1,281000
2024,1,1,205000
2024,1,0,250000
2025,2,1,254700
2024,1,1,250200
2024,1,1,91200
2024,1,1,530000
2025,1,1,90480
2025,2,1,188760
2024,2,1,136000
2024,1,1,117394
2025,2,1,116750
2024,3,1,175000
2025,1,1,68000
2022,2,1,130000
2025,2,1,129639
2024,2,1,158200
2025,2,1,222480
2024,0,1,53100
2024,2,1,152000
2024,2,1,96600
2025,1,1,133000
2024,2,0,173600
2024,2,1,124600
2024,1,1,92999
2024,2,1,172700
2024,2,1,116640
2024,0,1,192500
2025,1,0,264100
2025,2,1,150000
2025,1,1,172000
2025,2,0,73684
2024,1,0,75000
2025,2,0,75949
2024,1,1,206000
2024,2,1,112723
2022,1,0,116976
2024,2,1,104981
2024,2,1,80000
2024,2,1,219100
2025,2,1,145600
2024,0,1,66300
2024,2,0,105300
2024,2,0,161538
2025,2,1,263000
2025,2,0,157200
2023,0,1,75065
2025,1,1,135000
2024,1,1,264200
2024,0,0,93000
2025,2,1,78700
2024,0,1,231000
2024,1,1,92000
2024,0,1,50000
2025,2,1,103600
2023,2,1,285000
2025,0,1,168090
2024,2,1,168715
2024,1,1,209720
2024,2,1,182500
2024,2,1,100800
2024,2,1,135100
2025,1,1,160680
2024,2,1,173700
2025,0,1,177688
2024,1,1,196500
2023,1,1,110000
2024,1,0,151875
2023,2,1,258700
2024,1,1,70000
2025,2,1,96960
2023,2,0,119213
2024,2,1,207900
2025,0,1,177880
2025,1,1,170863
2025,2,1,144200
2023,2,1,266875
2024,1,1,143376
2025,0,1,85300
2025,2,1,255200
2025,2,1,122850
2024,1,1,189000
2024,0,1,70000
2024,2,1,125500
2024,2,1,324000
2024,2,1,170300
2023,1,1,90000
2025,0,1,175605
2024,0,1,40000
2024,2,0,62480
2024,2,1,150895
2024,1,1,36000
2025,2,1,165000
2025,2,1,118414
2025,2,1,237150
2024,1,1,175000
2025,1,0,60948
2024,2,1,106590
2024,1,1,239000
2024,1,1,117200
2025,0,1,35776
2024,2,1,105800
2024,2,1,139000
2025,0,1,140000
2024,2,1,123765
2024,2,0,84615
2024,2,1,105600
2021,2,0,152000
2024,2,1,240000
2024,1,1,130900
2024,1,1,50000
2025,2,1,185000
2024,2,1,283850
2024,2,1,103000
2025,1,1,77000
2024,1,1,120000
2023,2,1,276000
2024,1,1,247800
2023,1,1,90000
2023,1,1,143000
2024,1,1,290180
2025,1,1,133000
2024,1,1,199500
2024,0,1,92800
2025,2,1,161200
2024,2,1,142320
2024,2,1,530000
2023,2,1,74178
2024,2,1,259600
2023,1,0,123040
2024,2,1,194750
2024,2,0,77777
2022,1,1,112000
2025,1,1,132195
2025,0,1,110000
2024,2,1,134800
2025,1,1,108000
2025,2,1,118450
2024,1,1,148000
2025,3,1,218860
2024,2,0,165384
2025,1,1,158620
2024,1,1,250600
2025,1,0,156000
2025,0,0,63008
2024,1,0,112557
2024,2,1,200000
2025,3,1,125900
2025,2,1,168000
2025,1,1,90000
2024,2,0,110100
2024,2,1,277700
2024,2,1,260600
2024,2,1,303050
2022,2,1,130000
2023,2,1,105320
2024,0,0,84709
2024,0,1,187415
2024,1,1,115000
2024,1,1,281700
2024,3,1,205000
2025,1,1,123000
2025,2,0,42000
2024,0,1,50440
2025,2,0,94220
2022,2,1,145000
2024,2,1,247200
2023,2,0,277300
2024,2,1,179431
2024,0,1,80000
2024,1,0,66666
2023,1,0,74883
2024,1,1,143000
2024,0,1,40000
2024,1,0,69000
2024,2,1,168000
2024,2,1,95000
2025,2,1,130295
2024,2,1,145620
2024,2,0,114444
2023,2,1,182500
2025,1,1,115000
2024,1,1,105600
2024,2,1,25000
2024,1,1,109400
2024,0,1,83300
2022,0,0,50000
2024,1,1,69600
2024,2,1,195400
2024,2,1,175300
2024,1,1,102300
2025,2,1,138200
2023,2,1,295000
2024,1,1,152000
2024,0,1,120000
2025,3,1,222000
2024,1,1,128250
2025,2,0,83115
2023,2,1,185900
2024,3,1,179200
2023,2,1,188000
2024,2,1,180000
2024,2,1,237000
2025,2,1,111800
2025,2,1,122256
2024,2,1,241000
2024,2,1,70800
2025,1,1,85000
2024,2,1,205700
2025,2,1,145000
2024,2,1,75600
2025,0,1,179875
2024,2,1,141440
2025,2,1,227000
2025,2,0,38096
2025,2,1,76100
2024,2,1,150000
2024,1,1,149000
2025,1,0,47348
2025,2,1,141400
2025,2,1,118150
2025,0,1,102600
2024,2,1,57000
2024,2,1,169000
2025,1,1,44000
2024,2,1,170760
2025,1,0,55789
2022,2,1,250000
2024,2,1,115700
2024,2,0,175000
2024,1,1,117750
2024,1,0,224000
2024,2,1,199300
2024,2,1,238625
2024,1,1,82000
2024,0,1,167000
2025,0,1,152000
2025,2,1,126000
2023,2,0,189400
2024,2,1,79400
2025,0,1,43700
2025,2,1,130000
2024,1,0,200000
2025,2,1,209900
2025,1,1,210000
2024,0,1,45900
2023,2,1,98000
2025,2,1,75000
2023,2,1,193000
2025,3,1,250000
2025,1,1,90000
2025,2,0,63291
2024,0,1,96800
2024,0,0,50000
2024,2,1,114000
2024,0,1,192100
2024,2,1,223285
2025,1,1,143000
2024,2,1,254000
2025,1,1,215000
2024,1,1,166600
2025,1,1,126360
2024,1,1,260000
2024,2,1,234000
2024,2,1,183552
2024,1,1,161700
2025,2,1,123625
2024,1,1,158400
2023,1,1,230000
2023,2,1,149500
2024,0,1,71384
2025,2,1,90000
2025,2,1,240000
2024,2,1,146100
2024,2,1,220500
2025,1,0,50600
2024,2,1,234000
2025,2,1,205000
2024,2,0,108643
2025,1,1,165600
2024,2,1,144200
2024,1,1,108100
2025,2,1,145000
2024,2,1,241000
2024,3,1,342000
2025,2,1,296300
2024,2,1,130000
2024,0,0,35000
2025,2,1,170000
2025,2,1,230000
2024,2,1,154700
2024,2,1,125000
2024,1,1,189800
2024,2,0,269000
2025,2,1,178890
2022,2,1,179500
2024,1,1,147500
2025,0,1,214000
2025,0,1,112000
2025,1,0,59115
2024,0,1,211500
2025,2,1,85000
2025,2,1,222000
2024,2,1,74118
2024,1,1,68300
2024,1,1,91548
2025,1,1,200000
2024,1,1,130800
2025,2,1,120900
2025,1,1,144000
2024,2,1,130000
2025,2,1,92700
2024,2,0,90000
2025,1,1,178999
2024,1,1,425000
2025,2,1,180000
2025,2,1,78897
2024,2,1,125029
2025,2,1,67000
2024,2,1,89180
2024,2,1,268000
2024,2,1,159000
2024,1,1,142100
2024,1,1,170000
2025,1,0,45417
2025,1,0,49500
2024,3,1,367000
2025,2,1,137972
2024,1,1,198000
2024,2,1,325000
2025,1,1,108000
2025,2,1,328500
2025,2,1,89000
2024,2,1,182000
2025,2,1,140700
2022,2,1,132100
2024,2,1,208900
2024,0,1,98450
2024,0,1,51600
2025,0,1,63520
2023,1,1,132000
2025,2,1,193400
2024,1,1,198000
2024,2,1,312867
2023,2,1,109000
2024,2,1,147000
2025,2,1,379500
2025,2,1,247600
2024,2,1,345000
2025,1,1,168000
2025,2,1,245000
2024,1,1,175000
2022,2,1,155000
2025,1,1,135000
2024,0,1,260000
2025,2,1,276000
2022,3,0,125976
2025,2,1,188000
2024,2,1,87900
2024,1,1,232000
2025,2,0,84210
2024,2,1,96750
2025,1,1,170000
2024,1,1,135000
2024,0,1,55000
2024,2,0,190000
2024,2,1,134500
2024,2,1,89700
2024,1,1,107957
2024,1,1,86000
2025,2,1,184000
2025,1,1,144000
2024,0,1,70000
2025,3,1,172964
2025,2,1,231000
2025,1,0,80000
2024,2,1,238448
2025,0,0,75949
2024,2,0,110518
2024,3,1,176800
2024,1,0,67661
2025,0,1,97000
2024,1,1,208800
2025,2,1,120100
2025,1,1,90000
2024,1,1,94400
2025,2,1,100000
2024,1,1,278000
2024,2,1,148500
2024,1,1,189600
2023,1,1,180000
2025,1,0,101265
2025,2,1,150000
2025,0,1,62000
2024,2,1,135200
2023,2,0,275000
2025,2,1,147000
2024,1,1,121900
2024,2,1,170112
2025,2,1,124000
2024,0,1,157200
2024,2,1,190000
2024,2,1,88700
2025,0,1,69900
2024,2,1,238600
2024,2,0,107000
2025,0,1,170300
2024,2,1,160000
2025,2,1,159654
2023,2,1,83900
2022,2,1,205000
2024,1,1,63617
2025,2,1,341940
2025,2,1,176000
2024,2,1,245400
2024,1,1,185600
2025,2,1,225000
2024,0,1,95000
2024,2,0,260000
2024,3,1,152311
2024,2,1,156975
2025,2,1,200700
2024,0,1,104000
2024,2,1,113600
2024,2,1,160400
2025,2,1,120100
2024,2,1,86220
2025,1,1,89000
2025,2,1,121680
2025,1,0,60600
2025,1,1,90000
2025,2,0,60631
2022,2,1,120000
2023,2,0,77737
2024,1,1,112500
2024,1,0,95000
2025,2,0,102442
2024,2,1,199000
2023,1,1,87500
2024,1,1,82600
2025,2,1,198800
2023,2,1,194000
2024,1,1,300200
2024,1,1,204000
2025,1,1,75500
2025,2,1,182000
2024,1,1,195540
2025,1,1,66700
2024,2,1,321000
2024,1,1,130000
2024,2,1,97100
2025,2,1,115000
2024,2,1,154800
2024,1,1,137600
2024,1,1,174100
2024,2,1,173500
2024,2,1,263500
2024,0,1,97525
2025,2,1,440000
2024,0,0,80000
2025,1,1,193400
2025,1,1,69200
2025,2,0,115000
2024,2,1,123810
2024,2,1,95797
2025,0,1,61580
2024,1,1,115920
2024,1,1,160000
2025,0,1,56600
2025,2,1,126100
2024,2,1,191983
2025,0,1,250000
2025,2,0,113924
2024,2,1,172080
2025,2,1,205340
2024,1,1,158600
2024,0,1,170186
2023,1,0,146100
2025,1,1,160000
2025,2,0,90000
2024,2,1,110400
2024,1,1,174500
2024,2,1,246000
2024,2,1,82783
2025,2,1,186000
2024,2,1,101970
2024,1,1,233840
2025,2,1,132918
2023,2,1,235400
2024,0,1,73756
2024,1,1,140000
2025,0,0,29473
2025,2,1,186400
2024,0,0,66066
2025,3,1,133500
2025,1,1,75000
2025,2,1,328000
2025,2,1,165600
2025,2,1,69620
2023,1,1,242000
2025,1,1,170023
2024,2,1,142000
2024,2,1,161700
2024,1,1,55530
2024,2,1,141300
2024,0,0,57100
2024,2,1,69535
2024,1,1,179075
2025,1,1,109951
2023,1,1,52100
2024,2,1,178000
2024,2,1,331066
2025,2,1,145000
2025,1,1,74476
2025,2,1,147000
2024,2,1,151500
2024,2,1,148725
2024,1,1,414000
2024,2,0,110760
2024,1,1,130000
2025,1,1,99700
2023,2,0,75038
2024,2,1,200000
2025,2,1,93288
2024,2,1,120100
2024,1,1,25000
2024,2,0,140000
2025,1,0,63157
2024,1,1,154020
2025,1,1,190700
2024,0,0,110479
2024,1,1,180000
2024,2,1,290000
2024,2,0,243000
2024,1,1,220000
2023,2,1,119500
2023,2,1,115100
2024,2,1,105500
2024,2,1,139400
2025,1,1,116000
2023,1,1,70000
2024,1,1,108000
2024,2,0,65555
2024,0,1,140000
2024,1,1,79600
2025,1,1,225000
2024,2,1,300200
2024,0,1,170000
2025,1,1,150000
2024,1,1,80000
2025,2,1,96040
2025,2,1,158700
2025,1,1,64200
2025,2,1,187065
2024,1,1,85900
2024,1,1,92500
2024,1,0,62500
2025,2,1,177000
2025,2,0,29797
2023,2,1,183500
2024,1,1,120000
2024,2,0,84000
2024,2,1,342000
2024,1,1,86600
2024,1,1,179000
2025,2,0,135482
2024,2,1,207000
2025,2,0,30000
2024,0,1,85000
2025,2,1,175000
2025,2,1,250000
2024,2,0,56250
2024,0,1,106590
2024,1,1,106000
2024,1,1,81500
2023,1,0,86128
2024,2,1,154835
2024,2,1,199408
2023,2,1,272000
2025,2,1,286600
2025,2,1,120000
2024,2,1,125000
2024,1,1,190500
2024,1,1,126000
2025,1,1,200000
2024,2,1,105000
2024,0,1,132000
2024,1,1,90000
2024,2,1,126000
2025,2,1,70715
2025,2,1,212200
2025,2,1,219000
2025,2,1,116300
2024,2,1,209600
2025,0,0,94300
2024,1,1,237500
2025,1,1,255000
2024,0,1,142500
2024,2,1,225000
2021,0,0,28399
2024,1,1,136300
2025,0,1,120000
2024,1,1,188400
2024,2,1,295000
2024,2,0,144540
2025,1,1,280000
2024,0,1,39600
2023,1,1,185000
2024,0,0,42866
2025,2,1,280500
2024,2,1,119850
2025,2,1,67400
2025,1,0,125000
2025,2,1,223000
2025,1,1,164500
2024,2,1,198600
2024,1,1,211536
2025,2,0,58736
2024,0,1,43638
2025,2,1,235000
2024,2,1,185100
2025,2,0,259200
2025,1,0,30315
2024,2,1,99500
2024,1,1,272400
2024,2,1,180000
2024,2,1,139371
2024,2,1,120000
2024,2,1,197829
2025,1,1,137857
2023,3,0,98432
2024,1,1,136620
2025,0,0,31250
2024,1,1,154360
2023,3,1,375500
2024,2,1,197000
2025,1,1,202400
2025,2,1,240000
2024,1,1,80000
2024,0,0,59093
2024,2,1,212124
2025,3,1,110000
2024,2,1,118000
2024,1,1,190000
2024,2,1,184300
2025,3,1,190000
2024,2,1,210000
2025,2,1,198000
2024,2,1,134000
2024,1,1,119200
2024,1,1,130000
2024,2,1,178610
2025,2,1,137025
2024,1,1,163696
2024,2,0,93300
2024,2,1,109000
2024,2,1,288000
2025,2,1,189000
2023,2,1,210000
2024,2,0,137000
2024,1,0,280000
2024,1,1,139000
2024,1,1,94000
2025,0,0,21221
2024,1,1,137900
2025,1,1,176800
2025,3,1,199700
2025,1,0,82278
2022,2,1,135000
2024,2,0,128076
2024,2,1,140000
2024,0,1,60800
2024,3,1,292000
2025,1,1,124880
2024,2,1,176160
2024,0,1,93500
2024,1,1,206000
2024,1,1,200000
2024,1,1,168000
2025,0,1,64350
2025,2,1,150000
2023,1,1,52500
2025,2,1,167812
2025,2,1,224000
2024,2,1,163400
2023,2,1,153550
2025,2,1,179428
2025,0,1,78700
2025,1,1,100000
2025,2,1,197800
2024,2,1,105800
2025,1,0,65400
2025,1,0,62025
2025,2,0,89285
2024,2,1,240000
2025,1,1,69300
2025,2,1,85000
2024,1,0,92160
2025,2,1,235700
2024,0,1,137000
2025,2,1,272700
2024,1,0,180000
2024,2,0,197254
2024,2,1,156000
2025,3,1,125000
2024,1,1,110000
2023,2,1,185000
2024,2,1,155100
2023,2,1,170112
2025,1,1,245000
2024,1,1,321000
2025,2,1,238160
2024,2,1,123200
2023,1,1,162170
2024,2,1,223000
2024,2,1,105000
2025,1,1,66380
2024,2,1,82783
2025,1,1,64974
2024,0,0,90800
2024,2,1,149000
2024,2,1,147200
2025,2,1,98000
2025,2,1,116700
2025,2,1,226408
2024,1,0,224000
2024,1,1,176355
2025,1,1,157043
2025,2,1,201600
2024,2,1,162866
2025,2,1,85150
2025,2,1,157000
2025,1,1,90000
2025,0,1,62393
2024,1,1,126500
2024,1,1,185000
2025,1,1,247505
2023,2,1,134500
2024,2,1,130500
2025,2,1,88000
2025,1,1,161884
2025,1,1,84000
2025,3,1,96960
2024,2,1,253430
2025,1,0,57764
2025,2,0,114000
2024,2,1,89280
2025,2,1,162500
2025,2,1,143387
2024,2,1,170000
2024,3,1,438000
2024,2,1,245000
2025,3,1,135000
2025,2,1,88400
2024,2,1,128250
2024,1,1,50000
2025,2,1,210000
2025,2,1,104500
2024,0,1,55000
2025,1,1,211000
2024,2,1,260590
2023,2,1,228856
2024,0,0,95200
2024,0,1,81075
2024,1,1,167500
2025,2,0,217900
2024,2,0,120000
2024,2,0,169000
2025,1,1,231000
2025,1,1,85150
2023,2,1,152000
2024,1,1,128000
2025,1,1,143750
2025,1,0,158000
2025,1,0,78605
2025,2,1,438454
2024,2,1,150000
2024,2,0,182222
2024,1,1,67000
2024,2,0,110000
2025,2,1,239127
2025,2,1,237400
2024,2,1,57000
2024,0,1,135400
2024,2,1,101484
2024,2,1,118500
2024,1,1,106000
2025,0,1,44000
2023,2,1,130000
2024,1,1,102000
2025,1,1,88000
2025,1,1,117000
2024,2,1,130000
2025,1,1,70000
2024,2,0,74276
2024,0,1,78300
2024,2,1,282200
2024,2,1,174200
2023,0,1,80000
2024,1,1,110000
2025,1,0,50945
2025,2,1,177800
2024,2,1,163492
2025,2,1,70000
2024,1,0,162500
2025,1,1,154700
2024,2,1,195000
2025,2,1,152774
2024,2,1,73029
2024,2,1,147100
2024,0,0,53125
2024,2,1,127000
2021,2,1,185000
2024,2,1,144840
2024,2,1,165000
2024,1,1,147430
2024,2,1,300000
2024,3,1,135000
2023,2,1,86720
2024,1,0,87509
2024,2,1,185000
2023,2,1,206000
2025,1,1,64480
2025,2,1,162090
2024,1,1,100000
2024,0,1,93000
2024,1,1,110000
2024,1,1,60000
2024,1,1,155000
2024,1,1,180960
2025,1,0,58484
2025,2,1,262500
2024,1,0,56250
2025,2,1,270000
2025,2,1,218030
2025,2,1,169000
2025,1,1,202800
2025,2,1,207980
2023,2,0,399880
2025,1,1,110000
2023,2,1,266875
2024,0,1,67555
2024,2,1,68093
2024,1,1,112900
2024,1,0,50000
2025,2,0,50632
2025,1,1,103000
2024,0,1,95000
2023,0,1,60000
2025,2,0,493670
2024,1,1,135200
2024,2,1,170300
2024,2,1,148850
2025,0,1,192300
2023,0,1,252990
2024,2,1,209600
2024,2,1,177961
2024,1,0,112500
2024,2,1,146000
2025,2,1,245000
2024,1,1,202800
2024,2,1,337300
2025,2,1,168500
2024,2,1,188100
2025,2,1,102200
2024,1,1,116000
2025,2,1,339250
2024,1,1,166071
2025,2,0,115400
2021,2,0,24342
2024,1,1,139630
2025,0,1,133100
2025,0,1,77260
2024,2,1,330000
2024,3,1,120750
2024,2,1,440000
2025,2,1,127688
2025,2,0,76045
2024,2,0,66666
2025,1,1,65500
2025,2,1,228850
2024,1,1,205000
2025,2,1,100000
2024,2,1,204300
2023,1,1,90000
2023,1,1,115000
2024,2,1,102092
2025,1,1,150200
2025,2,1,142000
2023,2,1,120000
2024,2,1,138000
2024,1,1,144900
2024,2,1,107000
2025,2,1,315800
2024,1,1,81250
2024,2,1,231300
2024,2,1,155100
2023,2,1,103200
2021,1,0,77364
2023,2,1,126400
2024,2,1,87780
2025,1,1,80000
2024,1,0,600000
2025,0,1,160000
2025,2,1,216870
2025,0,1,203000
2025,2,1,75800
2025,0,0,75000
2024,2,1,240000
2024,1,1,203940
2024,1,1,130000
2024,2,1,72000
2025,2,1,214032
2024,1,1,51810
2024,0,1,132843
2024,2,1,125000
2025,2,1,177440
2024,0,1,71800
2024,2,1,117000
2024,0,1,61700
2025,2,0,500000
2025,2,1,135000
2024,1,1,93384
2024,1,1,77000
2024,2,1,210000
2025,2,0,42105
2025,2,1,111100
2023,1,0,92280
2024,2,1,121056
2024,0,0,30000
2024,2,1,111240
2025,2,1,328300
2024,2,1,210000
2024,0,1,65000
2025,2,1,167200
2024,1,1,189000
2024,2,1,77400
2025,2,0,63291
2024,2,1,190000
2024,3,0,163925
2025,2,1,136900
2024,1,1,85000
2024,1,1,235724
2024,2,0,92190
2024,2,1,75500
2024,2,1,192000
2022,2,0,73546
2024,1,1,419750
2024,2,1,215000
2025,2,1,252000
2024,2,0,170300
2024,2,1,272000
2025,0,1,77026
2025,2,1,202093
2025,1,1,165360
2024,2,0,75000
2025,0,0,84813
2024,0,1,95000
2023,2,1,124000
2025,0,0,39176
2025,1,1,260000
2025,3,1,301200
2025,2,1,192540
2025,0,1,50440
2025,1,1,104200
2025,2,1,73900
2025,2,1,292560
2023,1,1,83339
2024,2,1,293000
2024,1,0,47500
2024,1,1,158100
2025,2,1,196320
2023,1,1,73100
2024,1,1,126500
2021,1,0,66022
2025,2,1,100900
2025,2,1,190000
2025,2,1,135000
2025,2,1,149750
2024,1,1,54000
2024,2,1,94300
2025,2,1,73700
2025,1,0,69473
2024,1,1,208800
2025,2,1,176000
2024,1,1,100000
2024,2,0,73700
2025,2,1,149800
2024,0,1,70000
2024,2,1,192000
2025,2,1,167981
2024,1,1,140000
2025,2,1,92900
2024,2,1,149500
2024,0,1,60600
2023,2,1,304750
2023,2,1,120250
2024,2,1,92186
2025,2,1,78500
2025,0,1,50000
2024,2,1,208800
2025,2,0,75000
2025,1,0,108362
2024,2,1,302900
2025,0,1,82000
2024,1,0,53333
2024,2,1,110000
2025,2,1,128250
2024,1,1,105000
2024,2,1,70000
2025,2,1,273930
2024,2,1,112000
2024,1,1,60300
2024,1,1,70000
2024,2,0,175000
2024,2,1,168480
2025,2,1,93300
2024,2,1,90200
2024,2,1,159000
2024,3,0,175000
2023,2,1,250944
2024,1,0,55328
2024,2,1,220000
2024,2,1,189000
2023,1,1,160000
2024,0,1,72780
2025,1,0,46842
2024,1,1,161300
2024,2,1,143500
2024,1,1,73450
2023,2,1,130000
2024,2,1,207992
2024,2,1,215000
2024,2,1,122200
2025,1,1,116000
2025,1,1,190000
2024,2,1,190000
2025,1,1,80457
2025,2,1,220000
2025,0,1,76000
2025,1,0,70000
2024,1,1,287500
2024,2,1,137500
2025,1,1,250000
2025,1,1,66000
2025,1,0,80520
2024,2,1,178000
2025,2,1,177000
2025,2,1,50000
2024,2,1,154000
2024,3,1,100000
2025,2,1,110435
2024,1,0,80400
2024,2,0,107730
2022,2,1,175000
2024,2,1,200000
2024,2,1,145000
2025,2,1,183000
2024,0,1,43618
2024,3,1,87280
2024,1,0,100354
2024,2,1,85500
2024,0,0,50308
2024,0,1,57798
2024,1,1,162800
2025,1,1,81650
2025,2,1,178100
2025,2,0,120000
2021,3,1,235000
2025,2,1,109500
2024,2,1,267600
2024,3,1,240000
2024,2,1,244000
2024,1,1,250000
2024,2,1,140109
2024,2,1,253000
2022,0,0,35093
2024,1,1,102400
2025,2,0,89532
2025,2,1,168800
2025,2,0,169100
2024,2,0,39413
2024,2,1,183000
2025,2,1,98124
2024,2,0,125000
2024,2,1,209863
2024,1,1,127000
2024,2,1,117200
2025,1,1,134000
2021,2,0,24000
2024,0,0,45000
2025,1,1,85000
2024,3,1,300000
2024,2,1,60296
2025,2,1,101250
2025,2,1,162000
2025,0,1,105000
2024,1,1,160000
2024,2,1,209660
2025,1,1,310000
2025,2,1,148900
2025,2,1,209100
2024,0,1,136800
2024,2,1,67700
2024,1,1,151400
2024,2,1,166000
2024,3,1,319050
2024,2,1,200000
2023,2,1,247250
2024,1,1,150000
2024,2,1,165000
2024,3,1,156160
2023,2,1,73100
2025,2,0,23649
2024,1,1,221814
2025,2,1,85000
2024,2,1,309000
2024,2,0,145000
2024,2,1,152620
2024,1,1,198600
2025,1,1,122430
2023,2,0,199000
2024,2,1,222480
2024,2,1,201000
2025,0,0,37974
2024,2,0,75000
2025,3,1,200000
2024,2,0,130666
2025,0,0,29473
2025,2,1,188550
2024,2,1,720000
2024,0,1,135392
2024,2,1,106960
2022,2,1,193900
2025,2,0,100000
2024,2,1,227700
2024,2,0,260400
2024,2,0,152000
2024,2,1,170000
2025,1,1,164000
2024,0,1,47840
2025,2,1,160000
2024,2,1,176800
2025,2,1,125200
2025,2,1,200000
2025,2,0,69473
2025,0,1,99800
2023,2,0,108000
2024,2,0,200070
2024,3,1,195000
2025,2,0,154800
2024,2,1,310500
2025,1,1,198000
2024,2,1,357900
2024,2,1,190600
2025,1,1,253220
2024,2,1,600000
2025,2,1,122000
2024,2,1,87500
2024,1,1,79760
2024,0,1,79150
2024,3,1,325600
2025,2,1,212000
2024,1,1,124000
2024,2,1,118000
2025,2,1,251600
2024,0,1,219100
2024,1,1,87600
2024,1,1,312200
2023,1,1,171000
2025,2,1,212800
2024,1,1,250000
2024,1,1,142563
2024,1,1,110000
2025,2,1,275000
2024,1,1,123696
2023,1,0,84000
2024,2,1,68150
2025,1,1,121000
2024,2,1,300000
2025,2,1,194300
2025,0,1,38000
2024,1,1,88000
2024,1,1,92860
2024,2,1,287000
2025,1,1,180000
2024,1,1,180000
2024,1,1,68400
2025,2,1,136000
2024,2,1,289400
2025,1,1,226000
2025,2,1,190600
2024,0,1,259200
2025,2,1,270000
2024,1,1,176400
2024,1,0,48000
2024,1,1,338000
2025,1,0,60000
2024,2,1,147000
2024,2,1,134000
2024,1,1,188100
2024,1,1,79310
2025,0,0,200000
2025,1,0,72843
2022,2,1,81666
2023,2,1,110000
2025,1,1,205200
2024,2,1,215000
2024,2,1,130000
2023,2,1,182850
2024,0,1,177000
2024,1,0,96402
2024,3,1,373000
2024,1,1,321000
2025,2,1,140670
2025,1,0,65822
2023,0,1,50000
2024,1,1,130000
2023,3,1,350000
2024,2,0,92666
2024,2,1,88600
2023,2,1,219300
2024,1,1,75600
2025,1,0,56000
2024,2,1,218185
2024,1,1,116640
2024,1,1,126000
2025,2,1,150000
2025,2,1,133900
2024,1,1,95200
2024,2,1,114000
2023,2,1,175000
2025,2,1,70600
2024,1,0,81250
2023,1,1,213900
2023,2,1,189110
2023,1,0,59382
2024,0,1,60000
2023,2,1,167500
2025,2,1,264000
2024,1,1,45000
2024,1,1,151400
2024,2,1,105711
2024,2,1,181500
2024,0,1,81500
2024,0,1,109100
2024,0,1,81000
2025,1,1,97500
2024,1,0,133000
2024,1,1,67374
2023,0,1,115360
2024,2,1,239080
2025,2,0,105063
2025,2,0,68000
2025,1,1,340100
2024,2,1,76128
2024,2,1,130642
2025,2,1,125000
2024,1,1,65000
2024,2,1,182700
2025,2,1,400000
2025,2,1,251600
2024,2,1,108900
2023,2,0,108000
2022,2,1,124190
2025,1,1,293000
2025,2,1,241000
2024,2,1,220000
2025,2,1,134400
2024,1,1,81650
2024,2,1,135000
2023,2,1,158700
2024,2,1,126802
2024,2,1,211500
2024,2,0,113636
2023,2,1,164000
2024,1,1,250000
2023,0,0,38629
2024,1,1,119000
2024,2,1,67900
2025,0,1,97400
2025,2,1,154100
2024,3,1,236000
2025,2,1,267100
2024,0,0,30012
2023,1,1,68000
2025,2,1,141000
2024,2,1,187038
2025,2,1,310000
2025,2,1,249900
2025,2,0,138600
2024,2,1,169000
2024,1,1,160000
2024,2,1,96038
2024,0,1,98300
2025,1,1,264200
2024,2,1,120000
2025,2,1,226920
2024,2,1,100000
2024,1,1,296500
2025,1,1,271810
2022,2,1,135000
2024,1,1,110200
2024,1,1,156750
2024,2,1,108740
2023,2,1,250000
2024,1,1,65000
2025,1,1,145000
2024,1,1,153951
2025,0,1,60400
2024,2,1,282000
2024,2,1,170000
2024,2,1,224100
2025,1,0,105000
2024,1,1,114500
2023,2,1,227000
2024,2,1,164600
2024,1,1,177815
2024,1,1,185400
2024,0,1,90000
2025,1,1,320000
2025,2,1,165000
2023,2,1,184800
2024,3,0,230000
2025,2,1,128000
2025,0,1,180000
2024,2,0,245000
2024,2,0,103846
2023,3,0,203016
2025,0,1,78520
2024,2,1,92700
2024,2,1,135800
2025,2,1,106000
2024,1,0,65000
2025,2,1,101000
2024,2,0,187500
2025,1,1,364254
2024,1,1,97100
2024,1,1,174250
2024,2,1,185000
2025,2,1,90100
2025,0,1,99500
2024,0,1,108700
2024,1,1,95000
2024,2,1,141100
2024,2,0,39375
2024,2,1,161200
2025,0,1,24000
2025,0,1,89000
2024,2,1,81536
2024,2,1,158800
2025,2,0,85503
2023,1,1,100000
2025,1,1,138000
2024,1,1,155000
2023,2,1,156400
2023,2,1,68637
2025,2,1,249400
2025,2,1,202472
2024,0,0,28125
2023,2,1,122500
2025,1,1,174800
2024,0,1,45864
2024,2,1,125000
2025,1,1,112000
2022,2,1,185000
2025,2,1,187358
2024,1,1,58660
2025,2,1,167490
2024,2,1,114991
2024,3,1,166000
2024,2,1,285000
2025,1,0,87200
2024,0,1,181479
2025,2,1,171600
2025,1,0,115000
2025,2,1,239200
2024,2,1,190000
2024,2,1,277000
2024,1,1,160000
2025,1,1,120000
2023,2,1,108500
2025,2,1,141440
2024,1,1,155000
2025,0,1,86600
2024,2,1,133500
2025,0,1,120000
2025,1,1,165000
2025,0,1,99750
2024,2,1,156000
2024,0,1,114080
2024,2,1,177008
2023,0,1,84000
2025,1,1,120000
2022,2,1,125000
2025,2,1,162000
2025,2,1,85300
2025,1,0,98300
2024,2,1,191100
2024,1,1,120000
2024,2,1,79509
2025,1,1,95000
2024,2,0,119892
2024,0,1,170000
2024,2,1,195800
2025,1,1,205600
2025,2,0,234177
2023,0,1,162240
2024,2,1,130920
2025,1,0,106600
2024,1,1,90200
2024,1,1,80000
2024,2,1,139000
2024,1,1,179000
2023,2,1,167000
2023,2,0,102569
2024,2,1,195000
2024,2,1,124373
2025,1,1,188640
2024,1,0,88566
2024,3,1,190500
2023,2,1,176000
2025,2,0,114195
2024,2,1,143200
2024,1,0,159500
2024,1,0,140000
2024,0,1,80000
2025,2,1,330000
2024,2,1,100000
2024,1,1,425000
2024,2,1,209660
2025,1,1,143100
2024,2,1,195000
2025,2,1,500000
2022,0,1,65000
2025,2,1,202000
2024,1,1,151300
2023,2,1,120000
2025,2,1,208580
2025,2,1,85600
2025,1,1,65500
2025,1,1,70300
2023,2,1,172100
2024,2,1,137000
2024,2,1,126600
2025,2,1,94500
2025,2,1,100500
2024,2,1,101000
2024,2,1,70000
2024,1,0,149600
2024,1,1,160000
2024,2,1,87552
2024,0,1,101080
2024,1,1,109400
2024,1,1,145860
2025,2,1,195400
2025,2,1,349000
2025,0,1,172400
2024,1,1,107925
2025,2,1,203200
2025,2,1,178400
2023,2,1,175000
2025,1,1,67000
2024,2,1,342400
2025,2,1,94400
2025,1,1,122200
2025,2,0,113924
2024,1,1,331640
2025,2,1,66000
2023,2,1,107000
2024,2,1,160000
2024,0,1,150000
2024,0,1,96250
2025,1,1,109000
2024,2,1,235000
2025,2,1,247000
2024,2,1,155000
2022,2,1,204100
2024,2,1,259600
2024,2,1,199700
2025,1,1,211420
2024,2,1,218500
2024,2,0,190000
2024,2,1,161800
2024,1,1,65000
2024,2,1,130900
2024,0,1,200200
2025,1,1,81900
2025,1,1,89100
2025,2,1,206000
2025,3,1,230000
2023,2,1,123000
2024,2,1,118900
2024,1,1,78575
2024,3,1,145800
2024,2,1,149900
2023,2,1,137000
2025,1,1,139000
2024,1,1,100000
2023,2,1,164500
2025,2,1,309000
2025,1,1,164000
2024,1,0,108643
2023,1,1,135000
2025,2,0,140000
2024,1,1,122400
2023,1,1,180000
2025,1,1,138643
2024,0,1,160000
2025,2,1,130000
2025,1,1,215400
2025,0,0,95655
2024,2,0,98400
2023,2,1,59400
2025,1,1,66000
2025,2,1,217400
2025,1,1,360000
2022,2,1,214000
2024,0,1,51000
2024,2,1,112000
2025,0,1,60000
2025,1,1,178900
2024,2,1,79300
2024,2,1,104000
2024,2,1,145400
2024,1,1,220500
2025,2,0,148000
2025,1,1,72200
2024,2,1,124900
2024,2,1,110000
2025,1,1,85000
2025,2,1,269600
2024,2,1,270000
2024,2,1,227700
2025,2,0,75880
2024,1,1,131325
2024,2,0,71967
2025,2,0,75949
2025,2,1,106900
2022,2,1,100000
2023,2,1,66000
2023,2,1,155000
2024,2,1,181900
2025,2,1,217000
2025,0,0,15281
2025,0,1,94018
2024,2,1,183600
2023,2,1,108000
2025,2,0,59600
2025,2,1,360200
2025,1,1,177000
2025,2,1,198000
2024,2,0,173076
2024,2,1,294000
2024,1,1,104200
2024,2,1,136500
2022,2,1,191475
2025,1,1,196500
2024,2,1,117300
2024,2,1,135000
2024,1,0,145800
2024,1,1,130000
2024,2,1,207800
2025,2,1,294500
2025,1,1,67600
2024,2,1,173200
2023,2,1,170730
2023,2,1,111000
2024,2,0,150000
2025,2,1,96900
2023,1,0,44356
2025,1,1,135400
2024,2,1,100000
2025,2,1,122250
2025,2,1,167200
2025,2,1,109000
2025,1,1,103500
2025,1,1,260000
2024,2,1,105000
2024,0,1,86250
2024,2,1,123950
2024,1,1,138400
2024,2,1,175000
2024,1,0,44444
2024,1,1,225000
2023,2,1,210000
2023,2,1,250000
2025,1,1,173040
2024,1,1,113000
2022,2,1,142127
2024,1,0,46840
2024,1,1,100000
2025,1,1,180000
2024,1,0,110059
2025,1,1,60000
2024,2,1,151000
2024,1,1,153000
2024,1,1,72500
2025,0,0,31578
2024,0,1,79000
2024,2,1,107800
2025,2,0,79654
2024,2,1,278800
2025,2,1,136000
2025,1,0,59714
2024,0,1,216000
2024,2,1,117300
2024,2,1,114000
2024,3,1,174800
2025,1,0,111700
2024,2,1,74600
2024,1,0,180000
2024,1,1,107950
2024,2,1,99336
2025,2,1,104996
2025,1,1,168500
2024,2,1,162900
2025,1,1,73900
2023,0,1,133000
2024,2,1,161600
2025,2,1,170000
2024,2,1,142200
2024,1,1,195500
2024,1,1,176500
2025,1,1,176000
2023,0,1,48000
2024,1,1,152250
2025,2,0,82278
2022,2,1,247500
2024,2,1,284000
2024,1,1,200200
2024,2,1,333000
2025,1,1,156000
2024,0,1,60400
2025,1,1,126490
2024,2,1,224000
2024,2,1,207000
2024,1,1,188400
2024,2,1,245784
2025,2,1,166810
2025,2,1,149500
2021,2,0,94564
2024,2,1,160700
2024,2,1,101000
2025,2,1,75100
2024,2,1,270000
2023,2,1,80000
2023,2,1,85000
2024,1,1,99208
2024,1,1,105972
2024,2,1,148100
2024,2,1,130000
2024,2,1,256300
2024,1,1,75600
2025,2,1,270536
2025,1,1,135320
2024,2,1,130925
2025,1,1,108800
2024,0,1,63200
2025,1,1,224000
2025,1,1,338000
2025,1,1,68900
2024,2,1,185100
2024,2,1,166551
2024,0,1,46000
2025,2,1,351000
2023,1,1,66000
2025,3,1,145840
2024,1,1,209000
2024,2,1,165800
2023,2,1,275000
2025,1,0,116500
2024,0,1,74100
2024,1,1,110500
2025,1,1,109000
2024,1,1,125600
2024,1,1,81900
2025,1,0,92550
2025,1,1,132350
2024,2,1,229163
2025,2,1,159800
2023,2,1,159600
2023,2,1,208500
2024,1,1,77000
2025,1,1,98300
2024,3,1,160000
2024,0,0,16000
2023,1,0,260000
2025,1,1,85150
2024,3,1,265800
2025,2,1,340000
2025,0,1,106500
2025,1,1,304043
2025,2,1,350000
2024,2,1,89000
2024,0,1,94050
2023,2,1,100000
2025,1,0,37894
2024,1,0,84188
2024,2,0,130000
2023,2,1,155000
2024,2,1,156600
2025,2,1,140000
2025,2,1,68154
2024,2,1,123300
2025,2,1,216000
2025,2,1,184000
2024,2,1,75800
2023,1,1,61200
2025,2,1,121688
2023,3,1,205000
2024,1,0,123449
2025,2,1,127463
2025,2,1,224381
2025,2,1,260000
2025,1,1,114000
2023,2,1,185000
2025,2,1,195000
2024,2,1,124800
2024,1,1,289700
2025,2,1,140000
2025,2,1,187000
2025,2,1,300000
2023,2,1,163200
2025,0,1,104000
2025,2,1,180000
2024,2,1,210900
2024,2,0,186153
2025,2,1,280600
2024,2,0,150927
2024,1,1,280000
2025,1,1,42000
2024,1,1,141462
2025,2,1,175000
2025,2,1,213480
2025,1,1,185000
2024,2,1,102300
2025,2,1,150000
2022,2,1,128000
2025,1,1,110000
2024,1,1,170500
2024,1,0,92712
2024,2,1,201000
2024,2,1,123520
2024,2,1,115000
2024,1,1,89000
2025,2,1,227950
2025,1,0,197280
2024,1,1,65000
2024,1,1,135400
2023,2,1,175000
2023,1,0,67979
2025,1,1,134000
2025,1,1,224000
2024,1,0,120000
2025,2,0,128300
2025,1,0,120000
2025,2,1,100300
2024,0,1,168000
2024,1,1,90510
2024,2,1,315900
2024,1,1,94000
2024,2,1,140000
2024,2,1,133000
2024,1,0,43750
2024,2,1,210000
2024,1,0,74100
2024,2,0,199700
2025,2,1,155000
2024,2,1,210000
2023,1,0,61520
2024,2,0,60000
2024,1,1,61700
2024,1,1,235100
2025,2,1,260000
2023,1,1,98873
2024,0,1,180000
2025,1,1,138000
2024,1,1,219000
2024,1,1,94000
2023,2,1,85000
2024,1,1,115000
2023,2,1,104300
2024,0,0,53333
2024,0,1,130000
2023,1,1,130000
2025,2,1,250000
2024,2,1,200000
2024,0,1,70000
2024,2,1,228930
2024,0,1,161625
2025,2,0,81200
2024,2,1,239190
2024,2,0,120000
2025,0,1,158000
2024,2,1,144200
2025,1,0,128000
2022,2,1,175000
2024,2,1,226000
2024,1,1,240000
2024,0,1,70000
2024,0,1,43400
2025,1,1,301200
2025,0,1,129000
2025,0,1,80000
2025,1,0,69620
2024,2,1,179000
2025,2,1,567000
2024,0,0,405000
2024,0,1,92000
2023,2,1,104000
2025,2,1,144200
2024,2,1,174300
2025,1,1,150200
2025,1,1,207219
2025,2,1,203400
2025,2,1,141500
2023,2,1,196685
2024,1,1,410000
2025,2,1,92500
2024,1,1,102092
2024,2,1,155000
2024,2,1,418000
2024,1,1,104000
2024,1,1,267500
2024,2,1,165000
2025,1,1,156400
2024,2,1,209000
2024,1,0,49333
2025,2,1,140400
2023,2,0,177300
2024,1,1,160425
2023,1,1,217600
2023,2,1,167200
2024,0,0,56100
2024,1,0,130104
2024,0,1,50000
2025,1,1,108000
2024,2,1,129000
2025,2,1,94400
2024,2,1,92986
2023,2,1,317070
2023,2,1,125000
2024,1,1,86400
2025,0,1,72792
2024,1,1,64900
2024,1,0,82500
2024,2,1,168480
2023,2,1,266000
2022,1,0,52533
2025,1,1,178100
2024,2,0,55555
2025,0,0,47368
2025,2,1,182000
2025,2,1,167250
2024,2,1,160000
2025,2,1,363540
2025,1,1,200000
2024,1,0,95659
2023,2,1,125000
2025,2,1,160284
2024,2,1,163400
2023,2,1,171000
2025,0,1,115000
2024,2,1,60000
2024,0,1,87500
2024,1,1,200000
2025,2,1,179840
2024,2,1,155000
2024,2,1,213000
2025,2,0,100000
2024,2,1,107000
2024,0,0,172000
2025,1,1,283100
2024,2,1,234500
2024,0,1,55000
2025,3,1,138500
2024,1,1,119000
2024,2,1,133504
2024,2,1,158000
2022,1,0,30523
2024,1,1,168000
2024,2,1,227000
2025,2,1,126100
2024,2,1,127890
2024,1,1,167500
2024,2,1,115300
2025,1,1,255700
2025,1,1,130000
2024,2,1,199320
2022,2,0,185000
2024,2,1,247200
2023,1,1,62500
2024,2,1,120900
2024,2,1,162000
2024,2,1,216200
2024,2,1,177000
2024,1,1,193300
2025,2,1,168000
2025,2,1,136000
2024,2,1,150250
2025,1,1,102000
2025,1,1,128800
2023,2,1,250500
2024,1,0,146750
2023,2,1,136742
2024,1,1,67500
2025,0,1,144000
2025,2,1,146000
2025,2,1,152375
2025,0,1,34800
2025,2,1,227200
2024,0,0,38888
2024,1,1,117900
2024,0,1,234000
2024,2,1,116000
2025,2,0,180714
2022,1,1,102100
2025,2,1,140800
2024,1,1,105900
2025,2,1,107300
2023,1,1,46500
2025,2,1,287600
2025,2,1,218657
2024,1,1,172000
2024,2,1,110000
2025,2,1,356500
2024,0,1,96000
2022,2,1,230000
2025,1,1,173000
2024,0,1,70000
2024,2,1,89600
2024,2,1,123000
2025,2,1,298300
2024,0,0,58717
2023,2,1,108350
2024,2,1,216000
2023,0,1,156450
2024,1,1,148800
2025,1,0,78947
2024,1,1,120000
2025,1,1,294600
2024,2,1,223856
2025,2,1,103800
2025,2,1,96800
2024,2,1,122699
2023,2,1,216450
2024,2,1,350000
2024,0,1,82450
2024,2,1,332000
2024,3,1,145100
2025,1,1,147000
2025,2,1,170000
2025,1,1,240000
2024,1,0,112000
2025,1,1,200700
2024,1,1,234300
2024,2,1,216750
2025,2,1,115500
2025,1,1,81000
2024,2,1,186846
2024,1,1,225000
2023,2,1,280600
2024,0,1,124000
2025,2,1,303050
2023,2,1,106800
2025,0,1,132000
2025,1,1,100493
2025,3,1,190000
2024,1,1,142875
2025,2,0,135000
2024,0,1,90000
2024,2,1,217000
2024,2,1,90000
2024,2,1,223600
2024,2,0,68750
2023,2,0,49216
2024,1,1,101400
2025,2,1,105800
2024,2,1,201600
2024,2,1,214087
2025,3,1,315000
2024,1,1,130000
2024,1,1,97300
2024,1,1,81500
2024,2,1,144345
2023,2,1,300000
2025,2,1,239900
2024,1,0,70492
2025,1,0,49500
2025,2,1,243000
2024,1,1,188000
2025,2,1,178200
2025,2,1,123860
2024,1,0,51446
2024,2,1,215200
2024,1,0,127200
2024,0,1,97495
2024,2,1,144200
2023,1,1,151700
2022,2,1,123000
2024,0,0,51111
2024,2,1,96000
2025,1,1,100612
2024,2,1,158000
2025,2,1,204290
2024,1,1,270000
2024,3,0,144997
2025,2,1,122000
2024,1,1,184000
2021,0,0,110037
2024,2,1,198500
2024,2,1,151000
2024,2,1,168000
2024,2,1,138000
2025,2,1,164850
2025,1,1,163800
2024,1,1,148699
2024,1,1,139000
2024,1,1,59500
2025,1,1,131000
2025,1,1,129659
2024,1,1,164000
2024,1,1,95000
2025,1,1,222276
2023,3,1,385000
2023,2,1,210000
2025,2,0,98400
2025,2,1,196350
2024,0,0,216500
2024,2,1,235800
2024,2,0,170454
2024,2,0,53333
2024,1,1,189000
2025,1,1,154600
2025,2,1,213480
2024,1,1,163000
2024,0,1,101000
2025,0,0,35554
2025,1,1,110000
2024,1,1,164314
2021,0,0,59102
2024,2,1,312200
2024,1,1,132000
2025,1,1,179551
2025,2,1,104000
2025,1,1,147000
2024,1,1,97000
2024,2,1,151800
2021,0,0,30428
2023,2,1,235000
2024,2,1,134100
2025,2,1,190486
2024,2,1,242000
2024,2,1,170400
2024,1,1,161755
2025,1,0,195800
2024,2,1,110000
2022,2,1,100000
2024,2,1,81800
2024,1,1,150000
2024,2,1,162500
2024,2,1,139400
2025,2,1,138250
2024,1,1,300000
2024,2,1,379500
2025,2,1,85000
2024,2,0,168750
2025,2,1,152800
2024,0,0,50666
2023,2,1,146000
2025,2,1,203000
2024,1,1,86078
2024,2,1,197700
2025,1,1,196000
2024,1,1,179700
2025,0,1,138000
2024,1,0,112500
2025,2,1,250000
2024,2,1,130295
2024,2,1,177900
2024,2,1,129935
2024,1,1,172000
2024,0,0,88888
2024,1,1,173300
2024,2,1,84000
2025,3,1,290000
2025,2,1,105000
2025,1,1,136850
2025,0,1,31900
2024,1,1,96000
2024,2,0,148960
2024,2,0,53125
2025,1,1,113000
2024,1,1,174600
2024,1,1,131000
2024,2,1,76000
2024,1,1,76000
2022,2,1,107000
2024,1,0,47973
2024,2,1,186846
2025,2,0,125000
2024,2,1,484000
2025,2,1,267000
2023,2,1,182250
2025,1,1,178536
2022,1,0,43096
2023,2,1,150550
2023,2,1,176300
2025,1,0,51789
2024,1,1,120000
2024,2,0,150000
2024,1,1,74200
2024,2,0,138888
2024,1,1,195500
2024,1,1,108000
2024,0,1,95472
2024,1,0,90000
2024,2,1,150000
2024,1,1,124100
2024,2,1,125000
2025,2,1,249600
2025,2,1,146900
2024,2,1,94900
2024,2,1,224000
2025,1,1,180000
2024,1,1,182312
2025,0,1,106000
2024,1,1,136878
2020,2,0,47899
2025,1,1,64000
2024,2,0,60000
2025,1,1,312200
2024,2,1,153000
2025,2,0,101265
2022,1,1,150000
2024,2,1,83960
2023,1,1,70000
2024,2,1,183800
2025,2,0,134400
2025,1,1,116000
2024,1,1,105700
2024,1,1,106250
2025,2,1,115000
2024,2,1,360000
2024,1,1,93800
2023,2,1,195000
2024,1,1,393300
2025,2,1,82600
2023,2,1,150000
2024,1,1,95825
2025,2,1,187450
2023,2,1,257400
2025,1,1,224000
2024,1,1,79500
2024,2,1,144538
2024,0,0,17333
2024,2,1,163700
2024,2,1,82500
2024,0,0,41608
2025,1,1,114750
2024,1,1,147000
2025,2,1,154400
2024,1,0,84615
2024,0,1,67000
2025,0,1,74000
2025,2,0,135000
2024,0,0,41250
2024,2,1,178000
2025,2,1,80000
2024,0,0,33750
2024,1,1,254400
2025,2,1,111000
2025,2,0,72000
2023,2,1,116000
2025,1,0,124700
2024,2,1,135000
2024,1,1,140000
2024,2,1,84900
2024,1,1,234850
2024,2,1,201000
2024,2,1,108000
2023,2,0,238000
2025,2,1,121745
2025,1,1,165500
2025,2,1,96800
2024,1,1,137000
2024,2,0,88888
2025,1,1,172000
2025,2,1,92000
2025,1,1,106300
2024,2,0,180967
2024,2,0,110607
2025,3,1,212160
2024,2,0,149702
2023,2,1,170000
2025,2,1,395400
2024,2,1,137314
2025,1,1,88300
2024,2,1,191253
2024,2,1,220900
2024,1,0,123136
2024,0,1,30000
2024,2,1,207900
2025,1,1,257000
2024,2,1,96600
2025,2,1,247600
2024,2,1,116800
2024,2,1,223000
2024,0,1,60675
2024,2,1,152000
2024,0,1,70000
2025,1,1,65000
2024,1,1,125000
2025,1,1,34000
2024,2,1,135392
2024,1,1,106800
2024,0,1,90000
2024,2,1,100800
2022,2,1,196000
2025,0,1,150700
2025,0,1,61800
2024,2,1,160000
2024,2,0,185490
2025,2,0,79113
2024,2,1,185000
2025,2,1,185000
2024,2,1,269000
2025,2,1,310900
2025,1,0,108086
2023,2,1,138900
2025,2,1,100500
2025,2,1,167200
2022,2,1,225000
2024,2,1,88452
2023,2,1,65800
2024,2,1,99100
2025,2,1,110000
2024,2,0,87943
2024,2,1,254024
2023,2,1,198800
2025,1,1,124000
2024,2,0,230000
2025,2,1,125000
2024,3,1,157500
2024,1,1,97750
2024,2,1,119976
2024,1,1,75349
2025,2,1,115000
2025,1,1,105550
2024,2,1,121800
2024,1,0,125000
2024,2,1,165120
2025,1,1,129500
2024,2,1,224800
2023,2,0,82900
2024,2,1,248520
2023,2,1,194500
2024,1,0,80000
2024,2,0,163639
2024,2,1,148500
2024,1,1,129600
2024,2,1,155900
2024,1,1,198400
2024,2,1,95300
2023,1,1,86000
2023,2,1,212500
2024,2,1,108800
2024,1,0,69000
2024,2,1,96000
2025,2,1,124400
2024,2,0,108100
2024,2,1,136100
2025,0,1,120000
2024,1,1,175457
2025,1,1,89000
2022,2,1,250000
2025,2,1,127500
2024,1,1,134000
2025,3,1,312350
2022,0,1,189750
2024,1,1,175400
2022,2,1,120000
2024,2,1,178090
2025,1,1,110000
2024,1,1,130000
2024,2,1,100000
2024,1,1,104000
2024,2,1,144100
2024,2,1,199500
2025,2,1,213325
2024,2,1,138200
2024,1,1,170200
2024,1,1,134000
2025,0,1,91571
2023,1,1,154000
2025,1,1,118789
2024,2,1,178500
2024,2,1,190200
2023,2,0,120000
2024,2,1,248000
2024,1,1,269000
2024,1,0,137000
2022,2,1,198800
2022,2,1,230400
2024,2,1,137441
2025,0,1,208800
2025,1,1,104000
2024,1,1,187040
2024,1,1,192600
2024,1,0,119000
2025,2,1,231000
2024,1,0,50000
2025,2,0,110000
2025,0,1,77600
2024,1,1,131200
2024,2,1,178000
2024,1,1,115000
2023,2,1,265000
2023,1,1,165000
2024,1,1,107800
2024,1,1,118400
2025,2,1,225000
2025,2,1,226400
2025,1,0,61625
2024,2,1,176264
2024,2,1,135000
2025,1,1,270000
2024,1,1,55000
2024,1,0,112660
2024,2,1,132600
2025,0,1,110000
2025,2,1,310291
2024,2,1,181145
2025,2,1,128500
2025,1,1,77880
2025,2,1,157476
2023,1,1,138700
2024,1,0,60400
2023,1,1,183310
2025,2,1,167200
2024,2,1,328800
2024,2,1,62000
2024,0,1,90400
2025,2,1,167981
2025,0,1,36300
2024,2,1,73008
2025,2,1,110000
2024,1,1,65465
2024,0,1,56833
2025,1,1,111717
2023,0,1,60000
2024,0,0,93750
2024,2,1,116800
2025,1,1,125000
2025,2,1,161000
2024,2,1,171400
2025,2,1,123908
2024,1,0,81250
2024,3,1,142800
2023,2,1,172040
2024,1,1,160700
2023,2,1,132000
2024,1,1,81760
2024,1,1,142000
2025,1,0,83600
2025,2,1,220000
2024,1,1,124935
2025,2,1,170800
2024,1,1,162000
2025,0,1,280000
2024,0,1,150000
2025,2,1,174720
2023,0,1,82400
2022,2,1,92250
2025,2,1,196000
2024,2,1,129148
2024,2,1,122774
2024,2,1,246000
2025,1,1,360200
2024,2,1,101000
2025,2,1,82586
2025,2,1,104860
2024,2,1,304750
2023,2,1,133500
2024,2,1,310000
2025,0,0,25909
2025,1,1,180000
2024,0,1,162150
2024,0,1,144000
2024,2,1,110900
2024,1,1,134200
2024,2,1,225197
2024,2,1,205776
2024,1,1,163000
2025,2,1,359400
2025,2,1,176361
2024,0,1,50000
2024,2,0,117200
2024,2,1,233200
2022,2,1,134000
2024,2,1,251600
2025,0,1,78000
2024,0,1,200740
2024,2,0,53666
2024,1,1,172000
2024,0,1,144000
2025,2,1,144900
2025,2,1,137500
2025,2,1,164500
2023,2,1,130900
2025,2,1,151535
2024,2,1,182312
2025,3,1,333900
2024,2,1,130000
2023,2,1,202600
2025,2,1,171000
2024,2,1,88400
2025,2,1,287500
2025,0,1,73476
2025,1,1,170000
2024,2,1,111000
2025,0,0,29052
2024,2,0,119900
2024,1,1,92560
2025,1,1,182600
2025,2,1,165000
2024,2,1,122256
2021,1,0,19609
2024,1,1,126880
2025,2,1,257970
2025,2,1,87000
2023,2,1,220000
2022,2,1,159200
2025,2,1,141100
2022,2,1,166000
2024,1,1,79300
2024,1,1,96400
2024,2,1,263000
2024,2,1,127350
2024,2,1,149000
2025,2,1,135000
2024,2,0,160000
2024,3,1,90000
2025,2,1,147000
2024,2,1,144501
2025,0,1,162240
2025,0,1,76000
2025,2,1,94900
2024,2,1,160400
2024,2,1,196400
2025,2,1,157600
2024,2,1,243600
2025,2,0,146835
2024,2,1,247500
2025,2,1,276000
2024,2,1,100000
2025,2,1,107900
2025,1,1,180000
2024,2,1,379500
2024,0,1,110000
2025,2,1,202950
2024,1,1,130000
2025,1,0,125000
2025,0,0,130000
2025,1,1,171500
2024,1,1,181000
2024,2,1,62500
2025,2,1,124000
2025,2,1,173000
2024,1,1,109400
2024,1,1,73200
2025,1,1,720000
2025,2,1,290000
2025,2,1,67500
2025,2,1,117300
2025,1,1,171000
2024,0,1,130000
2025,2,0,30000
2025,2,1,295000
2025,2,1,202700
2025,1,1,49600
2024,1,1,157800
2024,2,1,87125
2024,0,1,57000
2024,2,1,203500
2024,2,0,112500
2025,2,1,156000
2024,2,1,77100
2025,1,0,21000
2024,2,1,121900
2025,2,1,198000
2025,2,1,273240
2024,2,1,162819
2025,2,1,183000
2025,2,1,229200
2024,2,1,123627
2024,1,1,120400
2025,2,1,67400
2024,2,1,128000
2024,1,1,130900
2024,1,1,136620
2024,2,1,70800
2025,3,1,145900
2025,2,1,182700
2021,2,0,77684
2024,1,0,128300
2025,1,1,165600
2024,1,1,230000
2024,1,1,76000
2025,1,1,250000
2024,1,1,76736
2024,2,1,88700
2024,2,1,201000
2024,0,1,45400
2025,2,1,168285
2025,1,1,131343
2024,2,1,115400
2024,0,1,114000
2025,2,0,96000
2024,1,0,64000
2024,0,1,102477
2024,0,1,151770
2023,2,1,124000
2025,1,1,126720
2024,3,1,185000
2025,2,1,133500
2025,1,1,176000
2024,0,0,50000
2024,2,1,178000
2025,2,1,152200
2023,2,1,206500
2024,1,1,162500
2024,2,1,295000
2024,2,1,241700
2024,1,1,136600
2024,2,0,178250
2025,2,0,107500
2024,2,1,100000
2025,1,1,88000
2024,2,1,220900
2024,2,1,120000
2024,1,1,110000
2025,1,0,113100
2025,2,1,135096
2024,2,1,250000
2024,3,1,173800
2024,2,1,164000
2024,2,1,157000
2025,1,0,75000
2024,2,1,120750
2024,0,1,120000
2024,2,1,308000
2023,2,1,112000
2024,2,1,162000
2024,1,1,172300
2025,0,1,118000
2024,1,1,73000
2025,2,1,175000
2025,2,1,188640
2023,2,1,231500
2024,2,1,296980
2024,1,1,286600
2024,2,0,117950
2025,1,0,17052
2023,2,1,68400
2025,2,1,312200
2024,2,1,251000
2024,2,0,86000
2025,2,1,105200
2024,2,1,126800
2024,2,1,125000
2024,2,1,121900
2025,1,0,138100
2024,2,1,238000
2024,0,1,150400
2025,1,1,102500
2024,2,1,96800
2025,2,1,120000
2024,1,1,145000
2025,0,1,100000
2025,0,0,50526
2024,2,0,127878
2024,0,1,52500
2024,2,1,125375
2024,2,1,195000
2025,2,1,161600
2024,1,0,92190
2025,0,1,40000
2025,2,1,140000
2024,1,0,180000
2024,1,0,63333
2025,0,0,54315
2024,2,1,145000
2025,2,1,226900
2024,0,0,30769
2023,2,1,122720
2024,2,1,86955
2024,2,1,79000
2024,1,1,295000
2024,2,1,213000
2025,0,1,147400
2024,2,1,440000
2024,2,0,120000
2024,2,1,160000
2025,2,1,147500
2025,2,1,100000
2025,2,1,180000
2024,2,0,145620
2025,2,1,176000
2024,1,1,146850
2025,1,1,208000
2024,0,1,93750
2025,2,0,60543
2024,1,1,106500
2024,2,1,143000
2025,2,1,142500
2024,2,1,148045
2024,1,1,97200
2025,2,1,105200
2025,2,1,175000
2024,2,1,218700
2024,2,1,208672
2025,2,0,120000
2025,2,1,160000
2024,2,1,184000
2024,1,1,98300
2024,0,0,59842
2024,2,1,109000
2025,1,1,55000
2024,1,1,103977
2024,2,1,86300
2025,2,1,158200
2024,1,1,186500
2024,3,1,215000
2025,2,1,257200
2025,0,1,100000
2022,2,1,105000
2024,1,0,74000
2024,1,1,110000
2025,2,1,142000
2024,1,1,119000
2025,3,1,103920
2025,1,1,150400
2024,0,1,87700
2024,1,1,350000
2023,2,1,161800
2025,2,1,188000
2024,2,1,122887
2023,1,1,115360
2024,2,1,91062
2024,1,1,176800
2024,1,1,49997
2025,1,1,208000
2025,2,0,31578
2024,1,0,73333
2024,2,1,285200
2024,1,0,122000
2025,0,0,23157
2024,2,1,312200
2024,1,1,211300
2025,1,1,112000
2024,1,1,84320
2024,2,1,245400
2025,0,0,44500
2025,1,1,129780
2025,2,1,180000
2025,2,1,325000
2023,2,1,104000
2024,2,1,130270
2024,2,0,41250
2024,1,0,235100
2025,2,1,159300
2025,1,0,56962
2024,2,1,277500
2024,2,1,147702
2024,0,1,61600
2025,1,1,235000
2025,2,1,356500
2024,2,1,250200
2024,2,1,186200
2024,1,0,178000
2024,2,1,179500
2025,2,1,89203
2024,0,1,59400
2025,1,1,96600
2025,1,1,90000
2024,3,1,175100
2024,2,1,142900
2023,2,0,104584
2024,1,1,111000
2025,1,1,221000
2025,1,0,94936
2024,2,1,295000
2025,2,1,252000
2024,2,1,139400
2024,0,0,29333
2024,2,1,120750
2025,2,1,86800
2024,2,1,275000
2024,0,0,70000
2023,1,1,103000
2025,1,1,180000
2023,2,1,111967
2023,2,1,237000
2025,1,0,63291
2024,2,1,90600
2024,1,1,69139
2024,1,1,101587
2023,2,1,95100
2025,2,1,224500
2025,2,1,170000
2024,2,1,212000
2023,2,1,240000
2025,1,0,74800
2025,2,1,218200
2022,2,1,185000
2024,2,1,185000
2024,0,1,131325
2025,1,1,190000
2024,2,1,201600
2024,1,1,100000
2024,0,1,124400
2024,2,1,180000
2023,2,1,123900
2024,1,1,199500
2024,2,1,141440
2024,1,1,163700
2025,2,1,296610
2024,2,1,115600
2024,2,0,108100
2024,1,0,86100
2025,2,1,207348
2024,2,1,235200
2023,1,1,149500
2024,1,1,190814
2024,1,1,119100
2024,2,1,151300
2024,1,1,134400
2021,2,1,220000
2024,1,1,110000
2024,0,0,50000
2024,2,1,127500
2025,1,0,55683
2025,2,1,224000
2024,1,1,120000
2022,2,1,115000
2024,3,1,216000
2024,0,0,40000
2025,1,1,110000
2024,2,1,160000
2023,1,1,212000
2024,2,1,297500
2024,2,1,149594
2024,1,1,186000
2024,2,1,234000
2025,1,1,193000
2024,2,1,180000
2025,2,1,99400
2024,2,0,105000
2024,2,1,288700
2024,1,1,155900
2024,2,0,137000
2022,1,0,135446
2024,1,1,99700
2024,2,1,317880
2025,2,0,100000
2024,1,1,240000
2025,2,1,138800
2024,1,1,81250
2025,2,1,148719
2024,1,0,47500
2025,1,1,160000
2025,2,1,144580
2024,1,0,33333
2023,2,1,184600
2025,0,0,78222
2024,2,1,273451
2025,1,1,95000
2024,2,1,247500
2024,2,1,202800
2024,2,1,137871
2025,1,0,48205
2023,2,1,175000
2024,2,1,190220
2024,1,1,137500
2025,2,1,252000
2024,0,1,85000
2024,2,1,222480
2024,0,1,56000
2024,0,1,67200
2025,0,0,19284
2025,3,1,280000
2024,2,1,255000
2024,1,1,246000
2024,1,1,98717
2024,2,1,266000
2024,2,1,100000
2024,1,1,123000
2023,2,0,100400
2025,3,1,330000
2025,3,1,191000
2024,2,1,162706
2025,2,1,124000
2025,1,1,93770
2025,2,0,175000
2024,3,1,212500
2024,2,1,202300
2024,1,1,100000
2024,2,0,80000
2025,1,0,82142
2024,2,1,190833
2025,2,1,200000
2024,1,0,207000
2025,1,1,465000
2024,1,1,87500
2024,2,1,184700
2025,2,1,140000
2025,0,0,108463
2024,0,1,44419
2024,2,1,339250
2024,2,1,550000
2024,2,1,250200
2024,0,1,72000
2024,2,1,110100
2024,2,1,105100
2023,0,1,83000
2023,2,1,215000
2025,0,1,172400
2025,3,1,96400
2024,0,0,74597
2024,2,1,119700
2024,1,1,113000
2023,2,1,184000
2024,3,1,100000
2025,1,0,31578
2025,2,1,212000
2025,1,1,90000
2025,2,1,257800
2025,2,1,155000
2024,2,1,152320
2022,2,1,99000
2024,2,1,283800
2024,2,1,148000
2024,2,1,196320
2025,2,0,69473
2024,2,1,149300
2024,2,1,120750
2024,1,1,80100
2024,2,0,58000
2023,2,1,199000
2023,2,1,216000
2024,2,1,283780
2024,0,1,144000
2024,0,0,100144
2024,2,1,235000
2025,2,1,212000
2024,1,1,215000
2024,2,1,150000
2024,0,1,78300
2024,2,1,220000
2025,1,1,96300
2025,2,1,113000
2025,2,1,197000
2025,0,1,108000
2024,2,1,269640
2024,2,1,220611
2024,2,1,80000
2024,0,1,74300
2025,2,1,290000
2022,2,1,183600
2023,2,0,136000
2025,2,1,204000
2025,2,1,220000
2024,2,1,316900
2023,0,1,213660
2025,1,1,112655
2025,2,1,275000
2025,2,1,111966
2024,2,1,405000
2024,2,0,77777
2024,2,1,161600
2024,1,1,197100
2025,2,1,167500
2025,2,1,161000
2022,1,0,61989
2025,1,1,70380
2024,0,1,95000
2024,2,1,64000
2025,1,1,134600
2024,1,0,127000
2024,1,1,119000
2024,2,1,151900
2024,2,1,86700
2024,2,1,201600
2024,1,0,80000
2024,2,1,167000
2024,2,1,132500
2024,2,1,166400
2024,1,1,210000
2025,0,1,67500
2024,1,1,73332
2025,2,1,167153
2025,1,1,75000
2025,2,1,137400
2024,2,1,120600
2023,3,1,153000
2025,3,0,246835
2025,2,0,88607
2024,2,0,122222
2025,2,0,104589
2024,2,0,170100
2024,1,1,86000
2024,0,0,42500
2025,1,1,470000
2023,2,1,191765
2024,0,1,135000
2023,0,1,61800
2024,1,0,250000
2024,0,1,59976
2024,2,1,198000
2022,1,0,53368
2024,1,1,45000
2024,1,1,297000
2025,2,1,240000
2024,0,0,33750
2025,2,1,200600
2025,2,1,64974
2025,1,1,66000
2024,2,1,149076
2024,1,1,65894
2020,1,1,87000
2025,2,1,96900
2023,2,1,129700
2024,1,0,172500
2024,2,1,105700
2024,0,0,33500
2025,2,1,166500
2024,1,1,111700
2023,1,1,150000
2024,2,1,207800
2025,2,0,130000
2024,1,1,119000
2024,2,1,239000
2024,1,1,115000
2025,2,1,253000
2024,2,1,136700
2025,1,0,100000
2025,1,1,123000
2024,1,0,41227
2025,1,1,190000
2024,0,1,145200
2024,1,1,109920
2024,0,1,91520
2025,2,1,234000
2024,2,1,230500
2023,2,0,61520
2024,1,1,75600
2024,1,0,116756
2024,1,1,93500
2024,2,1,88300
2022,1,1,102640
2024,1,1,87000
2024,2,1,129113
2021,1,1,75000
2024,2,1,140000
2024,1,1,178000
2024,1,1,84603
2023,2,1,170000
2024,1,0,33750
2024,2,1,73200
2025,0,1,86000
2024,0,1,100000
2024,1,0,76980
2023,2,1,95100
2023,1,1,120000
2025,1,1,120000
2022,1,1,175000
2024,1,1,76400
2025,1,1,108000
2024,2,1,134300
2025,2,1,78600
2024,2,1,250600
2023,1,1,120681
2024,1,1,192386
2025,1,1,185000
2024,2,1,190900
2024,1,1,167000
2024,2,1,117300
2024,2,1,260590
2024,2,1,178200
2025,2,1,175845
2025,1,1,56250
2025,0,1,180000
2024,2,1,130000
2024,1,1,144660
2024,2,1,238500
2023,1,1,130000
2024,2,1,146900
2024,1,1,75000
2023,0,1,105000
2024,2,1,158000
2025,1,1,113909
2024,2,1,304000
2025,2,1,215000
2024,2,1,155615
2024,2,1,203000
2024,1,1,144000
2022,2,0,63040
2025,1,0,88607
2025,3,1,130000
2024,2,1,164250
2024,1,1,58905
2025,1,1,128200
2024,0,1,92475
2024,1,1,85600
2024,2,1,149260
2023,1,1,165000
2024,2,1,250900
2024,2,0,230000
2024,1,1,210000
2024,2,1,81620
2024,2,1,170000
2024,1,1,93260
2024,2,1,120786
2025,2,1,208000
2024,1,1,54000
2024,0,0,38750
2024,2,1,158600
2024,2,0,100000
2024,1,1,140000
2025,1,1,112000
2025,2,1,112000
2024,2,0,108800
2023,2,1,74400
2024,1,1,85000
2024,2,1,155175
2024,3,1,250000
2025,2,1,253425
2024,2,1,96600
2024,2,1,143000
2023,2,1,247300
2024,1,1,282000
2023,2,1,250000
2025,0,0,113562
2024,1,1,103300
2025,2,1,137600
2024,2,1,223600
2024,2,1,339250
2025,1,1,123696
2024,1,1,237500
2024,1,1,235750
2024,2,1,184200
2025,0,1,219000
2024,2,1,156160
2025,2,1,167325
2024,2,0,143537
2024,2,0,119132
2025,2,1,320817
2025,1,1,110500
2025,1,0,150000
2024,2,1,105301
2025,2,1,221900
2025,2,1,170700
2024,1,1,87000
2024,1,1,265000
2024,1,0,37800
2024,2,1,117000
2024,1,1,151250
2024,1,0,140350
2025,0,1,108300
2024,1,1,465000
2025,2,1,120000
2024,2,1,213000
2025,0,1,34091
2024,1,0,74270
2024,2,1,200000
2023,0,0,122638
2024,2,0,111350
2024,3,1,120000
2024,2,1,140000
2025,2,1,93000
2024,1,1,52073
2024,2,1,234000
2024,1,1,75600
2023,2,1,385000
2024,2,1,97870
2024,2,1,191000
2025,2,0,50021
2024,2,1,132000
2024,1,1,55341
2024,2,1,155000
2025,2,1,107200
2024,0,0,111900
2025,1,1,33000
2025,2,1,143300
2024,1,1,201000
2025,2,1,200569
2025,2,1,158000
2023,2,1,118800
2024,1,1,104100
2025,2,1,102400
2023,1,1,150000
2025,0,1,166000
2024,1,1,100000
2024,1,1,170000
2023,0,0,73824
2024,2,0,171600
2022,2,1,99450
2025,2,1,84836
2024,3,1,167500
2025,3,1,100000
2024,2,1,273000
2024,1,0,44875
2025,1,1,65500
2024,1,1,245000
2024,2,1,123300
2024,2,1,149200
2024,2,1,278900
2021,2,1,80000
2025,2,1,72000
2025,2,1,97000
2024,2,1,209800
2024,1,0,32177
2024,1,0,37296
2024,2,0,210000
2025,0,1,80633
2025,1,1,284900
2024,1,1,252000
2024,2,1,168300
2025,2,1,239760
2025,1,0,85000
2024,1,1,146000
2024,0,1,143000
2024,1,1,108400
2025,2,0,58000
2025,2,0,234900
2024,0,0,64665
2024,1,1,550000
2024,0,1,120452
2025,2,1,299000
2024,1,1,115000
2025,0,1,98140
2024,2,1,750000
2025,2,1,105100
2025,3,1,250000
2024,2,1,240000
2025,2,1,80500
2025,1,1,109200
2025,1,1,158400
2025,0,1,121530
2024,2,0,21600
2024,0,1,56566
2024,1,1,82000
2024,1,0,61538
2024,2,1,285000
2025,2,1,67700
2024,2,1,284000
2025,1,1,67300
2024,1,1,60000
2024,1,1,172000
2025,2,0,150000
2024,2,0,75000
2024,2,1,90200
2024,2,1,211300
2023,2,1,173000
2024,0,1,70000
2024,1,1,86700
2022,2,1,229998
2024,1,0,62500
2023,2,1,220000
2024,1,1,121500
2022,2,0,39925
2025,2,1,291000
2024,2,1,152000
2024,2,1,231643
2024,2,1,106260
2023,1,1,76000
2025,1,1,74000
2024,2,1,178250
2025,2,1,80000
2024,2,1,245400
2025,3,1,314000
2023,2,1,134024
2025,1,1,109600
2024,0,1,97500
2024,2,1,180000
2024,2,1,128900
2024,1,1,192050
2025,1,1,192000
2025,0,1,110100
2024,2,1,85810
2024,2,1,154020
2025,2,0,92050
2024,2,1,89000
2024,1,1,114000
2024,2,1,189100
2024,0,1,50000
2025,0,0,55604
2024,2,1,180000
2024,0,0,33750
2023,1,1,190000
2024,0,1,91500
2025,2,0,88421
2025,2,1,115590
2024,1,0,133333
2024,1,1,77826
2023,2,1,180500
2024,2,1,149600
2025,1,1,171000
2025,2,0,82278
2024,2,1,142320
2024,0,1,113500
2025,2,1,132250
2025,2,1,125000
2025,2,1,150380
2024,1,1,53800
2025,0,0,18947
2024,2,1,170000
2024,0,1,133000
2024,0,1,135000
2025,2,1,167100
2025,2,0,163000
2023,2,1,175000
2025,2,1,351800
2024,0,0,53700
2022,2,1,130000
2025,1,1,101201
2025,2,0,113924
2025,2,1,200000
2024,2,1,148750
2025,3,1,170760
2024,1,1,200000
2025,1,0,193000
2024,2,1,405000
2024,2,1,122600
2025,2,1,185000
2025,2,1,147000
2025,1,1,77000
2024,1,1,81500
2023,2,1,145000
2024,1,1,129570
2024,0,1,65750
2024,2,1,183300
2024,2,1,172500
2024,1,1,425000
2024,0,0,465972
2025,0,0,50632
2022,1,1,159000
2024,0,0,30666
2024,2,0,122500
2024,1,1,185000
2024,1,1,177100
2024,1,1,151000
2025,1,1,181100
2025,2,1,233302
2025,3,1,220000
2024,1,1,129150
2024,2,1,143000
2025,0,1,43181
2023,2,1,170200
2024,0,1,133000
2024,1,1,75000
2024,3,1,110000
2025,2,0,133100
2024,2,0,175000
2024,2,0,87500
2025,0,1,125000
2023,2,1,142000
2025,2,1,134000
2025,2,1,331640
2024,2,1,89100
2025,3,1,300000
2024,2,1,100000
2025,2,1,164500
2024,1,1,147900
2025,2,1,132810
2024,3,1,100000
2025,2,1,70000
2024,2,1,101000
2024,1,1,101000
2024,1,1,87509
2024,0,1,93575
2024,2,1,267500
2025,1,0,63157
2025,2,1,121600
2023,2,1,147100
2025,3,1,185000
2023,2,1,166000
2024,1,1,120000
2025,3,1,170000
2024,1,1,136800
2025,1,1,150000
2025,2,1,117800
2024,1,1,170000
2023,2,1,184250
2024,2,1,88700
2025,2,1,153900
2024,1,1,42000
2025,1,1,175000
2025,0,1,115000
2025,1,1,209000
2024,2,1,138400
2024,2,1,164000
2025,1,1,250600
2024,1,1,75000
2025,1,1,275000
2025,1,1,300000
2025,2,1,154100
2025,2,1,167200
2025,2,1,100900
2022,1,0,64090
2024,2,1,100300
2025,0,1,70000
2025,2,0,114486
2024,2,1,176000
2024,1,1,216000
2025,2,1,213000
2025,2,1,94350
2024,1,1,71100
2025,1,1,168000
2025,1,0,93953
2025,2,0,80700
2024,0,1,78998
2024,2,1,144200
2024,1,0,44444
2024,0,1,59513
2024,2,1,130920
2025,2,1,163125
2024,2,1,170000
2024,2,1,110000
2024,2,1,103331
2024,2,1,259000
2024,0,1,97525
2024,1,0,76666
2024,1,1,71100
2024,2,1,270250
2025,1,1,79800
2024,2,1,188640
2024,1,1,117120
2025,2,1,204750
2024,2,1,72500
2024,2,1,104000
2025,2,1,174078
2025,2,0,130000
2025,2,1,337000
2024,2,1,205700
2025,1,1,81900
2024,1,1,171350
2023,2,1,196500
2024,2,1,193000
2024,2,1,237000
2024,0,1,206250
2024,1,1,145000
2022,1,0,73880
2023,1,1,129300
2025,0,1,56000
2024,2,1,228800
2024,2,1,142320
2025,2,1,55000
2023,2,1,184800
2024,2,1,90834
2024,1,1,78970
2024,2,1,79300
2024,0,1,119000
2023,2,1,149040
2025,2,1,194000
2024,2,1,96000
2023,2,1,134000
2025,0,0,16000
2024,1,1,118414
2025,1,1,96000
2024,1,1,172057
2024,2,1,282200
2025,1,1,250200
2025,2,1,216315
2025,2,1,198800
2024,1,1,212160
2024,1,1,146800
2024,1,1,105000
2025,2,0,88607
2024,1,0,100900
2025,1,0,83800
2024,1,1,163700
2025,1,1,81307
2025,2,0,105500
2024,1,1,198000
2025,2,1,364254
2024,1,1,86320
2025,0,0,178000
2025,1,0,30896
2024,2,1,75600
2024,2,1,55000
2024,1,1,151800
2025,2,1,148400
2024,2,1,233000
2025,1,1,120000
2025,2,1,151800
2024,2,1,160000
2024,0,1,68640
2025,0,1,159200
2024,0,1,532000
2025,2,1,200000
2024,0,1,45000
2024,2,1,105200
2024,1,1,83100
2024,3,1,350000
2025,2,1,73200
2025,1,1,186900
2024,2,1,142140
2025,1,1,300000
2024,2,1,138200
2024,1,1,205500
2024,2,1,230300
2023,1,1,87300
2025,1,1,46000
2024,2,1,163300
2024,2,1,175800
2024,2,1,225000
2023,0,1,100000
2025,1,1,74600
2024,1,1,65000
2024,2,1,200000
2025,0,1,56000
2024,1,1,72000
2024,2,1,225000
2024,1,1,124200
2024,2,1,166750
2025,1,1,120100
2025,2,1,167300
2025,0,1,80000
2025,2,0,253000
2024,2,1,228790
2025,2,1,118100
2024,1,1,243800
2025,2,0,105941
2025,2,1,200000
2025,2,1,121400
2023,2,0,108308
2025,2,1,108000
2025,2,1,211500
2024,1,1,134600
2025,2,1,111000
2025,2,1,194000
2025,2,0,132800
2025,2,1,170038
2025,1,1,36000
2025,2,1,257000
2024,1,1,113000
2024,0,1,71958
2024,2,0,94444
2024,2,1,92500
2024,0,1,73332
2024,0,1,114000
2025,1,1,220700
2025,1,1,93400
2024,1,1,114100
2024,2,0,111400
2025,2,1,269900
2025,2,1,291000
2025,1,1,206300
2025,2,1,74500
2024,2,1,120750
2024,2,0,95000
2024,2,1,194180
2024,2,1,210000
2025,0,1,218000
2025,1,1,155000
2025,2,1,88000
2024,2,1,305414
2025,1,1,115000
2025,1,1,58656
2025,2,1,161500
2025,2,1,159400
2024,2,0,40000
2025,2,0,183544
2024,1,0,63356
2025,1,1,89500
2024,1,1,60000
2023,2,1,122000
2025,2,1,150000
2024,2,1,95776
2024,0,1,43888
2025,2,0,108100
2024,2,1,85000
2024,1,1,74240
2024,2,1,148000
2024,2,1,123365
2025,2,1,242800
2022,1,0,78000
2024,1,0,66000
2023,1,1,65000
2025,2,1,174000
2023,2,1,126100
2025,1,1,102400
2024,1,1,52500
2023,0,1,156450
2024,1,0,95000
2025,2,1,85300
2025,2,1,79800
2022,2,1,300000
2024,2,1,121000
2025,3,1,180000
2025,1,1,138500
2023,2,1,147000
2024,2,1,191240
2025,2,1,170760
2023,2,1,170000
2024,2,1,159675
2025,2,1,234000
2025,1,1,58100
2024,1,1,280000
2023,2,1,153000
2024,2,1,104000
2024,2,1,55155
2024,2,0,158000
2024,2,0,85717
2024,2,1,111000
2024,0,1,167300
2022,2,1,164996
2025,2,1,92800
2025,1,1,167575
2024,2,1,142300
2024,0,1,100000
2024,1,1,65325
2024,2,1,195000
2024,0,1,98572
2022,2,1,95000
2025,1,1,132000
2025,0,1,135320
2025,1,0,72359
2023,1,1,100000
2025,2,1,208700
2025,2,1,194700
2025,2,1,266875
2024,2,1,92920
2023,2,0,76508
2025,0,1,124805
2025,2,1,132000
2024,0,1,91550
2024,2,1,197866
2024,1,1,99800
2024,0,0,56811
2025,0,1,107712
2024,2,1,140600
2023,0,1,110000
2024,2,1,240240
2024,1,1,112500
2024,2,1,137100
2025,2,0,95000
2025,1,1,120000
2025,0,0,113924
2024,2,1,178500
2025,2,1,158800
2024,1,0,94444
2023,0,0,20000
2024,1,1,317000
2025,0,1,200000
2025,1,1,165000
2024,2,1,175888
2025,0,0,33852
2024,0,0,44000
2023,1,0,116888
2025,1,1,170000
2024,2,1,145440
2023,2,1,280000
2024,1,0,93750
2025,2,1,147000
2024,0,0,100000
2024,1,1,83028
2025,2,1,220000
2024,2,1,78000
2025,0,0,16421
2024,1,0,213400
2025,2,0,60000
2024,2,0,170000
2024,2,1,183600
2024,2,1,69200
2025,2,1,137000
2024,2,1,240000
2025,0,1,131000
2023,2,1,140000
2024,1,0,58717
2024,0,0,117000
2025,2,1,132800
2025,2,1,155000
2025,1,1,85000
2025,0,1,138000
2025,0,1,145100
2024,0,1,80000
2024,2,1,138900
2024,2,1,105301
2024,1,1,340000
2025,2,1,133650
2025,2,1,103596
2024,1,1,206500
2024,1,1,300000
2022,1,1,75000
2025,3,1,270000
2024,0,1,177076
2024,1,1,144000
2023,2,1,191400
2024,1,0,180000
2025,2,1,228500
2024,2,1,305600
2024,2,1,81000
2025,2,1,162600
2024,0,1,80600
2025,2,1,172370
2025,1,1,223300
2024,0,1,83850
2023,2,1,142880
2023,1,1,120000
2024,2,0,106500
2025,0,1,160670
2024,2,1,150000
2025,0,1,60800
2023,2,1,122700
2024,1,1,97760
2025,3,1,96960
2025,2,1,147300
2023,1,1,125000
2024,2,1,175845
2025,1,1,280000
2025,2,1,235000
2023,2,1,124230
2024,2,0,88888
2025,0,1,138000
2023,1,1,123000
2024,2,1,130500
2023,2,0,77737
2025,1,1,66510
2024,2,1,112000
2024,3,1,209500
2025,1,1,164000
2024,3,1,250000
2025,1,1,106250
2024,2,1,108730
2025,2,1,132000
2024,1,1,119000
2025,2,1,116300
2024,2,0,68750
2025,2,1,346200
2024,2,1,205563
2025,1,1,208000
2024,1,1,55600
2024,2,1,220000
2024,2,0,66666
2023,1,1,270000
2025,2,1,204750
2023,2,1,170000
2025,3,1,410000
2024,0,1,32000
2024,1,1,287100
2025,1,1,260000
2024,1,1,62186
2025,1,1,155000
2023,2,1,168000
2025,1,1,85850
2025,2,1,179550
2024,0,0,70820
2024,1,1,109800
2023,2,1,111600
2024,1,1,80000
2024,2,0,35386
2024,2,1,112000
2025,2,1,187500
2025,1,1,121800
2024,1,1,110000
2024,1,1,252000
2025,1,1,127600
2025,2,1,112500
2024,2,1,176720
2025,2,1,288400
2025,2,0,80210
2025,1,1,62500
2024,2,1,260000
2024,1,1,65000
2025,3,1,326400
2024,2,1,112986
2025,2,0,94736
2024,1,1,198000
2024,1,1,200000
2024,1,1,168276
2024,2,1,162041
2023,2,1,146900
2024,2,1,116100
2025,2,1,143750
2024,2,1,183552
2024,1,0,40000
2024,0,1,39500
2025,1,1,105000
2024,1,1,148600
2024,2,1,121800
2025,1,1,138200
2024,2,1,184800
2024,1,1,146100
2024,2,0,149500
2024,2,1,500000
2024,2,0,74800
2025,2,1,167471
2025,1,1,89970
2024,1,1,136000
2025,2,1,181800
2023,0,0,40581
2022,2,1,102100
2025,2,0,171600
2024,1,1,90500
2024,2,1,80000
2024,2,1,314200
2024,2,1,207000
2024,1,1,185000
2025,2,1,114000
2025,1,0,36855
2024,1,1,84132
2025,1,0,113924
2024,0,1,76500
2023,2,0,110000
2024,2,1,176720
2025,0,1,29750
2025,2,1,178000
2025,1,1,165000
2022,2,1,117000
2024,1,1,130000
2022,2,1,70500
2024,0,1,84300
2025,2,0,170000
2024,1,1,81500
2025,2,1,125000
2024,2,1,378700
2024,0,1,79310
2024,1,1,119000
2024,1,0,45715
2024,1,1,177000
2024,2,1,110000
2024,1,1,110400
2024,2,1,96600
2025,2,0,65936
2024,2,1,195600
2022,1,1,100000
2024,0,0,81250
2024,2,1,180000
2025,1,0,322784
2025,1,1,70000
2025,0,0,102147
2025,2,1,267240
2025,1,1,154100
2024,1,1,304043
2024,2,1,145350
2025,2,1,122650
2024,1,1,237500
2025,2,1,115000
2023,2,1,107500
2025,2,1,145000
2025,2,0,161360
2024,2,1,122000
2025,1,1,78700
2024,2,1,201600
2024,2,1,107000
2024,1,1,130425
2025,3,1,132500
2024,2,1,192222
2024,1,1,75705
2025,0,1,96147
2025,2,1,159375
2025,2,1,119076
2024,2,0,65000
2025,2,1,97500
2024,1,1,305900
2024,1,1,136200
2024,2,1,86320
2025,1,1,147900
2024,2,1,124373
2023,2,1,146000
2023,2,1,243600
2025,2,1,160000
2025,2,1,204500
2024,1,1,62000
2024,2,0,152400
2025,2,1,160000
2024,3,1,175000
2025,2,1,197800
2025,0,1,110300
2024,2,1,162800
2025,1,1,122700
2025,3,1,142250
2025,2,1,286600
2023,2,1,200000
2025,2,1,126160
2024,1,1,189000
2023,2,1,198200
2025,1,1,122200
2025,2,1,197500
2024,2,1,136852
2024,0,0,26666
2024,2,0,43750
2024,1,1,87500
2023,2,1,121400
2025,1,1,119795
2025,2,1,119700
2024,2,1,78600
2023,2,1,165600
2025,1,0,50000
2024,3,0,139336
2025,2,1,223700
2024,1,0,70666
2025,1,0,137000
2024,0,0,38131
2025,1,1,194600
2025,2,1,87550
2024,2,1,200000
2023,1,1,100000
2025,2,1,221000
2025,2,1,195900
2024,2,1,239127
2025,2,1,147000
2025,2,1,178375
2025,2,1,175000
2025,2,1,153600
2025,1,1,240000
2025,2,1,121500
2025,1,1,297000
2024,1,1,110000
2025,1,1,131000
2024,2,1,272000
2025,2,1,132799
2024,2,1,151900
2024,2,0,193000
2023,2,1,131000
2024,2,0,27586
2025,2,1,250240
2023,2,1,70960
2025,1,1,113000
2024,2,1,170400
2024,1,1,178200
2025,1,1,68000
2025,1,1,136000
2024,2,1,210600
2023,2,1,90000
2024,2,1,120700
2024,2,1,135400
2025,2,0,73710
2024,1,0,63504
2024,1,1,174600
2024,2,1,95000
2022,2,1,160000
2024,3,1,235000
2024,2,1,240000
2024,2,1,416100
2025,0,1,99000
2025,2,1,124400
2025,2,1,180000
2025,2,1,108000
2023,2,1,212200
2024,3,1,313600
2025,2,0,91578
2024,2,1,99200
2024,2,1,178500
2025,1,1,123600
2025,1,1,106080
2024,1,1,76000
2024,0,1,69722
2025,1,1,42000
2025,2,0,190000
2025,2,1,121700
2025,0,0,113713
2025,3,1,267500
2024,2,1,201000
2025,1,1,211536
2025,2,1,142700
2024,2,1,185000
2024,2,1,181000
2025,2,1,315000
2023,2,0,224000
2025,1,1,153000
2025,1,1,96142
2024,2,1,172200
2024,2,1,94200
2025,2,0,126643
2024,2,1,213800
2024,2,1,125760
2024,0,1,60400
2024,3,0,105600
2024,2,1,147000
2024,1,1,242888
2025,1,0,106900
2024,3,0,250000
2022,2,1,120000
2025,1,1,101000
2025,2,1,120000
2024,1,1,750000
2024,2,1,175000
2023,2,1,154700
2024,0,0,75000
2022,1,1,134000
2024,1,1,227600
2024,2,1,111800
2024,2,0,92800
2024,2,0,130000
2025,0,0,37549
2024,0,0,253000
2025,2,1,198000
2024,2,1,120000
2024,2,1,145360
2025,2,1,252100
2024,0,1,151260
2025,2,1,113840
2025,2,1,314000
2024,1,1,90000
2024,2,1,166694
2024,2,1,184900
2024,1,1,91200
2024,2,1,215424
2024,3,1,148100
2024,2,1,156476
2025,0,0,159000
2025,2,1,111691
2025,2,1,237100
2024,2,1,122000
2025,2,1,165420
2024,1,1,174175
2025,2,1,81400
2025,0,1,120000
2024,1,0,100000
2025,2,1,208000
2024,2,0,82500
2024,1,1,115000
2022,2,1,152000
2024,2,1,235680
2024,2,1,139500
2025,2,0,53316
2025,2,1,338270
2025,1,1,35000
2025,2,0,130000
2024,2,1,180360
2025,0,1,84000
2024,1,1,108182
2024,0,1,96000
2025,0,1,72500
2023,2,0,150000
2024,1,1,163000
2024,2,1,116500
2024,0,1,203866
2024,2,1,132678
2025,2,1,87200
2025,2,0,65178
2025,1,1,178000
2025,2,1,71100
2025,2,1,147900
2025,2,1,100000
2025,2,1,135700
2025,0,1,128400
2024,2,1,195800
2024,1,1,121000
2025,0,1,92600
2025,1,0,148000
2024,2,1,97024
2024,2,1,234200
2025,0,0,26526
2023,2,0,151100
2025,2,1,57200
2024,2,0,53333
2025,1,1,70800
2024,2,1,182400
2024,2,1,170700
2024,2,1,127600
2024,0,1,76560
2025,0,1,122000
2022,2,1,130050
2025,3,1,142320
2024,2,1,210951
2024,2,1,214032
2023,2,1,86000
2025,1,0,110059
2025,0,1,230000
2024,1,1,130591
2025,2,1,112000
2024,1,1,153400
2024,1,1,405000
2025,2,1,300000
2024,1,1,106371
2024,0,1,144300
2022,2,1,172200
2024,0,1,63000
2025,2,0,74526
2024,2,1,134000
2024,2,1,140000
2024,2,0,155000
2024,2,1,189897
2024,2,1,146000
2025,0,1,86539
2024,0,1,104000
2025,0,1,175000
2024,0,1,177000
2024,2,1,115000
2024,2,1,131400
2025,1,1,110000
2025,0,1,212200
2024,1,0,110000
2023,1,1,129300
2025,2,1,90000
2025,1,1,64000
2025,2,1,75000
2024,2,1,114000
2024,1,1,90146
2025,1,1,162550
2025,2,0,231000
2025,1,1,143100
2024,2,1,103275
2025,2,0,101265
2024,2,1,230000
2025,1,1,60300
2025,2,1,200000
2025,0,0,38947
2025,1,0,250600
2024,1,1,175100
2024,2,1,116000
2025,1,0,91789
2022,0,1,100000
2025,2,1,117520
2025,2,1,20000
2023,2,0,142200
2025,2,1,222000
2024,1,1,147000
2024,2,1,70200
2025,2,1,296300
2024,1,0,102900
2025,2,1,190000
2025,2,1,265000
2025,1,0,63291
2024,2,1,149020
2025,1,1,46000
2025,2,1,125000
2025,1,1,89250
2024,3,1,130000
2025,0,1,101540
2025,0,1,123404
2025,2,1,138000
2023,2,1,170200
2025,1,1,191000
2024,2,1,80000
2025,2,1,182100
2025,0,0,79440
2024,1,1,94000
2024,0,1,96800
2024,2,1,180700
2022,1,1,50000
2025,1,1,95000
2024,1,0,50000
2025,2,1,334600
2025,0,1,84700
2024,2,1,237000
2024,1,1,114000
2025,2,1,303900
2022,2,1,150000
2024,2,1,234000
2024,2,1,177140
2025,2,1,222480
2024,2,0,105784
2022,0,0,31520
2024,2,1,246400
2023,1,0,70000
2025,2,1,133000
2025,2,1,196200
2023,1,1,76000
2022,2,1,154000
2025,2,1,96900
2023,2,1,285000
2024,1,1,197400
2024,2,1,261500
2025,1,1,207000
2023,0,1,130001
2022,1,1,240000
2024,3,1,278000
2024,1,1,94200
2025,2,1,123280
2024,1,1,116040
2025,2,0,284810
2024,2,1,160000
2024,2,1,84700
2023,2,1,240000
2025,2,1,236000
2025,2,1,145440
2023,2,1,205000
2024,1,1,255360
2023,0,0,60000
2025,0,0,21473
2023,2,0,155000
2025,0,1,60300
2025,3,1,245000
2024,1,0,25000
2024,1,1,195000
2023,2,1,246500
2024,0,1,129960
2025,2,1,95600
2023,2,1,180000
2025,2,1,171000
2022,2,0,92350
2025,1,1,112000
2024,2,1,228188
2025,2,1,194000
2024,1,1,323400
2025,1,0,81600
2024,1,1,76560
2024,1,1,82500
2024,2,1,239000
2025,2,1,414000
2025,0,1,266400
2024,1,1,235400
2024,2,1,81250
2024,2,1,228800
2025,1,1,46000
2025,2,1,195000
2024,2,1,189000
2024,2,1,181800
2025,2,1,89602
2024,1,1,96700
2023,1,1,115702
2025,1,1,219203
2024,1,1,117900
2024,2,1,135650
2025,3,1,150000
2025,1,0,62857
2025,0,0,49107
2024,2,1,235400
2024,2,1,150800
2025,0,1,120900
2025,2,1,150400
2025,2,1,405000
2025,2,1,108520
2024,2,1,216000
2025,2,1,141300
2023,2,1,238000
2025,2,1,115000
2025,0,1,220000
2024,1,1,79000
2024,2,0,93752
2025,2,1,173689
2025,2,1,165000
2024,0,1,86000
2025,1,1,154700
2025,2,1,135000
2024,1,1,95000
2024,1,1,180000
2024,0,1,119000
2023,2,1,221000
2024,2,1,163000
2024,2,1,350000
2023,2,1,275300
2025,1,1,136000
2024,2,1,128300
2024,2,1,296300
2025,1,1,244000
2024,2,1,235400
2025,3,1,188000
2025,1,0,41197
2024,1,1,100000
2025,2,1,194086
2024,2,0,126383
2024,2,1,265000
2025,2,1,197000
2024,2,1,192050
2024,1,1,213600
2024,2,1,256100
2025,2,1,130600
2024,2,1,136038
2024,2,1,175392
2023,1,1,75000
2023,1,1,153800
2024,0,1,37000
2025,1,1,105000
2024,2,0,89423
2024,0,1,106300
2025,0,1,129924
2024,2,1,168600
2025,2,0,134000
2023,2,1,181500
2025,2,1,210000
2024,2,1,83400
2024,2,1,196900
2025,0,1,168790
2024,1,1,80000
2024,1,1,187909
2024,2,0,90000
2025,1,1,205700
2025,2,1,199300
2024,2,1,129800
2024,2,1,248400
2025,0,1,66900
2023,1,1,64500
2025,2,0,75949
2024,2,1,191000
2024,2,1,160580
2024,1,1,77200
2025,1,0,135814
2024,2,1,232000
2024,2,1,256000
2025,2,1,259000
2025,1,1,93600
2024,3,1,218000
2025,1,1,275000
2024,1,1,103000
2025,2,0,128000
2025,1,1,89850
2023,2,1,153000
2024,3,1,408500
2025,1,1,141700
2024,0,1,130104
2024,0,1,55250
2025,2,1,139000
2024,2,1,80317
2025,1,1,60000
2025,2,1,107400
2025,2,1,257300
2024,1,1,71958
2024,2,1,187450
2024,1,0,213400
2025,1,1,162000
2025,2,1,91200
2021,1,0,37825
2024,3,1,220000
2025,2,1,114100
2024,1,1,100000
2024,1,1,163700
2025,2,1,273800
2024,1,1,118765
2024,0,1,79700
2023,1,0,53120
2025,2,1,125000
2025,2,1,105000
2024,2,1,150000
2024,1,1,135014
2025,2,1,280000
2024,2,1,160284
2024,2,1,183000
2023,1,1,120000
2024,1,0,51760
2024,0,0,42456
2024,2,1,128800
2024,2,1,266875
2025,1,1,79800
2025,3,1,344500
2025,2,1,69920
2022,1,1,260000
2025,1,1,126700
2023,2,1,180000
2024,1,1,150000
2023,2,1,165000
2025,1,1,87700
2023,2,1,110200
2025,2,1,219400
2024,1,1,68750
2024,2,1,185619
2025,2,1,93500
2024,1,0,302000
2025,1,1,93000
2024,1,1,86528
2025,2,1,90160
2025,1,1,343100
2024,2,1,147000
2024,2,1,149850
2024,2,1,216000
2025,0,1,158620
2024,2,1,269800
2024,1,1,106400
2024,1,1,114236
2025,1,1,122000
2024,2,1,190300
2024,0,1,134360
2025,2,1,165600
2024,1,1,92684
2024,2,1,235000
2023,2,1,192000
2024,1,1,110000
2024,0,1,143900
2025,2,1,132000
2024,2,0,97600
2025,2,1,211180
2024,1,1,60675
2025,0,1,86000
2025,2,1,285600
2024,2,1,155000
2024,0,1,56000
2024,1,1,146300
2025,1,0,135000
2025,0,0,105000
2024,0,1,77280
2022,1,0,20984
2024,1,1,109230
2022,2,0,172309
2023,2,0,87000
2024,2,1,244000
2025,0,0,296860
2024,2,1,95000
2024,2,1,115000
2024,1,1,231250
2024,1,1,116600
2024,0,0,98400
2024,2,1,276000
2024,1,1,196000
2025,2,1,212000
2024,2,1,137000
2025,1,1,82500
2024,0,1,51000
2025,2,1,157000
2025,2,0,78481
2025,3,1,334750
2025,2,1,173000
2025,0,1,88800
2025,2,1,221700
2025,1,1,143200
2024,2,1,100650
2025,0,1,68000
2024,2,1,130000
2024,1,1,98280
2024,1,0,92346
2024,2,1,227200
2024,1,1,184000
2024,2,1,163000
2024,2,1,110000
2023,2,1,285000
2024,2,1,137275
2024,2,1,198900
2025,2,1,175000
2024,2,1,131000
2023,2,1,118575
2024,2,1,304000
2024,2,1,165600
2024,2,1,59923
2024,2,1,176000
2024,2,1,117000
2024,0,1,141840
2025,2,1,169272
2024,0,1,230000
2025,1,1,121900
2024,2,0,135800
2024,2,1,136100
2025,2,1,312200
2025,2,1,140000
2024,2,0,216000
2024,2,1,169578
2023,2,1,167500
2024,2,1,172000
2024,1,1,62371
2025,1,1,124200
2023,2,1,157500
2023,2,1,254000
2024,2,1,355000
2025,2,1,127143
2025,1,1,96600
2024,2,1,59000
2022,0,1,85000
2025,1,1,98300
2023,2,0,289800
2025,1,0,130000
2025,2,1,128398
2025,2,0,121800
2024,1,1,83400
2025,1,0,51789
2024,1,1,150000
2023,2,1,139500
2024,1,1,176400
2025,1,0,26315
2024,2,1,205000
2024,1,0,68750
2024,1,0,197312
2024,2,0,47226
2024,2,1,179900
2025,2,1,265080
2024,2,1,81500
2023,2,1,126100
2025,0,1,84000
2023,2,1,174250
2024,2,1,203000
2024,1,1,141500
2024,2,1,303500
2025,1,1,80000
2024,1,1,84000
2025,0,0,26265
2024,1,0,80000
2024,2,1,254000
2024,2,1,251950
2023,2,1,141300
2021,2,0,103691
2024,0,1,106370
2025,2,1,80500
2024,0,1,84600
2024,2,1,195000
2025,2,1,259500
2024,2,1,239700
2025,1,0,109473
2024,1,1,246400
2024,0,1,36000
2024,1,1,101300
2025,2,1,101970
2024,2,0,156250
2024,2,1,465000
2024,2,1,193000
2025,2,1,118450
2024,2,1,223500
2022,2,1,152000
2023,2,1,150000
2025,2,1,218625
2025,2,1,132292
2024,1,1,72100
2024,2,1,253000
2024,0,0,66600
2024,1,1,94722
2024,2,1,110000
2024,2,0,125821
2024,2,1,225000
2024,2,0,65333
2025,2,1,260100
2025,2,1,129000
2023,1,0,73824
2023,2,1,169000
2025,2,0,174980
2024,2,0,235000
2024,2,1,315000
2024,1,1,179494
2025,0,1,66730
2025,1,0,66455
2025,0,0,62900
2024,2,1,87069
2024,2,1,74300
2024,2,1,200400
2025,1,1,170000
2024,2,1,365100
2024,1,1,117500
2025,1,0,160000
2024,2,1,267500
2024,0,1,95200
2024,2,1,154000
2024,2,1,278300
2024,2,1,188640
2023,1,1,109000
2024,2,1,148000
2024,2,1,103500
2025,2,1,157900
2025,2,1,74400
2023,1,1,155810
2024,2,1,150000
2023,2,1,144000
2023,2,1,183600
2024,2,1,188875
2024,1,1,90000
2024,1,1,87200
2024,2,1,115000
2024,0,1,137972
2023,1,1,149094
2024,1,1,83200
2024,2,1,233100
2025,2,1,172000
2025,2,1,281900
2024,2,1,105000
2024,2,1,202600
2024,2,1,265000
2025,0,0,100000
2024,2,1,190000
2024,2,1,85000
2022,2,1,139860
2024,0,1,58000
2024,1,1,78500
2024,2,1,62900
2023,2,0,120000
2025,2,1,110000
2025,1,1,70000
2024,2,1,175000
2024,2,0,104000
2024,0,0,140000
2024,2,1,92700
2024,1,1,140000
2024,0,1,62148
2025,2,1,240000
2024,2,1,161500
2024,0,1,97875
2024,2,0,59070
2025,1,1,96600
2025,2,0,67857
2025,1,1,70500
2024,1,1,203280
2024,3,1,351000
2025,2,1,148500
2025,2,1,120750
2023,1,1,90500
2022,2,1,405000
2025,2,1,129840
2023,2,1,157250
2024,2,1,175600
2024,1,1,92000
2024,2,1,88275
2024,0,1,160000
2025,2,1,169700
2024,2,1,358072
2024,1,0,88888
2024,2,1,176000
2024,2,1,100000
2025,2,1,155000
2024,1,1,137800
2025,1,1,142000
2024,0,1,193600
2025,0,1,132000
2025,1,1,125000
2025,2,1,272600
2024,1,1,164200
2025,2,1,102000
2024,1,1,157850
2024,2,1,122246
2024,2,1,121900
2024,2,1,235750
2024,1,0,200000
2024,2,1,357600
2025,2,1,99800
2024,0,0,108463
2025,0,1,66444
2024,1,1,71500
2024,2,1,208300
2025,2,1,274000
2024,1,1,176386
2025,1,1,79900
2022,2,1,150000
2023,2,0,38290
2025,1,1,186000
2024,1,1,60423
2024,0,1,121900
2025,2,1,159100
2024,1,1,91548
2024,1,1,207530
2024,2,1,211180
2023,1,1,96000
2024,1,1,188000
2024,1,0,57020
2024,2,1,105000
2024,2,1,107120
2025,2,1,192890
2025,2,1,139000
2024,2,1,247200
2024,2,1,170000
2025,3,1,350000
2024,1,0,137500
2024,2,1,212000
2024,2,0,229000
2024,2,1,138720
2024,0,0,65000
2024,2,1,68800
2024,3,1,181900
2024,2,1,177900
2024,2,1,181700
2024,1,1,221000
2024,1,1,220000
2025,1,1,83597
2024,1,1,230000
2025,2,1,152000
2025,0,1,95000
2024,1,1,148045
2024,0,0,112557
2024,0,1,100000
2025,2,1,55759
2025,1,1,121800
2025,1,1,148200
2024,1,1,135000
2024,1,0,190000
2024,1,1,195700
2025,2,1,218500
2025,0,1,116200
2024,2,1,249600
2025,1,1,312200
2024,2,1,159300
2025,2,1,105000
2024,1,1,80400
2024,2,1,159869
2023,1,1,144000
2024,2,1,202200
2025,2,1,184000
2025,2,0,170000
2024,2,1,240500
2024,0,1,162240
2023,2,1,150000
2023,0,1,80000
2025,2,1,174720
2024,2,0,106250
2024,2,1,136500
2025,1,1,118273
2023,2,1,168000
2025,2,1,143700
2025,2,1,185000
2024,2,1,120000
2024,2,0,147100
2024,1,1,97300
2024,2,1,180000
2025,0,1,158250
2025,1,1,189000
2024,1,1,264800
2025,1,1,175800
2025,0,1,225000
2024,1,1,158000
2023,2,1,139400
2024,2,1,153200
2025,1,1,155000
2023,0,1,160000
2025,1,1,115000
2024,1,1,226000
2024,2,1,146800
2025,1,1,228000
2025,2,1,84975
2024,2,1,135000
2024,2,1,145000
2024,1,1,127000
2024,1,1,251600
2025,2,1,186800
2025,2,1,118900
2024,2,1,221630
2025,2,1,193000
2024,3,1,176720
2024,2,0,215000
2024,2,1,314400
2025,1,1,60309
2024,1,1,59101
2024,0,1,146875
2024,0,1,181500
2024,2,1,155000
2025,2,1,280000
2025,2,1,102100
2025,2,0,63157
2024,1,1,79700
2025,2,1,154600
2024,2,0,202000
2024,2,1,167088
2024,2,1,72700
2025,2,1,160284
2024,1,1,155500
2024,1,1,203940
2024,2,1,84300
2023,3,1,87500
2024,2,1,259000
2024,2,1,248600
2023,2,1,144100
2025,2,1,240400
2024,2,1,133600
2025,2,0,128000
2025,0,1,67020
2024,1,1,105295
2025,0,0,23086
2025,2,1,86500
2022,2,1,85000
2025,2,1,215000
2024,2,1,287500
2024,1,1,425000
2025,2,1,190000
2024,3,1,115920
2025,1,1,216700
2024,1,1,66380
2025,2,1,310500
2024,0,1,68000
2024,3,1,90000
2024,2,1,209657
2023,2,1,129000
2024,2,1,254400
2025,2,1,181220
2024,1,0,78750
2025,2,0,165000
2024,2,1,303050
2025,2,1,185700
2024,2,1,112000
2022,2,1,149850
2024,1,1,180393
2024,1,1,161875
2024,1,1,148000
2025,1,1,175000
2024,1,0,100000
2024,2,1,87000
2024,1,1,89472
2025,0,0,60948
2024,3,1,79595
2024,1,1,269200
2025,1,1,135000
2025,2,1,308000
2023,2,1,111550
2024,2,0,60437
2023,2,1,140000
2024,1,0,130900
2024,1,1,82000
2023,0,1,155000
2024,2,1,220500
2023,2,1,146600
2025,2,1,248300
2024,2,1,209700
2025,2,0,152142
2024,2,1,195000
2025,1,1,329600
2024,1,0,157600
2024,2,1,278800
2023,1,1,220000
2024,2,1,220000
2022,2,0,36773
2024,1,1,225000
2025,1,1,99700
2025,2,1,201600
2023,2,1,157000
2025,1,0,108000
2025,1,1,70600
2025,2,1,141000
2025,3,1,323000
2025,1,1,175000
2023,2,1,144800
2025,2,0,135000
2024,2,1,299000
2025,0,1,140000
2024,1,1,109800
2025,1,1,155300
2025,1,1,109000
2025,2,1,129000
2024,2,1,289000
2023,2,1,46200
2024,1,1,177100
2025,0,1,634000
2024,0,1,90000
2024,2,1,123840
2024,2,1,143500
2025,2,1,203900
2024,2,1,140160
2025,2,1,184150
2022,2,1,160080
2024,2,1,117000
2024,1,0,70000
2024,2,1,88761
2023,1,1,158200
2024,2,1,219000
2024,1,1,125000
2024,2,1,206300
2025,1,1,78000
2023,2,1,104800
2025,1,1,133195
2024,2,1,300000
2024,2,1,174500
2025,2,1,138715
2024,1,1,389500
2024,1,1,137750
2025,1,1,250000
2024,0,1,106840
2024,2,1,123300
2024,0,1,70550
2024,1,1,108300
2024,2,1,166560
2025,1,1,169804
2025,1,1,200000
2025,2,1,303000
2024,1,1,85000
2023,3,1,295500
2025,1,1,170400
2025,1,1,53000
2024,3,1,222830
2025,2,1,236500
2023,2,1,253000
2024,2,1,211000
2024,2,0,292500
2025,0,1,175000
2025,2,1,142320
2024,2,1,96400
2025,1,1,140000
2024,0,1,81075
2024,1,1,81900
2024,1,1,100700
2025,3,1,359500
2024,2,1,84500
2024,1,1,77760
2024,1,1,67000
2024,1,0,300000
2024,2,1,177900
2022,1,0,52533
2024,2,1,115500
2025,1,0,78100
2024,1,1,107799
2025,1,1,150500
2025,2,1,152000
2024,1,1,164450
2024,2,0,200000
2022,1,1,60000
2024,2,1,209720
2024,2,1,165200
2024,2,1,250000
2025,2,1,200569
2024,2,1,185000
2022,3,1,180000
2025,2,1,162000
2024,2,1,122200
2025,2,1,280600
2024,2,1,276760
2024,2,1,200500
2024,2,1,177747
2025,2,1,100000
2024,0,1,80000
2024,2,1,214500
2025,1,0,17684
2025,2,1,250600
2024,2,1,180000
2023,2,1,178538
2025,2,1,87120
2024,2,1,199500
2025,0,1,55000
2025,2,1,340000
2024,2,1,184000
2023,2,1,306000
2024,3,1,233850
2023,2,1,192000
2024,1,1,165000
2024,2,1,130100
2024,2,1,149200
2024,2,1,342844
2024,2,1,94000
2024,2,1,106300
2025,2,1,69000
2024,0,1,194500
2023,2,1,207611
2023,1,1,170000
2025,1,1,110000
2025,2,1,165000
2024,2,1,129700
2024,2,1,168000
2024,0,1,58542
2024,1,1,154000
2025,2,1,94000
2025,2,1,102500
2024,2,1,195000
2023,2,1,144300
2024,2,1,145000
2023,2,1,158600
2025,2,1,170760
2024,2,1,50700
2024,1,1,149600
2024,0,1,103000
2025,1,1,151000
2024,2,1,181500
2024,2,1,112860
2024,1,1,170000
2025,2,1,109800
2023,2,0,197000
2024,2,0,66000
2024,2,1,177000
2024,2,0,104000
2025,0,1,73600
2024,1,1,177905
2025,1,1,119000
2024,2,1,109200
2024,1,1,196800
2025,1,1,315000
2024,1,1,133000
2023,2,1,129000
2025,2,1,131600
2024,2,0,172150
2025,0,1,50000
2025,1,1,48000
2024,2,1,283800
2024,2,1,192000
2025,0,1,112565
2025,2,1,135000
2024,2,1,152500
2024,0,1,65680
2024,2,1,190180
2024,1,1,158000
2025,2,1,180370
2024,2,1,166600
2024,1,1,80000
2024,1,1,80300
2025,2,1,149076
2024,0,1,264200
2024,1,1,99200
2025,2,1,150143
2024,1,1,172000
2024,2,1,92118
2025,2,1,184000
2024,1,1,278900
2024,1,1,209657
2024,1,1,116040
2025,1,1,135000
2024,2,0,242000
2025,2,1,130295
2022,3,1,216000
2024,1,1,111000
2024,0,0,27777
2025,1,1,80480
2025,2,1,192000
2024,1,1,230000
2024,3,1,274800
2024,2,1,260000
2024,2,1,142700
2025,2,1,135000
2024,0,1,74971
2023,2,1,267100
2024,2,1,150762
2024,2,1,140280
2025,2,1,200000
2025,2,1,140000
2024,1,1,170000
2025,2,1,250200
2024,0,1,113700
2023,2,1,94600
2024,2,1,122000
2024,0,1,168150
2025,1,1,140000
2024,2,1,219638
2025,2,1,144480
2024,2,1,124000
2025,1,1,104000
2024,2,1,187200
2024,2,1,160000
2023,2,1,175564
2024,3,1,353500
2024,2,1,194000
2025,1,1,104650
2024,2,1,164000
2024,1,1,170200
2025,2,1,514000
2024,2,1,175000
2024,2,1,108000
2025,1,0,56962
2025,2,1,324000
2022,1,0,63040
2024,2,1,168400
2025,2,1,194805
2024,1,1,124000
2025,0,1,106000
2024,1,1,154000
2025,2,1,195200
2024,1,1,155700
2024,2,1,98500
2025,1,1,175000
2024,2,1,252000
2022,2,1,101570
2023,0,1,59059
2023,2,1,159300
2025,2,0,56962
2023,0,1,130760
2022,1,1,130000
2024,1,0,48000
2024,1,1,145000
2024,1,0,86750
2023,2,1,169280
2024,1,1,128600
2022,2,1,124270
2023,1,1,110000
2022,2,1,350000
2021,0,0,42028
2024,2,1,115704
2025,2,0,148101
2024,2,1,226900
2024,2,1,212750
2025,2,0,36000
2024,1,1,75286
2023,2,1,234000
2023,2,1,155000
2024,2,0,92190
2022,2,1,182750
2025,1,1,79310
2024,2,1,690000
2024,2,1,178100
2024,3,1,146900
2024,2,1,104000
2024,1,1,246536
2025,1,1,116000
2025,2,1,123400
2025,1,0,50000
2024,2,1,170700
2025,0,0,18644
2025,3,1,328500
2024,2,1,85247
2024,2,1,136300
2024,2,1,110128
2024,2,0,166625
2025,1,1,201300
2025,1,1,178250
2024,1,1,280000
2025,2,1,180000
2025,2,1,133688
2025,0,1,84000
2025,2,1,118736
2025,2,1,160284
2024,1,0,49750
2024,0,0,37333
2025,1,0,43205
2023,2,1,150600
2024,0,1,162150
2025,1,1,180000
2024,1,1,136300
2024,2,1,299000
2024,2,1,160000
2024,1,1,209330
2025,2,1,232396
2024,2,1,158000
2024,2,1,86840
2024,0,1,53700
2024,0,1,158688
2025,2,1,135000
2024,2,1,120000
2025,2,1,259000
2024,2,1,149000
2025,0,1,79920
2024,2,1,193800
2025,2,1,80000
2024,2,0,170000
2024,1,1,95000
2023,2,1,91800
2025,2,1,108497
2025,2,1,325000
2024,2,1,429100
2024,0,1,111600
2022,2,1,220000
2025,1,1,128544
2025,2,1,113000
2025,2,1,141500
2025,2,1,149000
2025,2,1,264200
2025,1,1,145000
2024,2,1,164500
2025,0,1,73600
2024,1,1,111780
2024,2,1,98000
2024,1,0,48000
2025,1,1,105620
2025,2,1,151300
2024,2,1,160000
2024,2,1,205000
2024,2,1,178296
2025,1,1,79700
2025,2,1,91800
2024,1,1,79900
2024,2,1,161000
2024,1,0,47000
2025,2,0,200000
2024,1,1,145537
2023,2,1,205218
2025,2,1,251000
2024,2,1,67170
2022,1,1,100000
2024,1,0,125000
2025,2,1,128000
2025,2,1,75000
2025,2,1,227950
2025,1,1,170000
2024,0,1,117400
2024,1,1,145000
2024,1,1,105600
2024,0,1,129300
2025,2,1,118700
2024,1,1,146875
2024,1,1,85000
2024,2,1,146000
2025,1,1,195400
2024,2,1,465000
2025,1,1,124000
2024,2,1,177500
2024,2,1,78520
2024,0,1,79300
2025,2,1,89300
2024,0,1,216000
2024,2,0,200000
2023,2,1,212000
2024,2,1,224028
2025,0,1,93750
2024,2,0,133400
2024,0,1,173450
2024,2,1,191100
2022,2,1,196000
2024,2,1,86000
2025,1,1,98300
2024,1,1,230000
2024,2,1,317690
2024,2,0,118750
2023,0,1,70000
2024,1,1,135000
2025,2,1,244000
2024,2,1,264480
2025,2,1,115000
2023,1,1,140000
2025,2,1,156000
2024,3,1,173600
2024,0,1,165500
2024,2,1,180000
2024,2,0,165000
2024,0,1,134000
2024,2,1,98250
2023,3,1,70000
2024,2,1,186160
2024,1,1,84900
2024,1,0,105000
2025,1,1,101000
2024,2,1,195800
2025,2,1,275000
2024,0,1,61463
2025,1,1,61800
2024,2,0,93750
2024,0,1,63700
2021,1,1,95746
2025,2,1,208000
2024,1,1,150000
2024,2,1,130400
2024,1,1,196200
2024,2,1,96000
2025,1,1,75000
2025,2,0,237150
2025,0,1,78073
2023,2,1,190000
2024,2,0,131750
2024,1,1,72000
2024,1,1,210672
2024,1,1,132000
2024,2,1,88200
2025,0,1,193500
2023,2,1,82500
2025,2,1,201400
2024,2,1,115000
2025,2,1,215000
2023,2,1,65000
2023,2,1,260000
2025,2,0,30315
2024,1,1,117000
2024,2,1,290000
2024,2,0,108750
2025,1,1,147000
2024,2,1,114300
2024,2,0,212000
2024,1,1,186160
2025,2,1,259200
2025,1,0,121052
2023,2,1,187500
2021,1,0,46809
2025,2,1,185000
2023,2,1,164000
2024,2,1,276000
2025,0,1,120000
2025,1,1,183600
2024,0,0,68750
2025,1,1,260000
2024,1,1,60300
2024,2,1,142500
2023,2,0,162000
2024,0,1,53950
2025,2,1,233800
2025,2,1,176000
2024,2,1,213500
2024,2,1,234200
2025,2,1,215000
2022,2,1,80000
2024,2,1,127500
2024,1,0,37500
2024,2,1,262650
2025,2,1,158500
2025,1,1,69450
2025,2,1,100000
2024,0,1,46000
2025,0,1,36000
2025,2,1,116270
2025,2,1,105900
2025,2,1,194000
2024,1,1,145100
2024,1,1,122800
2024,2,1,180000
2024,2,1,98500
2024,3,1,142320
2024,2,1,206515
2025,1,1,111000
2025,2,1,255000
2024,2,0,74000
2020,0,0,41689
2025,1,1,261000
2024,1,0,140625
2022,1,1,150000
2024,0,1,237500
2024,2,1,239010
2024,2,1,84600
2024,1,1,142600
2025,2,1,176520
2024,1,0,41111
2025,2,1,96400
2024,0,1,40000
2024,2,1,441300
2024,1,1,85000
2024,2,1,163830
2024,2,1,78750
2024,2,1,228000
2025,1,1,166600
2025,1,1,166000
2023,2,1,200000
2024,1,1,140000
2022,2,1,245000
2024,2,1,106605
2025,1,1,136000
2025,2,1,130800
2025,0,1,300000
2025,3,1,250000
2025,1,1,89341
2024,0,0,67253
2024,2,1,277000
2025,1,0,149247
2024,0,1,115000
2023,2,0,127300
2023,2,1,135000
2024,0,1,166000
2025,2,1,178200
2024,2,1,131414
2023,1,1,150000
2024,1,1,95000
2025,1,0,115000
2023,2,1,182500
2024,2,0,144444
2025,2,1,346000
2025,1,1,231100
2024,2,1,234700
2023,2,1,133300
2024,1,1,84522
2024,1,0,178000
2024,2,0,209990
2025,2,1,215000
2023,2,1,310000
2021,1,0,82528
2024,2,1,241500
2024,2,1,117500
2025,3,0,113924
2024,2,0,56981
2025,2,1,117600
2024,2,0,112500
2023,1,0,60000
2024,2,1,138400
2023,2,1,231250
2024,2,1,178418
2024,2,1,200000
2025,2,1,172000
2024,2,1,160000
2024,2,1,161200
2025,2,1,117200
2024,1,1,106848
2024,2,0,91200
2024,1,0,205200
2024,1,0,55500
2024,0,1,90000
2024,2,1,144600
2025,2,1,209000
2024,0,1,106000
2023,0,1,81500
2025,1,1,115500
2025,1,0,53285
2023,2,1,185000
2025,2,1,161600
2024,1,1,132813
2025,1,1,190137
2024,2,1,198072
2025,1,1,75000
2023,1,1,300000
2025,2,1,212750
2025,0,1,250000
2025,2,0,116000
2024,1,1,247500
2025,1,1,93770
2024,2,1,187300
2024,1,1,166750
2025,1,1,195000
2024,2,1,192986
2024,2,1,146250
2024,2,1,253000
2023,2,1,176875
2025,1,1,97000
2025,1,1,74600
2025,0,1,89000
2025,0,1,96323
2024,3,1,128500
2025,2,0,85000
2023,1,1,86400
2024,2,1,163000
2024,2,1,419750
2024,2,0,131500
2024,2,1,134000
2025,2,1,285000
2024,0,1,250200
2020,0,1,105000
2024,2,0,152000
2023,2,1,144500
2025,0,1,267600
2024,1,1,91728
2024,2,0,96600
2024,2,1,112924
2023,2,1,156000
2025,0,1,87800
2025,0,1,54000
2024,2,0,68750
2023,2,1,275300
2024,2,1,115254
2025,1,1,136800
2025,2,1,167100
2025,3,1,249100
2024,2,1,170800
2024,2,1,158000
2023,2,1,203500
2024,1,1,202550
2025,3,1,90000
2024,1,1,92400
2024,1,1,72200
2024,1,1,130000
2024,1,1,104900
2023,2,1,300000
2024,3,1,205000
2024,2,1,79700
2025,0,1,165400
2025,2,1,191000
2025,2,1,142320
2023,2,1,84750
2024,2,0,87000
2025,2,1,235500
2025,2,1,100100
2024,2,1,189000
2024,2,1,141158
2025,2,1,142000
2025,2,1,234000
2024,0,0,54444
2025,2,1,110100
2024,2,1,202350
2025,1,1,180000
2024,1,1,83800
2025,1,0,44450
2024,0,1,115100
2025,2,1,154900
2024,2,1,154100
2022,2,1,144000
2024,2,1,275000
2024,2,1,190000
2024,1,1,310000
2023,0,1,75753
2024,0,1,46340
2025,2,0,84000
2022,2,1,109280
2024,1,1,104000
2024,2,1,222000
2024,0,1,60400
2024,2,1,72150
2024,1,1,132500
2024,1,1,312200
2025,0,1,62458
2024,2,0,72500
2024,2,1,225000
2023,2,0,190000
2024,2,1,179655
2024,2,1,96900
2025,2,1,66380
2023,2,1,110000
2025,2,1,167000
2024,1,1,172931
2025,1,1,300000
2025,2,1,96350
2025,2,1,60000
2023,2,1,156400
2022,2,1,148800
2025,2,1,160000
2023,1,0,70179
2024,1,1,84000
2022,1,1,85000
2025,1,1,117500
2025,2,0,150000
2025,1,1,145537
2025,3,1,201400
2024,1,1,135400
2024,2,0,89600
2024,1,1,120200
2024,1,1,111000
2025,1,1,113071
2025,0,0,42481
2024,2,1,138000
2024,2,1,140000
2024,0,1,87768
2024,1,1,124900
2023,2,1,230300
2025,2,1,243600
2025,1,1,305000
2025,0,1,137847
2024,2,0,119200
2024,2,0,93750
2025,0,0,80000
2025,1,1,176600
2024,2,1,163700
2024,1,1,169000
2025,2,1,168400
2025,3,1,344000
2024,1,1,92118
2024,0,1,143100
2025,1,1,228000
2024,2,1,206690
2024,0,1,76560
2024,1,1,161000
2023,2,1,150000
2025,2,0,37894
2024,2,1,230000
2024,2,1,105100
2024,1,1,203350
2024,2,1,130000
2025,0,1,61892
2024,2,1,190000
2025,2,1,107000
2024,0,1,250000
2025,2,1,277000
2023,2,1,198200
2023,0,1,86000
2025,2,1,175000
2025,2,1,202000
2023,2,0,18381
2023,2,1,142400
2024,0,1,50400
2025,2,1,180000
2025,2,0,137700
2024,0,1,76230
2024,0,1,110000
2024,1,1,147500
2024,2,1,188100
2024,2,1,237000
2024,1,1,91000
2025,0,1,63600
2024,1,0,87822
2023,1,1,118800
2025,0,1,56500
2024,2,1,261500
2025,2,1,202500
2024,2,1,157100
2024,2,1,126000
2024,1,1,93200
2025,2,1,170500
2024,2,1,149552
2025,2,1,186200
2025,0,1,147046
2022,1,0,45050
2025,0,1,137500
2025,2,1,198000
2023,2,1,118900
2023,2,1,185900
2025,1,1,75816
2024,2,1,157875
2023,1,1,183310
2024,2,1,303000
2024,1,1,127300
2024,1,1,235000
2025,3,1,186250
2025,2,1,240000
2024,2,1,254000
2024,1,1,91800
2024,2,1,92500
2023,2,1,230000
2025,1,1,98400
2025,1,1,81000
2024,1,0,120000
2025,1,0,65551
2025,1,0,159600
2024,0,1,66900
2024,2,0,153000
2024,1,1,108150
2025,2,1,170900
2023,3,1,210600
2024,1,1,248920
2023,1,1,70800
2024,1,1,130000
2024,2,1,173000
2024,1,1,104494
2024,2,1,165000
2024,1,1,127300
2025,2,1,137600
2024,2,1,177500
2024,1,0,70000
2024,2,0,135733
2024,1,0,93300
2025,2,1,471500
2025,0,1,101000
2024,2,1,201700
2025,2,1,280300
2024,1,0,70618
2024,1,1,136850
2025,1,1,240000
2024,2,1,283400
2025,1,1,74880
2025,1,1,105000
2024,2,1,251000
2024,1,1,93000
2023,2,1,145000
2024,2,1,160000
2024,0,1,211900
2024,2,0,55200
2025,2,1,230400
2024,0,1,215197
2024,0,1,150000
2024,0,1,64952
2025,2,0,172000
2025,2,1,203183
2023,0,1,54000
2025,2,1,287500
2025,2,1,132300
2025,2,0,118000
2025,2,1,201825
2025,2,1,140000
2024,2,1,110000
2024,2,1,210000
2025,2,1,283500
2023,2,1,273400
2024,1,1,150000
2025,2,1,144000
2024,1,1,106000
2024,1,1,107100
2024,0,0,105232
2024,1,1,120000
2025,1,0,56962
2023,2,1,120000
2025,3,1,273000
2024,2,1,139300
2023,2,0,38868
2025,2,1,272000
2024,1,1,109250
2024,2,1,135649
2024,2,1,223200
2025,1,1,158400
2024,3,1,313600
2024,2,1,378700
2024,2,1,150000
2024,1,1,70000
2022,2,1,213000
2021,2,1,50000
2024,1,1,109400
2024,2,1,136190
2025,2,1,190300
2024,2,0,125000
2025,2,1,167700
2025,2,1,135700
2024,2,1,122200
2023,2,1,278700
2023,2,1,140000
2024,2,1,259000
2024,2,1,233582
2023,0,1,92000
2024,1,1,86940
2024,0,1,63400
2024,2,1,85788
2024,2,1,203350
2024,2,0,108000
2024,1,1,125500
2025,2,1,224000
2024,0,0,144300
2024,1,1,145215
2025,2,1,107453
2025,1,1,198200
2025,2,1,130000
2024,2,1,136900
2022,0,1,83000
2024,2,1,314100
2024,1,1,224000
2025,0,1,60800
2025,3,1,160000
2024,2,1,159000
2024,2,1,145000
2025,2,1,214500
2025,2,1,138800
2024,0,0,55466
2024,1,1,89000
2020,0,0,54742
2024,2,1,313600
2022,2,1,132320
2024,2,0,154200
2025,2,1,143320
2025,1,1,81500
2023,2,1,80000
2024,2,1,294000
2024,2,1,222775
2025,2,1,146000
2024,2,1,164492
2024,2,1,247500
2025,2,1,110000
2025,3,1,140000
2024,2,0,149700
2025,1,1,72000
2025,2,0,134683
2025,2,1,84000
2024,1,1,143800
2023,2,1,80000
2024,2,1,115000
2025,1,0,138600
2023,2,1,218000
2025,0,1,74000
2024,0,1,58200
2025,1,1,60400
2024,2,1,187800
2024,2,1,167000
2025,1,1,78750
2024,2,1,292080
2024,2,1,212160
2024,0,1,81680
2025,2,1,243000
2024,0,1,81075
2025,1,0,109496
2025,2,1,100625
2024,2,0,92307
2024,1,0,137000
2025,3,1,248000
2024,2,1,119574
2024,2,1,165000
2025,2,1,72800
2025,2,1,210000
2024,2,0,180000
2024,0,1,35776
2024,2,1,191100
2024,2,1,117200
2025,1,0,37974
2024,2,1,278000
2024,2,1,162528
2024,2,1,92500
2025,1,0,73000
2022,1,0,91118
2025,2,1,115000
2025,0,1,56000
2025,2,1,118200
2024,2,1,96800
2025,0,0,87500
2024,1,1,180000
2024,2,1,210100
2025,2,1,95200
2024,2,1,93700
2024,2,1,240500
2024,2,0,211200
2025,1,1,59600
2024,1,1,120800
2025,1,0,140920
2024,2,1,104828
2023,2,1,272550
2024,0,1,65000
2023,1,1,125000
2024,2,0,133333
2025,0,1,113000
2025,2,1,166698
2025,0,1,132700
2024,2,1,177000
2025,2,1,149600
2025,2,1,80000
2025,1,1,153400
2025,0,1,173000
2022,2,1,192600
2025,2,1,207000
2024,1,1,122880
2024,2,1,126000
2025,2,1,212800
2022,2,1,188100
2024,0,1,84000
2024,2,1,325000
2023,2,0,135000
2024,2,0,100000
2024,1,1,113050
2025,2,1,116500
2025,1,1,86000
2023,2,1,156400
2024,2,1,231000
2024,2,1,170500
2024,3,1,150000
2024,2,1,190200
2024,1,1,83597
2025,2,1,243000
2024,1,0,84615
2024,1,1,230400
2024,0,1,86940
2024,1,1,77360
2024,2,1,178500
2024,2,1,179000
2025,1,1,78000
2022,2,1,146000
2025,0,1,114600
2025,2,1,720000
2025,2,1,158800
2024,0,1,135392
2024,2,1,167419
2024,3,1,240000
2025,0,1,60900
2024,0,1,276000
2025,1,1,141750
2024,2,1,184300
2024,2,1,158800
2023,2,1,146000
2025,2,1,178500
2024,2,1,298800
2024,1,1,126600
2024,2,1,203900
2025,0,1,43888
2025,2,1,133500
2024,2,1,265080
2025,2,1,100000
2023,1,0,40680
2023,2,1,131250
2025,2,1,139100
2024,1,1,102500
2024,3,1,160000
2024,2,0,107730
2024,0,1,110240
2025,3,1,282150
2025,2,1,90000
2024,2,1,174000
2024,1,1,92000
2022,2,0,88256
2024,2,1,220611
2025,2,1,113850
2024,3,0,66811
2024,2,1,135120
2025,2,1,226700
2024,1,1,161300
2025,2,1,115900
2024,2,1,128500
2025,2,1,143320
2024,2,1,110670
2024,2,1,145000
2023,2,1,157750
2024,2,1,86797
2024,0,1,152300
2022,2,1,249500
2024,2,1,260100
2024,1,1,117600
2024,2,1,92500
2024,2,1,127564
2024,2,1,242000
2025,2,1,108000
2024,0,1,87630
2025,2,1,135000
2023,1,0,105000
2023,1,1,150000
2024,2,1,158200
2025,0,1,57700
2024,2,1,225000
2025,2,1,105040
2025,2,1,121600
2024,1,1,101382
2025,2,1,85500
2024,0,0,85200
2023,2,1,180000
2025,2,1,303400
2025,2,1,220000
2024,2,1,339250
2024,2,1,280000
2024,2,1,153040
2022,2,1,236600
2024,0,1,112140
2024,2,1,161863
2024,1,1,180000
2024,2,1,125760
2025,2,1,133561
2025,2,1,150000
2025,1,1,220000
2024,1,1,217800
2025,1,1,250000
2024,2,0,120000
2024,2,1,122200
2024,1,1,170500
2024,2,1,266875
2024,2,1,128147
2025,1,1,119700
2025,2,1,150000
2024,1,0,177300
2024,2,0,55555
2024,0,1,60000
2024,1,1,83000
2024,1,1,99400
2023,1,1,185900
2024,2,1,230000
2025,1,0,108000
2024,2,1,126100
2023,2,1,138300
2024,1,1,51381
2024,1,0,110000
2025,2,1,139400
2024,1,1,250800
2025,2,1,141400
2024,2,1,210000
2025,2,1,141970
2025,2,0,130000
2024,2,1,122500
2025,2,1,200000
2023,2,1,138000
2025,2,1,98770
2024,1,1,280000
2024,2,1,86000
2022,2,1,155000
2025,2,1,142200
2024,1,1,149400
2024,1,0,160100
2024,2,1,91520
2024,2,1,165600
2024,2,0,85612
2025,2,0,123000
2024,1,1,210000
2023,1,0,58444
2025,0,1,70590
2024,1,1,89000
2024,1,1,204000
2024,2,1,148000
2025,2,1,250200
2025,1,1,125300
2025,1,1,74800
2025,2,0,185000
2023,1,1,151000
2025,2,1,176770
2025,2,1,244000
2023,1,1,260000
2024,2,1,160800
2024,2,1,237000
2025,0,1,74130
2024,0,1,105000
2023,1,1,160000
2025,2,1,153275
2024,2,1,267500
2024,2,1,199800
2022,2,1,148800
2025,2,1,100500
2025,1,1,138500
2024,0,1,97760
2024,2,1,130880
2024,1,1,165600
2024,2,1,277600
2025,1,1,110000
2025,3,1,197000
2024,2,1,117200
2024,2,1,218500
2025,2,0,204000
2023,2,1,220000
2025,2,1,115000
2024,1,1,184900
2023,1,1,73100
2025,2,1,170000
2024,1,0,58888
2023,1,1,204000
2024,0,0,35000
2022,0,0,100000
2024,2,1,132250
2024,0,1,46368
2024,2,1,312867
2025,2,1,270000
2023,1,1,106400
2025,1,1,237150
2024,2,1,145300
2024,2,1,134500
2025,2,1,109400
2023,2,1,166600
2024,1,1,720000
2025,2,1,204900
2024,2,1,123470
2024,2,1,114428
2025,0,1,77000
2024,1,1,178250
2024,2,1,225000
2025,2,1,213100
2024,1,1,80000
2023,1,0,89819
2024,2,0,181818
2024,0,0,84813
2025,2,1,73008
2024,2,1,130948
2024,0,0,28800
2025,1,0,110000
2024,1,0,48881
2024,2,0,18000
2024,2,1,190000
2024,1,1,120000
2025,0,1,62200
2025,2,1,145600
2024,2,1,150000
2024,1,1,115000
2024,2,1,210000
2025,2,1,250000
2024,0,1,98040
2024,1,0,113925
2025,1,1,385000
2025,2,1,229000
2024,0,1,109000
2025,1,1,130000
2024,2,1,245120
2024,2,1,83430
2024,1,1,86700
2024,1,1,75000
2023,2,1,167441
2024,2,1,197900
2024,2,1,750000
2025,2,0,175000
2023,1,1,105000
2024,3,1,135700
2024,1,1,175000
2025,1,0,193000
2025,1,1,70758
2024,1,1,92900
2025,2,1,227950
2024,2,1,144200
2024,2,0,31200
2024,1,1,200800
2024,1,1,136000
2024,2,0,132784
2024,1,1,98000
2025,1,1,113575
2025,2,1,140000
2024,1,1,223100
2024,3,1,204500
2023,2,0,173175
2025,2,1,194180
2025,2,1,215000
2022,2,1,230000
2024,2,0,59018
2025,1,1,161881
2024,2,1,223150
2025,2,1,75000
2025,2,1,100700
2025,2,1,120000
2025,0,0,92142
2024,1,1,140000
2024,2,1,198000
2023,2,0,146000
2024,0,1,98000
2024,2,0,135000
2025,0,1,103000
2024,2,1,118800
2024,1,0,37800
2024,2,1,185000
2024,1,1,61262
2025,1,0,64476
2025,1,1,214500
2025,1,1,200000
2024,1,1,120000
2024,2,1,73164
2024,2,1,263900
2024,1,1,170000
2024,1,0,75000
2023,2,1,171000
2025,2,0,120000
2024,2,1,87000
2024,2,0,57046
2024,2,1,136000
2025,2,1,160000
2024,1,1,139200
2025,2,1,223400
2023,2,1,225300
2025,1,1,151323
2025,1,1,201000
2024,2,1,231400
2024,2,1,149800
2024,2,1,250600
2024,2,0,200070
2024,1,1,284900
2024,1,1,285900
2025,1,0,38993
2024,1,1,109100
2024,2,0,95000
2025,1,1,94753
2024,1,1,135000
2024,3,1,200000
2024,2,1,143100
2024,2,1,106371
2024,0,1,153600
2024,2,1,185000
2025,2,1,124710
2025,1,0,62341
2024,2,1,194000
2025,2,1,378700
2025,1,1,66783
2025,2,1,206000
2025,2,1,425000
2024,0,1,83400
2025,2,1,122000
2023,2,1,119700
2025,0,1,106000
2025,1,1,60000
2024,0,1,165400
2022,2,1,104000
2024,2,1,144300
2025,2,1,178847
2025,2,1,185000
2025,0,1,176000
2024,2,1,138000
2024,2,1,168000
2025,2,1,119401
2024,1,1,123000
2024,2,1,175300
2025,2,1,410000
2023,2,1,128000
2024,0,1,82000
2025,0,1,30550
2024,1,1,163400
2025,1,0,114000
2025,1,0,36555
2024,2,1,142000
2024,1,0,300000
2024,1,0,60000
2025,2,1,246400
2022,1,0,100000
2024,2,1,194180
2024,2,1,209700
2024,1,1,112000
2024,1,1,131500
2023,2,1,203500
2023,2,1,95000
2024,2,1,395280
2024,1,1,183000
2024,1,1,142000
2025,2,1,138900
2024,1,1,91800
2025,2,1,99000
2025,2,1,310000
2024,1,1,165000
2024,2,1,185400
2025,2,1,192000
2024,1,1,67300
2025,0,1,48000
2024,0,0,62000
2025,1,0,87000
2025,2,1,251600
2024,1,1,166000
2025,2,1,221700
2025,1,1,203952
2025,1,1,51824
2024,2,1,109000
2024,1,1,184200
2024,2,1,151000
2025,1,1,83200
2024,2,1,273000
2024,1,1,337250
2024,0,1,65000
2025,2,1,175797
2025,0,1,67600
2025,0,1,58000
2024,0,1,180000
2024,1,0,70000
2025,2,1,168200
2024,2,1,73700
2025,2,1,220300
2024,2,1,144300
2025,2,1,105000
2024,1,1,133500
2025,0,1,48906
2025,2,0,108500
2024,2,1,125634
2024,1,1,83100
2025,1,1,143010
2025,2,1,163000
2025,1,1,174600
2025,2,1,256000
2024,1,1,120525
2024,2,1,225300
2024,1,1,107590
2025,2,1,117500
2024,2,1,172000
2025,0,0,44000
2025,2,1,237600
2025,2,1,287500
2025,2,1,125000
2024,2,1,345000
2024,1,1,128600
2025,2,1,440000
2024,1,1,95000
2024,0,1,125200
2025,0,0,37894
2024,2,0,98000
2024,2,0,115000
2024,2,1,91500
2024,0,1,60068
2025,1,1,251000
2024,2,1,122900
2025,1,1,59300
2024,2,0,77777
2024,1,1,125500
2025,2,1,177000
2025,2,0,77848
2024,2,1,150000
2025,2,1,150000
2024,1,1,200000
2025,0,0,102892
2025,2,1,195000
2024,1,0,21855
2025,1,0,106880
2025,2,1,159000
2024,1,1,92800
2025,2,0,189175
2024,0,1,92000
2024,1,1,272700
2024,2,1,178200
2024,1,1,84000
2024,2,1,163128
2024,1,1,149000
2025,1,1,124000
2024,2,1,169000
2022,2,1,119000
2024,1,1,160900
2024,2,1,232000
2025,1,1,149000
2025,2,1,175120
2024,2,1,96000
2025,1,1,131248
2022,1,1,100000
2024,2,1,195714
2025,2,0,121000
2025,1,1,173100
2024,2,1,104000
2025,1,1,165490
2022,2,1,200000
2024,1,0,81530
2024,2,1,255000
2023,1,1,76300
2022,2,1,142000
2024,0,1,270000
2024,2,0,105000
2024,2,1,111240
2025,2,1,278500
2025,3,1,250000
2024,1,1,63150
2024,2,0,79653
2025,1,0,42888
2024,2,1,135240
2025,2,1,200800
2024,2,1,97200
2024,1,0,37800
2024,2,1,85000
2023,2,0,36000
2024,1,1,160000
2024,0,1,98500
2024,2,1,84533
2025,1,1,209720
2024,1,1,98000
2022,2,1,153000
2024,2,1,195500
2023,2,0,243000
2025,0,1,68700
2025,1,1,252900
2025,1,1,136000
2024,2,0,643750
2025,1,1,95483
2023,1,1,42400
2024,2,1,152200
2023,1,1,90000
2025,1,1,129800
2024,2,1,54400
2024,1,1,238300
2024,1,1,86840
2025,2,1,188825
2024,2,1,217600
2025,2,1,172400
2024,2,1,110000
2025,2,1,140000
2025,3,0,113571
2025,2,1,114000
2023,1,0,35000
2024,3,1,176720
2024,2,1,190000
2025,0,1,118800
2024,1,0,79500
2024,2,1,90000
2025,1,1,132725
2025,2,1,237900
2025,3,1,373600
2024,2,1,143200
2025,1,0,121800
2025,2,1,205400
2025,2,1,130920
2023,2,1,213580
2024,2,1,210951
2024,1,1,236872
2022,2,1,50000
2024,1,1,82450
2025,0,1,70000
2023,2,1,135842
2025,2,1,277000
2025,1,1,112759
2025,2,1,108000
2024,1,1,116000
2023,3,1,225000
2024,1,1,120000
2024,2,1,175000
2025,1,1,235400
2025,1,1,184700
2024,2,0,135800
2025,2,1,126400
2025,1,1,108000
2025,0,1,86000
2025,2,1,153000
2025,1,1,142600
2024,1,1,89500
2025,0,1,44000
2024,2,1,126000
2025,0,1,61213
2025,2,1,145537
2025,1,0,55000
2024,1,1,214032
2025,2,1,196800
2024,0,1,185100
2025,1,1,183500
2024,3,1,150000
2025,1,1,173000
2023,2,1,225000
2023,2,1,240000
2025,2,1,280000
2024,2,1,120000
2023,1,1,105000
2022,1,0,52533
2022,2,1,81000
2022,2,1,108000
2025,1,1,170000
2024,2,1,79600
2024,2,1,135799
2025,0,1,60300
2024,2,0,95828
2024,2,1,104000
2024,1,0,95000
2024,1,1,91665
2024,1,1,425500
2024,1,1,312444
2024,0,1,137000
2025,2,1,137510
2024,2,1,133600
2024,2,1,341500
2025,0,1,90000
2025,1,1,71300
2025,2,1,159000
2025,1,1,110000
2024,1,1,61600
2025,2,1,165500
2025,1,1,414000
2024,3,1,230000
2025,2,1,175800
2023,2,1,150000
2024,2,1,170700
2025,2,1,286600
2025,0,1,59800
2024,2,1,69930
2025,2,1,130800
2024,2,1,200400
2025,1,1,120000
2025,3,1,180000
2025,1,1,257000
2024,2,1,202300
2023,2,1,116450
2025,1,1,247000
2025,0,1,101300
2024,2,1,125300
2025,1,1,238500
2024,1,1,179000
2024,2,1,331292
2025,1,1,85300
2024,2,0,104000
2025,2,0,82105
2024,1,1,172000
2025,1,1,720000
2024,2,1,250700
2024,1,1,97800
2025,0,0,180000
2023,2,1,59200
2024,2,1,119000
2024,2,1,268000
2024,2,0,135000
2025,1,1,91900
2025,2,1,212160
2024,2,1,224034
2024,2,0,136923
2025,1,1,142700
2024,2,1,266600
2024,2,0,110400
2024,0,1,158200
2024,1,1,124000
2024,2,0,108000
2024,1,1,87600
2024,2,0,32013
2025,0,1,63000
2024,1,0,135500
2025,2,1,174518
2023,0,0,104024
2025,2,0,124686
2024,0,1,117900
2024,2,1,145300
2025,0,0,58800
2024,2,1,149000
2024,2,1,242000
2024,2,1,107800
2024,2,1,210000
2024,0,1,75000
2025,1,1,96800
2025,2,1,95348
2025,3,1,270000
2025,2,1,153700
2024,2,1,107000
2024,1,0,65600
2025,2,1,218900
2025,2,1,114400
2023,2,1,100706
2024,0,1,53300
2025,2,1,142500
2024,1,1,70000
2024,2,1,181050
2025,1,1,240000
2025,1,1,219000
2025,1,0,51959
2025,2,1,184392
2024,1,1,341734
2024,2,0,72000
2024,1,1,126500
2024,1,1,89180
2024,2,1,148950
2023,2,1,225000
2024,2,1,111500
2024,2,1,251600
2021,2,1,115000
2024,0,0,44381
2025,3,1,194600
2025,2,1,219300
2024,2,1,183200
2024,1,1,60400
2024,2,1,132100
2025,2,1,598184
2025,1,1,154000
2024,2,1,265200
2024,1,1,115000
2025,2,1,223400
2025,2,0,168400
2024,2,1,230800
2025,2,1,258000
2024,2,1,206600
2025,2,1,177800
2025,0,1,128000
2024,1,1,225000
2024,2,1,226000
2025,2,1,148000
2024,1,0,69230
2025,2,1,173000
2024,0,1,105000
2025,3,1,400000
2024,1,1,155250
2024,2,1,95800
2024,1,1,80000
2024,2,1,221596
2024,2,1,155000
2024,1,1,60303
2024,0,0,110000
2025,2,1,157100
2023,2,1,134500
2024,2,1,193546
2024,2,1,193200
2024,1,1,225000
2024,2,1,69700
2023,2,1,192000
2024,2,1,169230
2023,1,1,55000
2025,0,1,87600
2025,1,1,220700
2023,0,1,155750
2024,1,1,96800
2024,2,1,378700
2024,1,1,146994
2022,1,1,200000
2024,2,1,189200
2025,1,1,153300
2024,1,1,26000
2025,2,1,228380
2024,2,1,160700
2024,1,1,181900
2024,2,0,106051
2023,1,0,57223
2025,1,1,49000
2024,2,1,220842
2025,2,0,94220
2025,2,0,20654
2025,2,1,120000
2024,1,1,129160
2024,2,1,170760
2023,0,1,120000
2025,2,1,102000
2024,1,1,156800
2025,2,0,131500
2021,0,1,81000
2025,3,1,225000
2025,2,0,375000
2024,2,1,159750
2023,2,1,289800
2024,1,1,55500
2025,2,1,120000
2025,2,1,277000
2025,2,1,189175
2024,1,1,259440
2025,2,1,176000
2025,3,1,189530
2024,1,0,120000
2023,0,0,33220
2024,2,1,213480
2025,0,0,35443
2025,0,0,42947
2024,2,1,165500
2025,0,1,116592
2024,2,1,179000
2021,2,0,50000
2024,1,1,170400
2025,2,0,106500
2024,1,1,141300
2024,2,1,76960
2025,2,1,116500
2024,2,1,136510
2024,2,1,160000
2024,1,0,122000
2024,1,1,135860
2025,2,1,160000
2025,2,1,101000
2023,2,1,200000
2025,2,1,199001
2023,2,1,171050
2025,2,0,137500
2024,2,1,203000
2024,2,1,122250
2024,2,1,252900
2025,2,1,79601
2024,1,1,95500
2024,2,0,90000
2025,0,0,84000
2024,1,1,108352
2024,2,1,355000
2023,2,1,190000
2024,2,1,251600
2024,2,1,95000
2025,0,0,40506
2024,0,1,134200
2024,3,1,222000
2024,2,0,156250
2024,1,0,90011
2024,2,1,205364
2024,2,1,153900
2024,3,1,313600
2024,2,0,175000
2025,1,1,230800
2024,0,1,57700
2025,2,1,145000
2024,1,0,70000
2024,0,1,165000
2024,2,1,147000
2025,2,1,218100
2025,1,0,47924
2024,1,1,405000
2025,2,1,147500
2025,1,1,168500
2024,1,0,117692
2024,2,1,224700
2024,1,1,147500
2025,2,1,190000
2024,2,1,318800
2024,0,0,80800
2024,2,1,194580
2024,2,1,278400
2025,1,1,65000
2025,1,1,365000
2023,2,1,111600
2024,1,1,80845
2025,1,1,135000
2024,0,0,31111
2024,1,1,295000
2024,1,1,60070
2025,2,1,153600
2024,2,1,192300
2024,0,1,75000
2024,1,1,73300
2024,3,1,150000
2024,2,0,118050
2024,1,1,265080
2024,2,1,132500
2024,2,1,322000
2025,1,0,135000
2023,2,0,281000
2024,1,1,168000
2024,2,1,282450
2025,2,1,173700
2024,2,1,235400
2024,2,1,175000
2024,2,1,107500
2024,0,1,200000
2024,1,1,72500
2025,0,0,32336
2025,1,1,56680
2024,2,1,80000
2024,0,1,123000
2024,2,1,164600
2024,1,1,235400
2024,2,1,178700
2025,3,1,335500
2024,1,1,110300
2025,0,1,105000
2022,2,1,249260
2024,1,1,222200
2025,2,1,87700
2024,2,1,199000
2024,1,1,193000
2025,2,1,200000
2024,1,1,143700
2024,2,1,154305
2024,0,1,83000
2024,1,0,48000
2024,1,1,51600
2025,1,1,176000
2024,1,1,79616
2024,2,1,250600
2024,2,1,187000
2024,1,0,37500
2024,1,0,220000
2025,2,1,141400
2024,2,1,112800
2024,1,1,127950
2024,0,0,28750
2024,1,1,107600
2025,2,1,287470
2024,1,1,147000
2024,1,1,208208
2025,1,0,102000
2024,2,1,120000
2024,2,1,135400
2024,2,1,130000
2025,1,1,128000
2024,1,1,49500
2024,2,1,125300
2024,2,1,158500
2024,0,1,88000
2023,2,1,240000
2023,1,1,58500
2024,2,0,269000
2025,2,1,141340
2024,1,1,87400
2025,2,1,227950
2025,2,1,174000
2024,2,1,105267
2025,1,0,124933
2024,1,1,158620
2023,2,1,293000
2025,2,1,127300
2024,0,0,96600
2025,0,1,86850
2024,0,0,86000
2024,2,1,288000
2025,2,1,110500
2024,0,1,80000
2024,1,1,164500
2025,2,1,114000
2024,1,1,144200
2024,2,1,170000
2025,0,1,70000
2024,2,1,223100
2024,0,1,80000
2024,2,1,150000
2025,0,1,161990
2025,2,1,99000
2024,1,1,70400
2025,0,1,206860
2024,2,1,177688
2024,0,1,98300
2025,2,0,87000
2024,1,1,140000
2024,1,1,89000
2024,2,1,175800
2024,2,1,127000
2025,2,1,204000
2025,2,1,337250
2024,2,0,98400
2025,2,1,130530
2024,0,1,104000
2025,1,1,82000
2024,2,1,210600
2024,2,1,188000
2022,2,0,68293
2025,0,1,71500
2025,3,1,110000
2023,1,1,123740
2024,2,1,108000
2025,1,1,170000
2023,1,1,93918
2025,2,1,50000
2023,1,0,85300
2024,1,1,223100
2025,1,1,190000
2024,2,1,117000
2024,1,0,74276
2024,2,1,150000
2025,1,1,60000
2023,2,1,98500
2024,2,1,85000
2025,2,1,157000
2024,1,1,82400
2024,2,1,335600
2024,3,1,125000
2024,2,1,90834
2025,2,1,200000
2024,2,0,76700
2024,1,1,119076
2025,2,1,137439
2024,2,1,98400
2025,1,1,109300
2024,1,1,306800
2025,2,1,119600
2023,1,0,80505
2023,2,1,185000
2024,2,1,345000
2024,2,1,272000
2024,1,1,235200
2024,2,0,47778
2024,1,1,223000
2024,2,0,100000
2024,2,1,203520
2024,1,1,111466
2025,3,1,125000
2025,1,1,500000
2025,0,1,124800
2024,1,1,81400
2024,3,1,294000
2024,2,1,186200
2025,2,1,238560
2025,1,1,350000
2024,1,1,123419
2024,2,1,229800
2025,1,1,146000
2025,2,1,190900
2025,2,1,104200
2025,2,1,262600
2023,1,1,185900
2024,2,1,303000
2024,1,1,67500
2024,2,1,131290
2024,2,1,115000
2024,2,1,196747
2024,1,1,61250
2024,2,1,454300
2024,1,1,146875
2025,0,1,223735
2025,1,1,90000
2024,2,1,113850
2024,2,1,170500
2024,2,1,166363
2024,2,1,243500
2024,2,1,148614
2025,2,1,246500
2025,2,1,290000
2024,1,1,179000
2024,2,0,281250
2024,0,1,104000
2024,2,1,158950
2024,2,1,172800
2024,1,1,115000
2024,1,1,118200
2025,2,1,85000
2025,1,1,277000
2024,1,1,130000
2024,0,1,137000
2025,0,1,80400
2025,1,1,87400
2025,2,0,135000
2025,2,1,273000
2024,2,1,178000
2024,2,1,90300
2023,1,1,191765
2024,2,1,200800
2024,2,1,108000
2024,2,1,90000
2024,2,1,176520
2025,2,1,225000
2025,2,1,82446
2025,1,1,70000
2024,2,1,103000
2025,0,1,69000
2024,0,1,128250
2024,1,1,174400
2024,1,0,78000
2024,1,0,115555
2025,2,1,118600
2024,1,1,116000
2024,3,1,157500
2025,2,1,180000
2024,2,1,195903
2024,2,1,164000
2024,1,1,165000
2024,1,1,120000
2024,1,1,180000
2024,1,1,125000
2024,2,1,282000
2024,2,1,105500
2024,1,1,95000
2024,2,1,80000
2022,2,1,205300
2025,1,1,202675
2024,1,1,133000
2022,1,1,90000
2025,2,1,220000
2024,1,1,198600
2025,2,1,136500
2024,2,1,77000
2024,2,1,188500
2025,2,1,84600
2025,2,1,216200
2025,2,1,182400
2025,2,1,144000
2024,2,1,170760
2025,1,1,87200
2023,1,1,110000
2025,1,1,96400
2025,2,0,159200
2024,2,1,250800
2025,2,1,88000
2025,1,1,252000
2024,2,1,191027
2023,2,1,147500
2024,2,0,138500
2024,2,1,193000
2023,3,1,126500
2025,2,1,216730
2025,1,1,81900
2024,2,1,92000
2025,1,1,60900
2024,2,1,99800
2025,2,1,234000
2023,1,1,100000
2025,0,1,74800
2024,1,1,76380
2024,0,1,64000
2025,2,1,114000
2025,2,1,175000
2025,2,1,184078
2024,2,0,57777
2024,2,1,378700
2024,2,1,304496
2023,0,1,120000
2024,0,1,71600
2024,1,1,157500
2025,2,1,110700
2025,2,0,211500
2025,2,1,200569
2024,2,1,82100
2024,2,1,350400
2025,2,1,124800
2024,2,0,60000
2025,1,1,95074
2024,1,1,90000
2024,0,0,93750
2024,2,1,136800
2025,1,1,212200
2025,0,1,132850
2024,1,1,269800
2025,2,1,253368
2025,2,1,263600
2024,0,0,57146
2025,2,1,177100
2024,0,1,130000
2024,2,1,190310
2023,3,1,94000
2023,2,1,212780
2025,2,1,195400
2024,1,0,60750
2025,1,1,205000
2023,2,1,80000
2024,1,1,128000
2025,1,1,145620
2025,2,1,169600
2024,0,1,69862
2025,1,1,90510
2024,1,1,117500
2024,0,1,47717
2024,1,1,102000
2024,1,1,69862
2023,3,1,336400
2023,2,1,140000
2024,2,1,140000
2024,1,1,160000
2025,2,0,127112
2025,2,1,286000
2024,0,1,85000
2025,1,0,136000
2024,2,1,440000
2024,1,1,85000
2025,1,1,160000
2025,2,1,99100
2024,0,1,60400
2025,2,1,111300
2025,1,1,76500
2025,2,1,140000
2025,0,1,85800
2024,2,1,74300
2024,2,1,93432
2024,0,0,44850
2024,2,1,86840
2025,2,1,232900
2025,2,1,151300
2024,2,1,200000
2023,2,1,257000
2024,0,1,140400
2023,2,0,97400
2024,1,1,89400
2025,2,0,212000
2024,1,1,149000
2024,0,1,50812
2025,2,0,41684
2024,0,1,137750
2024,1,1,238050
2024,2,1,163900
2025,2,1,108750
2024,1,1,100000
2024,1,1,95000
2025,1,0,145730
2025,0,1,73722
2024,2,1,121500
2025,2,0,150000
2025,1,1,129500
2025,1,1,241868
2025,2,1,246000
2024,2,0,63437
2024,0,1,65000
2022,1,1,144100
2024,1,1,110000
2024,2,1,183750
2025,1,1,225000
2024,2,1,112655
2024,2,1,113000
2024,2,1,195000
2024,1,1,200000
2024,1,1,60000
2023,2,1,82200
2025,2,1,416000
2024,1,1,95500
2023,2,0,76500
2025,2,1,185000
2025,1,1,80000
2025,1,1,140000
2023,1,1,72409
2024,0,1,57700
2025,1,0,31389
2024,2,1,175000
2025,2,0,70354
2025,2,1,114200
2024,2,0,74276
2024,0,0,97222
2023,2,1,242000
2024,1,1,80900
2024,2,1,160000
2025,1,1,96400
2024,2,1,300200
2025,0,1,36000
2025,2,1,205000
2024,0,1,337250
2024,1,1,214032
2024,2,1,135240
2024,1,1,137500
2025,0,1,71614
2024,2,1,254024
2024,2,1,175800
2024,1,1,158400
2025,2,1,81591
2024,2,0,84600
2024,1,1,235750
2024,1,1,143000
2023,2,1,136743
2023,2,1,91270
2024,1,1,57700
2024,3,1,160000
2025,2,1,120750
2025,2,0,154285
2025,2,1,107900
2025,2,1,160000
2023,2,1,219000
2025,1,1,122400
2023,2,1,272000
2025,1,1,92000
2025,1,1,165300
2024,1,1,172000
2024,2,0,169767
2024,2,1,155904
2024,1,1,124200
2025,2,1,194000
2024,2,1,200000
2025,1,1,110000
2024,1,1,89000
2024,2,1,78000
2024,1,1,226844
2024,2,1,200000
2025,0,1,208800
2024,2,1,149500
2024,2,1,339250
2024,2,1,72700
2024,2,1,250000
2024,0,0,92338
2024,1,0,50893
2023,0,1,47840
2023,1,1,50000
2025,1,1,100000
2025,3,1,194600
2024,1,1,140000
2023,0,1,104000
2025,2,1,115700
2023,1,1,100000
2025,1,1,130000
2025,1,1,110250
2024,2,1,145745
2025,1,0,149600
2023,1,0,369120
2024,2,1,260000
2025,2,1,145000
2024,2,1,108000
2023,2,1,205920
2025,2,1,60400
2024,0,1,163125
2025,2,1,110100
2025,2,1,203100
2025,1,1,129960
2025,1,1,206860
2022,1,0,104663
2025,0,1,100000
2024,0,1,125500
2025,2,1,177700
2024,1,1,93374
2025,0,0,28649
2024,2,1,225000
2024,2,1,75600
2023,0,1,100000
2024,2,1,167500
2024,1,1,114400
2025,2,1,300000
2024,1,1,171816
2025,0,1,145000
2025,0,1,210000
2024,2,1,124600
2024,2,1,132918
2024,1,1,86000
2023,1,1,61800
2025,1,1,86400
2024,2,1,205700
2024,2,1,297000
2024,1,1,160000
2023,3,1,234000
2023,2,1,100000
2024,2,1,288000
2025,1,0,92400
2025,2,1,108800
2025,2,1,195000
2024,2,1,131300
2025,1,0,39410
2024,1,1,166000
2024,2,1,163000
2025,2,0,81052
2025,2,0,89285
2024,1,1,121900
2025,2,1,120400
2025,2,1,366000
2025,1,1,100000
2025,1,1,131700
2025,2,1,179850
2024,2,1,201900
2024,1,1,159900
2024,0,1,90000
2025,3,1,359683
2023,1,1,172200
2025,2,1,183800
2023,2,1,126500
2024,2,1,84200
2025,2,0,198734
2022,2,0,110000
2024,2,1,169847
2024,2,1,162041
2024,2,0,144650
2024,2,1,157000
2024,1,1,77000
2024,0,1,90000
2025,1,0,138600
2024,0,1,128750
2024,1,1,120050
2024,1,1,70000
2025,0,1,115000
2024,2,1,219200
2022,1,0,75000
2024,2,1,206456
2025,1,0,64226
2024,2,1,208000
2024,2,1,312200
2025,0,0,40989
2024,2,1,251600
2024,2,1,336001
2025,1,1,160000
2024,1,1,100000
2024,2,1,172000
2024,1,1,117500
2023,2,1,198000
2024,2,1,90000
2023,2,1,175000
2025,1,1,53100
2024,1,1,142800
2024,1,1,76128
2025,1,0,97974
2023,2,1,82673
2023,1,1,125000
2024,1,1,113700
2024,2,0,139513
2024,1,0,60000
2023,2,1,192000
2024,2,1,142320
2024,1,1,122200
2025,2,1,135000
2024,2,1,140000
2024,2,1,171000
2024,2,1,385000
2025,0,1,88000
2024,1,1,132100
2023,1,1,91260
2023,2,0,77737
2025,1,1,145750
2023,2,1,376080
2024,2,1,84200
2024,1,1,209500
2025,2,1,200800
2024,2,1,138200
2025,1,1,217100
2025,0,1,158900
2024,1,1,211484
2024,2,1,154900
2025,2,1,160000
2024,2,1,339250
2025,2,0,76081
2024,1,1,66000
2024,0,1,205000
2025,2,1,195000
2024,1,1,193000
2025,2,1,230000
2025,2,1,168000
2024,1,1,98000
2024,1,1,330146
2024,1,1,75000
2024,1,1,72400
2025,2,1,272000
2025,1,1,123000
2024,2,1,145300
2025,2,1,100200
2024,2,1,239900
2024,1,1,138900
2023,2,1,185000
2024,2,1,124000
2025,2,1,140000
2023,1,1,70000
2024,2,1,90200
2024,1,1,94500
2025,0,1,100000
2024,2,1,120157
2023,2,1,226600
2024,1,1,106500
2024,1,1,87630
2024,1,1,91000
2024,2,0,144650
2024,1,1,107000
2025,1,1,154000
2025,2,1,215040
2024,1,0,124000
2025,1,1,88000
2025,2,1,143500
2024,0,0,107000
2025,1,1,103700
2025,1,0,258000
2024,2,1,99502
2024,1,1,146000
2024,1,1,119100
2022,2,0,133766
2023,2,1,268000
2023,1,1,115000
2023,2,1,159832
2024,0,1,142741
2024,2,1,151300
2024,1,0,92190
2025,2,1,47000
2024,1,1,72700
2024,2,1,146000
2025,2,1,101000
2024,0,1,71000
2025,2,1,100000
2024,1,1,145000
2025,1,1,100000
2025,2,1,178000
2023,1,1,100000
2024,1,1,86691
2025,1,1,112953
2024,1,1,235400
2024,2,1,204000
2025,1,1,260000
2024,2,1,114000
2024,1,1,167500
2025,1,1,254400
2025,0,0,139200
2024,1,1,55000
2024,2,1,111240
2021,0,1,225000
2023,1,1,65000
2025,0,1,114450
2024,1,1,178300
2025,1,1,101000
2024,2,0,107500
2021,1,1,100000
2024,2,1,142500
2024,1,1,199534
2025,2,1,205000
2024,2,1,67700
2025,2,1,134900
2025,1,1,173040
2024,2,1,44803
2024,2,0,215000
2024,2,1,117200
2025,3,1,105000
2023,2,1,136000
2025,0,0,69120
2025,2,1,135200
2025,2,1,120000
2024,2,1,147800
2023,2,1,126800
2023,2,1,155000
2022,2,1,149850
2024,2,1,337250
2024,2,0,350000
2025,1,1,268700
2024,0,1,355000
2024,2,1,153300
2025,2,1,110100
2024,1,1,251600
2025,2,0,90710
2025,1,1,172000
2025,2,1,213000
2024,2,0,171210
2024,2,1,161600
2024,2,1,150400
2024,1,0,100000
2025,2,1,170000
2024,2,1,109600
2024,2,1,150400
2024,1,1,76128
2025,1,1,115500
2024,2,1,172400
2024,2,1,186300
2024,2,1,240500
2024,1,1,134000
2025,2,1,123203
2025,2,1,151000
2025,1,1,172500
2024,1,1,176000
2025,2,1,189600
2024,2,1,212196
2025,1,1,106108
2024,1,1,103000
2025,2,1,252500
2025,2,1,251250
2024,2,1,118162
2024,1,0,120000
2025,2,1,142200
2025,1,1,150177
2024,2,1,309927
2024,2,0,116666
2025,1,0,72857
2024,0,1,171600
2024,2,1,154400
2025,2,0,30526
2023,2,1,82500
2024,2,1,171910
2025,2,1,350763
2024,2,1,315000
2025,2,1,113200
2024,2,1,179000
2025,3,0,170974
2024,2,0,42431
2024,2,1,144300
2025,2,1,60400
2025,3,1,185500
2024,2,1,143000
2025,1,1,194350
2024,2,1,190800
2024,0,1,70600
2025,1,1,70000
2025,1,1,220000
2025,2,0,92857
2023,1,1,185700
2024,2,1,339250
2025,1,1,164000
2025,2,1,92000
2024,2,1,230000
2024,2,1,261000
2025,1,1,155000
2025,1,1,123500
2025,1,0,88430
2024,1,1,192400
2024,2,1,190000
2024,1,1,83600
2024,1,1,143100
2025,3,1,224000
2024,0,1,86600
2024,2,1,71000
2025,2,1,83720
2024,1,1,153075
2024,1,1,58000
2025,1,1,213200
2025,0,1,40000
2025,2,1,96300
2025,2,1,299000
2024,0,1,135000
2025,3,1,269075
2024,1,1,105600
2023,1,1,70000
2024,1,1,68000
2024,2,0,98561
2025,2,1,253000
2025,1,0,56829
2025,2,1,193000
2024,3,1,237500
2024,2,1,259000
2025,2,0,97974
2025,1,1,95000
